country,year,iso_code_energy,population_energy,gdp_energy,biofuel_cons_change_pct,biofuel_cons_change_twh,biofuel_cons_per_capita,biofuel_consumption,biofuel_elec_per_capita,biofuel_electricity,biofuel_share_elec,biofuel_share_energy,carbon_intensity_elec,coal_cons_change_pct,coal_cons_change_twh,coal_cons_per_capita,coal_consumption,coal_elec_per_capita,coal_electricity,coal_prod_change_pct,coal_prod_change_twh,coal_prod_per_capita,coal_production,coal_share_elec,coal_share_energy,electricity_demand,electricity_demand_per_capita,electricity_generation,electricity_share_energy,energy_cons_change_pct,energy_cons_change_twh,energy_per_capita_energy,energy_per_gdp_energy,fossil_cons_change_pct,fossil_cons_change_twh,fossil_elec_per_capita,fossil_electricity,fossil_energy_per_capita,fossil_fuel_consumption,fossil_share_elec,fossil_share_energy,gas_cons_change_pct,gas_cons_change_twh,gas_consumption,gas_elec_per_capita,gas_electricity,gas_energy_per_capita,gas_prod_change_pct,gas_prod_change_twh,gas_prod_per_capita,gas_production,gas_share_elec,gas_share_energy,greenhouse_gas_emissions,hydro_cons_change_pct,hydro_cons_change_twh,hydro_consumption,hydro_elec_per_capita,hydro_electricity,hydro_energy_per_capita,hydro_share_elec,hydro_share_energy,low_carbon_cons_change_pct,low_carbon_cons_change_twh,low_carbon_consumption,low_carbon_elec_per_capita,low_carbon_electricity,low_carbon_energy_per_capita,low_carbon_share_elec,low_carbon_share_energy,net_elec_imports,net_elec_imports_share_demand,nuclear_cons_change_pct,nuclear_cons_change_twh,nuclear_consumption,nuclear_elec_per_capita,nuclear_electricity,nuclear_energy_per_capita,nuclear_share_elec,nuclear_share_energy,oil_cons_change_pct,oil_cons_change_twh,oil_consumption,oil_elec_per_capita,oil_electricity,oil_energy_per_capita,oil_prod_change_pct,oil_prod_change_twh,oil_prod_per_capita,oil_production,oil_share_elec,oil_share_energy,other_renewable_consumption,other_renewable_electricity,other_renewable_exc_biofuel_electricity,other_renewables_cons_change_pct,other_renewables_cons_change_twh,other_renewables_elec_per_capita,other_renewables_elec_per_capita_exc_biofuel,other_renewables_energy_per_capita,other_renewables_share_elec,other_renewables_share_elec_exc_biofuel,other_renewables_share_energy,per_capita_electricity,primary_energy_consumption_energy,renewables_cons_change_pct,renewables_cons_change_twh,renewables_consumption,renewables_elec_per_capita,renewables_electricity,renewables_energy_per_capita,renewables_share_elec,renewables_share_energy,solar_cons_change_pct,solar_cons_change_twh,solar_consumption,solar_elec_per_capita,solar_electricity,solar_energy_per_capita,solar_share_elec,solar_share_energy,wind_cons_change_pct,wind_cons_change_twh,wind_consumption,wind_elec_per_capita,wind_electricity,wind_energy_per_capita,wind_share_elec,wind_share_energy,iso_code_co2,population_co2,gdp_co2,cement_co2,cement_co2_per_capita,co2,co2_growth_abs,co2_growth_prct,co2_including_luc,co2_including_luc_growth_abs,co2_including_luc_growth_prct,co2_including_luc_per_capita,co2_including_luc_per_gdp,co2_including_luc_per_unit_energy,co2_per_capita,co2_per_gdp,co2_per_unit_energy,coal_co2,coal_co2_per_capita,consumption_co2,consumption_co2_per_capita,consumption_co2_per_gdp,cumulative_cement_co2,cumulative_co2,cumulative_co2_including_luc,cumulative_coal_co2,cumulative_flaring_co2,cumulative_gas_co2,cumulative_luc_co2,cumulative_oil_co2,cumulative_other_co2,energy_per_capita_co2,energy_per_gdp_co2,flaring_co2,flaring_co2_per_capita,gas_co2,gas_co2_per_capita,ghg_excluding_lucf_per_capita,ghg_per_capita,land_use_change_co2,land_use_change_co2_per_capita,methane,methane_per_capita,nitrous_oxide,nitrous_oxide_per_capita,oil_co2,oil_co2_per_capita,other_co2_per_capita,other_industry_co2,primary_energy_consumption_co2,share_global_cement_co2,share_global_co2,share_global_co2_including_luc,share_global_coal_co2,share_global_cumulative_cement_co2,share_global_cumulative_co2,share_global_cumulative_co2_including_luc,share_global_cumulative_coal_co2,share_global_cumulative_flaring_co2,share_global_cumulative_gas_co2,share_global_cumulative_luc_co2,share_global_cumulative_oil_co2,share_global_cumulative_other_co2,share_global_flaring_co2,share_global_gas_co2,share_global_luc_co2,share_global_oil_co2,share_global_other_co2,share_of_temperature_change_from_ghg,temperature_change_from_ch4,temperature_change_from_co2,temperature_change_from_ghg,temperature_change_from_n2o,total_ghg,total_ghg_excluding_lucf,trade_co2,trade_co2_share,energy_per_capita_calc,co2_per_capita_calc,energy_intensity,co2_intensity,primary_energy_consumption_energy_lag1,primary_energy_consumption_energy_lag2,primary_energy_consumption_energy_lag3,co2_lag1,co2_lag2,co2_lag3,energy_intensity_lag1,energy_intensity_lag2,energy_intensity_lag3,co2_intensity_lag1,co2_intensity_lag2,co2_intensity_lag3
Brazil,1993,BRA,156794519.0,1298220843008.0,5.633,4.146,495.851,77.747,45.168,7.86,2.253,4.606,89.445,3.025,3.756,815.949,127.936,31.306,4.909,-0.612,-0.134,139.277,21.838,1.948,7.58,391.92,2252.178,252.003,20.024,4.73,78.152,11035.18,1.333,4.782,42.907,73.422,11.512,5996.768,940.26,4.568,55.71,17.143,6.351,43.395,2.475,0.388,276.761,17.143,6.351,276.761,43.395,0.154,2.571,31.21,5.248,32.561,652.958,1499.191,235.065,4164.42,93.279,38.688,4.81,33.219,747.508,1533.797,240.491,4767.435,95.432,44.29,42.99,10.969,-74.872,-3.658,1.228,2.819,0.442,7.83,0.175,0.073,4.456,32.8,768.929,39.642,6.216,4904.058,2.06,8.205,2592.087,406.425,2.466,45.559,15.575,4.984,8.82,1.107,0.171,31.786,7.895,99.333,1.978,0.233,0.923,1607.219,1730.256,5.275,36.877,746.28,1530.978,240.049,4759.604,95.256,44.217,196.796,0.0,0.0,0.0,0.0,0.0,0.0,0.0,100.0,0.0,0.0,0.0,0.0,0.0,0.0,0.0,BRA,156794574.0,1298220843008.0,10.164,0.065,244.306,10.705,4.583,1698.408,-79.73,-4.484,10.832,1.308,0.99,1.558,0.188,0.142,42.343,0.27,262.304,1.673,0.202,278.804,5419.867,80758.117,997.389,74.054,86.636,75572.406,3967.352,15.632,10825.511,1.321,7.576,0.048,8.73,0.056,2.509,13.163,1454.102,9.274,410.981,2.621,110.283,0.703,171.252,1.092,0.027,4.241,1715.203,1.841,1.074,6.125,0.498,2.01,0.618,5.241,0.215,0.829,0.095,11.312,1.334,0.623,3.241,0.217,29.235,1.858,1.962,4.476,0.014,0.03,0.046,0.002,2063.815,393.435,17.998,7.367,1.1035181657083236e-05,1.5581278979717656e-06,1.3327901869076197e-09,1.8818523929560307e-10,1652.104,1624.042,1562.972,233.601,229.394,218.658,1.3521569865017929e-09,1.3387645283622642e-09,1.3184350050933815e-09,1.9118967341269393e-10,1.8909889659204212e-10,1.8444755334305964e-10
Brazil,1994,BRA,159264962.0,1391783968768.0,7.429,5.775,524.423,83.522,45.168,7.86,2.253,4.737,89.445,2.654,3.395,824.611,131.332,31.21,4.971,11.527,2.517,152.921,24.355,1.911,7.449,391.92,2252.178,260.041,19.7,4.43,76.648,11345.27,1.298,5.114,48.089,74.67,11.892,6205.69,988.349,4.573,56.059,9.211,3.997,47.392,3.009,0.479,297.565,9.211,3.997,297.565,47.392,0.184,2.688,31.21,3.25,21.222,674.181,1523.908,242.705,4233.077,93.334,38.24,4.221,27.186,774.694,1558.085,248.148,4864.183,95.427,43.941,42.99,10.969,-87.557,-1.075,0.153,0.345,0.055,0.959,0.021,0.009,5.293,40.696,809.626,40.451,6.442,5083.514,3.702,15.047,2646.356,421.472,2.477,45.922,16.838,5.388,8.82,8.112,1.263,33.832,7.895,105.724,2.072,0.233,0.955,1632.755,1806.904,4.349,28.261,774.541,1557.74,248.093,4863.224,95.406,43.932,196.796,0.0,0.0,0.0,0.0,0.0,0.0,0.0,100.0,0.0,0.0,0.0,0.0,0.0,0.0,0.0,BRA,159265011.0,1391783968768.0,10.086,0.063,254.002,9.696,3.969,2097.899,399.491,23.521,13.172,1.507,1.166,1.595,0.183,0.141,43.667,0.274,275.678,1.731,0.198,288.89,5673.869,82856.016,1041.056,82.058,95.621,77416.305,4146.515,19.73,11174.377,1.292,8.004,0.05,8.985,0.056,2.551,15.145,1843.897,11.578,420.674,2.641,111.941,0.703,179.162,1.125,0.026,4.098,1798.857,1.711,1.105,7.264,0.51,1.998,0.63,5.278,0.22,0.888,0.101,11.487,1.352,0.724,2.543,0.221,31.309,1.937,1.894,4.526,0.015,0.031,0.047,0.002,2412.048,406.304,21.676,8.534,1.1345270028695881e-05,1.5948386805435778e-06,1.298264702387298e-09,1.8250102436863192e-10,1730.256,1652.104,1624.042,244.306,233.601,229.394,1.3327901869076197e-09,1.3521569865017929e-09,1.3387645283622642e-09,1.8818523929560307e-10,1.9118967341269393e-10,1.8909889659204212e-10
Brazil,1995,BRA,161735036.0,1468835168256.0,4.169,3.482,537.942,87.004,45.168,7.86,2.253,4.66,89.445,4.872,6.398,851.577,137.73,33.65,5.442,-1.898,-0.462,147.727,23.893,1.975,7.377,391.92,2252.178,275.601,19.696,5.873,106.127,11828.177,1.302,6.261,61.879,83.987,13.584,6493.509,1050.228,4.929,56.252,10.367,4.913,52.305,3.461,0.56,323.399,10.367,4.913,323.399,52.305,0.203,2.802,31.21,4.615,31.111,705.292,1569.883,253.905,4360.786,92.128,37.777,5.232,42.08,816.774,1620.044,262.018,5050.073,95.071,43.748,42.99,10.969,4480.0,6.844,6.997,15.575,2.519,43.263,0.914,0.375,6.246,50.567,860.193,46.876,7.581,5318.533,3.488,14.7,2696.827,436.171,2.751,46.074,17.48,5.594,8.82,3.814,0.642,34.586,7.895,108.081,2.03,0.233,0.936,1704.031,1913.031,4.489,35.235,809.776,1604.469,259.499,5006.809,94.157,43.373,196.796,0.0,0.0,0.0,0.0,0.0,0.0,0.0,100.0,0.0,0.0,0.0,0.0,0.0,0.0,0.0,BRA,161735079.0,1468835168256.0,11.528,0.071,268.678,14.676,5.778,2045.516,-52.383,-2.497,12.647,1.393,1.069,1.661,0.183,0.14,45.582,0.282,298.741,1.847,0.203,300.418,5942.547,84901.539,1086.638,89.572,105.224,79193.148,4336.861,23.834,11697.941,1.302,7.514,0.046,9.603,0.059,2.617,14.897,1776.839,10.986,427.42,2.643,113.742,0.703,190.347,1.177,0.025,4.104,1912.793,1.849,1.142,7.062,0.518,1.991,0.643,5.311,0.226,0.936,0.106,11.657,1.372,0.808,2.302,0.228,32.708,2.039,1.836,4.572,0.015,0.032,0.049,0.002,2409.293,423.201,30.063,11.189,1.182817926970374e-05,1.6612227950870096e-06,1.302413668561197e-09,1.8291909521679747e-10,1806.904,1730.256,1652.104,254.002,244.306,233.601,1.298264702387298e-09,1.3327901869076197e-09,1.3521569865017929e-09,1.8250102436863192e-10,1.8818523929560307e-10,1.9118967341269393e-10
Brazil,1996,BRA,164202497.0,1520364945408.0,3.318,2.887,547.438,89.891,45.168,7.86,2.253,4.534,89.445,3.187,4.389,865.511,142.119,36.697,6.026,-6.801,-1.625,135.611,22.268,2.069,7.169,391.92,2252.178,291.246,19.529,6.147,117.601,12366.629,1.336,7.264,76.286,99.438,16.328,6860.518,1126.514,5.606,56.826,10.176,5.323,57.627,5.933,0.974,350.954,9.278,4.853,348.092,57.158,0.334,2.907,31.21,4.659,32.863,738.155,1618.342,265.736,4495.395,91.241,37.235,4.523,39.121,855.895,1674.259,274.918,5212.436,94.394,43.174,42.99,10.969,-3.652,-0.256,6.742,14.781,2.427,41.057,0.833,0.34,7.739,66.574,926.768,56.809,9.328,5644.053,13.41,58.491,3012.515,494.662,3.203,46.75,21.102,6.753,8.82,20.719,3.622,41.124,7.895,128.513,2.319,0.233,1.064,1773.697,2030.631,4.582,39.377,849.153,1659.479,272.491,5171.379,93.56,42.834,196.796,0.0,0.0,0.0,0.0,0.0,0.0,0.0,100.0,0.006,0.006,0.012,0.002,0.034,0.001,0.0,BRA,164202549.0,1520364945408.0,13.884,0.085,289.311,20.633,7.679,1979.019,-66.498,-3.251,12.052,1.302,0.977,1.762,0.19,0.143,46.468,0.283,321.987,1.961,0.212,314.302,6231.858,86880.547,1133.106,97.393,115.832,80882.852,4543.143,28.082,12198.168,1.332,7.821,0.048,10.608,0.065,2.732,14.495,1689.708,10.29,417.847,2.545,109.234,0.665,206.281,1.256,0.026,4.248,2025.349,2.182,1.193,6.538,0.515,1.999,0.657,5.333,0.231,0.982,0.112,11.801,1.395,0.886,2.232,0.241,28.103,2.144,1.913,4.609,0.015,0.033,0.05,0.002,2380.073,448.544,32.676,11.294,1.2366626799834764e-05,1.7619154012036573e-06,1.335620770613773e-09,1.9029049628762747e-10,1913.031,1806.904,1730.256,268.678,254.002,244.306,1.302413668561197e-09,1.298264702387298e-09,1.3327901869076197e-09,1.8291909521679747e-10,1.8250102436863192e-10,1.8818523929560307e-10
Brazil,1997,BRA,166661609.0,1591956078592.0,-3.792,-3.409,518.907,86.482,45.168,7.86,2.253,4.121,89.445,0.6,0.852,857.854,142.971,43.863,7.31,17.013,3.788,156.34,26.056,2.374,6.813,391.92,2252.178,307.981,19.477,5.839,118.573,12895.617,1.35,6.989,78.73,110.741,18.456,7231.688,1205.245,5.993,57.433,8.672,4.997,62.625,7.062,1.177,375.761,8.851,5.059,373.311,62.217,0.382,2.984,31.21,4.981,36.769,774.924,1673.886,278.973,4649.683,90.581,36.927,3.07,37.384,893.279,1737.199,289.524,5359.834,94.007,42.567,42.99,10.969,30.573,2.061,8.803,19.015,3.169,52.818,1.029,0.419,7.864,72.881,999.648,59.816,9.969,5998.073,7.201,35.621,3181.797,530.283,3.237,47.636,23.059,7.379,8.82,9.274,1.957,44.275,7.895,138.36,2.396,0.233,1.099,1847.941,2149.204,2.885,35.322,884.476,1718.185,286.355,5307.016,92.978,42.148,196.796,0.0,0.0,0.0,0.0,0.0,0.0,0.0,100.0,0.006,0.011,0.024,0.004,0.067,0.001,0.001,BRA,166661663.0,1591956078592.0,15.267,0.092,306.949,17.638,6.097,2088.946,109.927,5.555,12.534,1.312,0.97,1.842,0.193,0.143,47.044,0.282,342.514,2.055,0.215,329.569,6538.807,88969.5,1180.151,105.997,127.695,82664.852,4762.975,32.42,12775.408,1.353,8.604,0.052,11.863,0.071,2.822,14.837,1781.997,10.692,427.563,2.565,111.889,0.671,219.833,1.319,0.026,4.338,2153.253,2.305,1.258,6.567,0.524,2.012,0.672,5.357,0.236,1.032,0.118,11.932,1.42,0.955,2.439,0.268,24.06,2.251,1.939,4.646,0.016,0.034,0.051,0.002,2472.712,470.327,35.565,11.587,1.2895615330342738e-05,1.8417492929972633e-06,1.3500397585722693e-09,1.9281248027362663e-10,2030.631,1913.031,1806.904,289.311,268.678,254.002,1.335620770613773e-09,1.302413668561197e-09,1.298264702387298e-09,1.9029049628762747e-10,1.8291909521679747e-10,1.8250102436863192e-10
Brazil,1998,BRA,169159594.0,1617675812864.0,-0.63,-0.545,508.025,85.937,45.168,7.86,2.253,3.93,89.445,-2.05,-2.931,827.859,140.04,41.225,6.974,-2.145,-0.559,150.728,25.497,2.167,6.405,391.92,2252.178,321.749,19.541,4.198,90.228,13238.576,1.384,4.409,53.141,115.301,19.504,7439.046,1258.386,6.062,57.553,4.801,3.007,65.632,7.809,1.321,387.986,4.752,2.957,385.277,65.173,0.411,3.002,31.21,4.48,34.713,809.637,1723.043,291.469,4786.229,90.589,37.029,3.238,34.833,928.111,1786.741,302.244,5486.601,93.938,42.447,42.99,10.969,3.029,0.267,9.069,19.301,3.265,53.615,1.015,0.415,5.308,53.066,1052.714,66.266,11.21,6223.202,15.534,82.376,3621.782,612.659,3.484,48.146,23.454,7.505,8.82,1.711,0.395,44.368,7.895,138.649,2.333,0.233,1.073,1902.042,2239.432,3.24,34.566,919.042,1767.44,298.979,5432.986,92.923,42.033,196.796,0.0,0.0,0.0,0.0,0.0,0.0,0.0,25.0,0.003,0.014,0.03,0.005,0.082,0.002,0.001,BRA,169159651.0,1617675812864.0,16.175,0.096,317.359,10.41,3.391,2337.889,248.944,11.917,13.821,1.445,1.049,1.876,0.196,0.142,45.591,0.27,349.155,2.064,0.216,345.744,6856.167,91307.383,1225.741,115.46,140.106,84685.383,4992.553,36.561,13032.864,1.378,9.463,0.056,12.411,0.073,2.898,15.808,2020.53,11.945,436.628,2.581,123.024,0.727,229.578,1.357,0.024,4.141,2229.139,2.45,1.306,7.678,0.522,2.029,0.688,5.399,0.241,1.088,0.125,12.116,1.446,1.011,2.812,0.278,32.884,2.323,1.877,4.694,0.016,0.035,0.053,0.002,2674.052,490.159,31.796,10.019,1.3238575164705032e-05,1.8760915982263293e-06,1.3843515382944478e-09,1.961820764558101e-10,2149.204,2030.631,1913.031,306.949,289.311,268.678,1.3500397585722693e-09,1.335620770613773e-09,1.302413668561197e-09,1.9281248027362663e-10,1.9029049628762747e-10,1.8291909521679747e-10
Brazil,1999,BRA,171641487.0,1645888012288.0,0.278,0.239,502.072,86.176,45.168,7.86,2.253,3.888,89.445,1.262,1.768,826.186,141.808,56.6,9.715,2.459,0.627,152.201,26.124,2.902,6.397,391.92,2252.178,334.726,20.033,1.364,30.539,13225.073,1.379,1.667,20.982,168.984,29.005,7453.723,1279.368,8.665,57.716,18.663,12.249,77.88,15.456,2.653,453.739,17.418,11.352,445.843,76.525,0.793,3.513,31.21,0.525,4.252,813.889,1707.047,293.0,4741.796,87.534,36.717,0.863,9.182,937.293,1779.028,305.355,5460.76,91.225,42.284,42.99,10.969,21.807,1.978,11.047,23.17,3.977,64.362,1.188,0.498,0.662,6.965,1059.68,96.928,16.637,6173.798,12.941,79.286,4031.34,691.945,4.97,47.805,26.175,8.376,8.82,11.602,2.721,48.799,7.895,152.498,2.502,0.233,1.181,1950.148,2269.971,0.685,7.204,926.246,1755.858,301.378,5396.398,90.037,41.786,196.796,0.0,0.0,0.0,0.0,0.0,0.0,0.0,-60.0,-0.008,0.006,0.012,0.002,0.032,0.001,0.0,BRA,171641544.0,1645888012288.0,16.439,0.096,327.256,9.897,3.119,2379.742,41.852,1.79,13.865,1.446,1.055,1.907,0.199,0.145,46.805,0.273,333.147,1.941,0.202,362.183,7183.422,93687.125,1272.546,125.583,154.175,86737.859,5228.022,40.913,12995.942,1.37,10.123,0.059,14.069,0.082,2.947,15.729,2052.486,11.958,443.736,2.585,123.907,0.722,235.468,1.372,0.025,4.352,2254.618,2.373,1.317,7.712,0.528,2.042,0.703,5.44,0.246,1.148,0.132,12.304,1.471,1.067,3.068,0.305,34.191,2.323,1.985,4.742,0.016,0.036,0.054,0.002,2699.725,505.828,5.891,1.8,1.3225071861559825e-05,1.9066246572566256e-06,1.3791770661507175e-09,1.9883248286441509e-10,2239.432,2149.204,2030.631,317.359,306.949,289.311,1.3843515382944478e-09,1.3500397585722693e-09,1.335620770613773e-09,1.961820764558101e-10,1.9281248027362663e-10,1.9029049628762747e-10
Brazil,2000,BRA,174018229.0,1739727962112.0,-12.863,-11.085,431.513,75.091,45.168,7.86,2.253,3.252,89.445,6.61,9.374,868.768,151.181,62.81,10.93,19.535,5.103,179.448,31.227,3.132,6.548,391.92,2252.178,348.93,20.051,4.154,94.284,13586.25,1.359,5.272,67.444,175.959,30.62,7739.489,1346.812,8.775,58.334,24.608,19.165,97.045,23.388,4.07,557.672,0.747,0.572,443.041,77.097,1.166,4.203,31.21,3.892,31.676,845.565,1749.242,304.4,4859.058,87.238,36.623,0.476,24.708,962.001,1829.176,318.31,5528.163,91.225,41.666,42.99,10.969,52.024,5.747,16.794,34.766,6.05,96.51,1.734,0.727,3.671,38.906,1098.586,89.761,15.62,6313.049,12.761,88.3,4483.7,780.245,4.477,47.582,24.548,7.855,8.82,-6.216,-1.627,45.141,7.895,141.066,2.251,0.233,1.063,2005.135,2364.255,-0.053,18.961,945.207,1794.41,312.26,5431.653,89.491,40.939,196.796,0.0,0.0,0.0,0.0,0.0,0.0,0.0,-50.0,-0.003,0.003,0.0,0.0,0.016,0.0,0.0,BRA,174018276.0,1739727962112.0,16.047,0.092,340.183,12.927,3.95,2193.676,-186.066,-7.819,12.606,1.261,0.931,1.955,0.196,0.144,50.46,0.29,350.307,2.013,0.201,378.23,7523.605,95880.805,1323.006,136.32,172.618,88591.359,5467.51,45.921,13400.32,1.355,10.737,0.062,18.442,0.106,2.996,14.988,1853.493,10.651,451.66,2.595,123.531,0.71,239.488,1.376,0.029,5.008,2356.764,2.216,1.333,7.121,0.548,2.049,0.718,5.47,0.252,1.208,0.142,12.473,1.495,1.134,3.094,0.388,34.99,2.332,2.315,4.78,0.017,0.037,0.055,0.002,2608.235,521.399,10.124,2.976,1.3586249058999366e-05,1.954869383949063e-06,1.3589797091781147e-09,1.9553804238854886e-10,2269.971,2239.432,2149.204,327.256,317.359,306.949,1.3791770661507175e-09,1.3843515382944478e-09,1.3500397585722693e-09,1.9883248286441509e-10,1.961820764558101e-10,1.9281248027362663e-10
Brazil,2001,BRA,176301154.0,1785513115648.0,-6.261,-4.702,399.257,70.39,51.162,9.02,2.745,3.121,105.737,-1.583,-2.393,843.942,148.788,62.847,11.08,-14.149,-4.418,152.063,26.809,3.372,6.596,366.4,2078.262,328.55,18.892,-2.546,-60.204,13068.838,1.29,2.282,30.729,211.797,37.34,7813.568,1377.541,11.365,61.071,26.603,25.817,122.862,56.267,9.92,696.887,2.128,1.641,446.611,78.738,3.019,5.447,34.74,-12.0,-105.576,739.989,1519.446,267.88,4197.301,81.534,32.806,-8.082,-83.886,878.115,1651.776,291.21,4980.766,88.635,38.929,37.85,10.33,136.173,22.65,39.445,80.998,14.28,223.735,4.346,1.749,0.665,7.305,1105.891,92.682,16.34,6272.739,4.677,36.496,4632.649,816.741,4.973,49.027,28.195,9.022,8.82,14.857,3.647,51.176,7.895,159.925,2.746,0.233,1.25,1863.573,2304.051,-10.334,-106.537,838.67,1570.778,276.93,4757.03,84.289,37.181,196.796,0.0,0.0,0.0,0.0,0.0,0.0,0.0,3390.0,0.094,0.096,0.17,0.03,0.547,0.009,0.004,BRA,176301200.0,1785513115648.0,15.227,0.086,346.166,5.983,1.759,2094.904,-98.772,-4.503,11.883,1.173,0.912,1.963,0.194,0.151,49.427,0.28,343.195,1.947,0.192,393.457,7869.771,97975.711,1372.433,148.041,195.803,90340.102,5709.305,50.732,12893.828,1.287,11.721,0.066,23.186,0.132,2.983,14.659,1748.738,9.919,464.504,2.635,127.461,0.723,241.795,1.371,0.027,4.811,2297.833,2.011,1.347,6.875,0.534,2.047,0.733,5.494,0.256,1.274,0.155,12.635,1.518,1.19,3.492,0.484,36.698,2.337,2.255,4.817,0.017,0.037,0.056,0.002,2584.388,525.819,-2.971,-0.858,1.3068836747375951e-05,1.963492023877308e-06,1.2904139318874798e-09,1.9387480101167956e-10,2364.255,2269.971,2239.432,340.183,327.256,317.359,1.3589797091781147e-09,1.3791770661507175e-09,1.3843515382944478e-09,1.9553804238854886e-10,1.9883248286441509e-10,1.961820764558101e-10
Brazil,2002,BRA,178503419.0,1861742362624.0,8.37,5.892,427.339,76.281,57.534,10.27,2.971,3.318,97.304,-3.211,-4.778,806.765,144.01,51.091,9.12,11.132,2.984,166.905,29.793,2.638,6.265,382.28,2141.584,345.72,19.699,2.061,47.484,13173.614,1.263,-0.658,-9.059,198.652,35.46,7666.419,1368.482,10.257,59.532,18.151,22.301,145.163,69.522,12.41,813.22,20.813,16.388,532.907,95.126,3.59,6.315,33.64,6.8,43.825,783.814,1602.714,286.09,4391.032,82.752,34.097,6.897,52.149,930.264,1738.118,310.26,5211.462,89.743,40.468,36.56,9.564,-3.102,-1.538,37.907,77.534,13.84,212.359,4.003,1.649,-2.404,-26.582,1079.309,78.038,13.93,6046.435,11.932,97.454,5121.446,914.196,4.029,46.952,32.094,10.27,8.82,13.829,3.899,57.535,7.895,179.796,2.971,0.233,1.396,1936.77,2351.535,7.308,53.687,892.357,1660.584,296.42,4999.103,85.74,38.819,196.796,0.0,0.0,0.0,0.0,0.0,0.0,0.0,74.785,0.071,0.167,0.336,0.06,0.936,0.017,0.007,BRA,178503483.0,1861742362624.0,14.39,0.081,347.765,1.599,0.462,2242.24,147.336,7.033,12.561,1.204,0.954,1.948,0.187,0.148,48.689,0.273,331.7,1.858,0.178,407.847,8217.536,100217.945,1421.122,159.259,225.096,92234.57,5948.524,55.688,13021.791,1.262,11.218,0.063,29.293,0.164,2.971,15.524,1894.475,10.613,486.977,2.728,132.59,0.743,239.219,1.34,0.028,4.956,2350.13,1.833,1.323,7.14,0.503,2.039,0.748,5.522,0.261,1.333,0.171,12.808,1.539,1.243,3.456,0.593,36.943,2.315,2.291,4.86,0.017,0.038,0.058,0.002,2771.022,530.314,-16.065,-4.62,1.3173613218019014e-05,1.9482252903714937e-06,1.2630829309194373e-09,1.867954487052917e-10,2304.051,2364.255,2269.971,346.166,340.183,327.256,1.2904139318874798e-09,1.3589797091781147e-09,1.3791770661507175e-09,1.9387480101167956e-10,1.9553804238854886e-10,1.9883248286441509e-10
Brazil,2003,BRA,180622646.0,1904932683776.0,-4.67,-3.562,402.603,72.719,66.105,11.94,3.277,3.119,90.672,3.756,5.408,827.242,149.419,49.883,9.01,-8.716,-2.597,150.569,27.196,2.473,6.41,402.58,2228.846,364.39,20.757,1.48,34.799,13211.71,1.253,-1.217,-16.657,184.971,33.41,7484.252,1351.825,9.169,57.989,11.925,17.31,162.473,72.582,13.11,899.516,8.636,8.215,572.138,103.341,3.598,6.97,33.04,6.824,48.927,832.741,1692.036,305.62,4610.392,83.872,35.722,4.438,49.071,979.335,1832.439,330.98,5421.996,90.831,42.011,38.19,9.486,-3.455,-1.509,36.398,73.966,13.36,201.513,3.666,1.561,-3.648,-39.375,1039.934,62.506,11.29,5757.494,3.7,33.824,5248.617,948.019,3.098,44.61,37.311,11.939,8.82,16.254,5.217,66.102,7.895,206.568,3.277,0.233,1.601,2017.41,2386.334,4.731,50.58,942.937,1758.473,317.62,5220.483,87.165,40.449,196.796,0.0,0.0,0.0,0.0,0.0,0.0,0.0,0.0,-0.001,0.166,0.332,0.06,0.92,0.016,0.007,BRA,180622688.0,1904932683776.0,13.096,0.073,344.645,-3.12,-0.897,3149.882,907.642,40.479,17.439,1.654,1.315,1.908,0.181,0.144,51.933,0.288,324.055,1.794,0.17,420.943,8562.181,103367.828,1473.055,170.458,256.015,95039.805,6180.958,60.752,13111.923,1.257,11.199,0.062,30.919,0.171,2.965,18.97,2805.237,15.531,509.06,2.818,137.639,0.762,232.434,1.287,0.028,5.064,2394.621,1.516,1.246,9.334,0.494,2.017,0.76,5.592,0.265,1.387,0.187,13.087,1.557,1.292,3.251,0.604,46.172,2.192,2.291,4.923,0.018,0.04,0.06,0.002,3426.338,535.491,-20.59,-5.974,1.3211709898215014e-05,1.9080936277506735e-06,1.2527130330242198e-09,1.8092240368139257e-10,2351.535,2304.051,2364.255,347.765,346.166,340.183,1.2630829309194373e-09,1.2904139318874798e-09,1.3589797091781147e-09,1.867954487052917e-10,1.9387480101167956e-10,1.9553804238854886e-10
Brazil,2004,BRA,182675086.0,2038447996928.0,11.321,8.232,443.146,80.952,68.537,12.52,3.231,3.308,101.783,4.844,7.238,857.571,156.657,56.767,10.37,15.965,4.342,172.646,31.538,2.676,6.402,424.87,2325.823,387.49,20.926,4.905,117.039,13703.963,1.228,5.469,73.937,232.654,42.5,7804.909,1425.762,10.968,58.27,18.927,30.752,193.225,105.433,19.26,1057.751,9.983,10.317,622.185,113.658,4.97,7.897,39.44,4.967,36.627,869.368,1756.123,320.8,4759.096,82.789,35.53,5.51,41.726,1021.061,1888.544,344.99,5589.493,89.032,41.73,37.38,8.798,-13.078,-4.932,31.466,63.555,11.61,172.252,2.996,1.286,3.457,35.947,1075.881,70.453,12.87,5889.586,-0.749,-7.104,5150.756,940.915,3.321,43.971,39.11,12.515,8.82,4.821,1.799,68.51,7.895,214.094,3.23,0.233,1.598,2121.198,2503.373,6.146,46.658,989.595,1824.989,333.38,5417.241,86.036,40.444,196.796,0.0,0.0,0.0,0.0,0.0,0.0,0.0,0.0,-0.001,0.165,0.328,0.06,0.905,0.015,0.007,BRA,182675143.0,2038447996928.0,13.273,0.073,361.434,16.789,4.871,2560.971,-588.911,-18.696,14.019,1.256,1.02,1.979,0.177,0.144,53.833,0.295,336.392,1.841,0.165,434.216,8923.615,105928.805,1526.888,181.298,294.23,97239.344,6420.726,66.257,13593.7,1.232,10.84,0.059,38.215,0.209,3.071,16.664,2199.537,12.041,533.211,2.919,146.153,0.8,239.768,1.313,0.03,5.505,2511.056,1.471,1.262,7.524,0.495,1.995,0.772,5.627,0.27,1.435,0.207,13.291,1.574,1.343,3.164,0.723,40.702,2.18,2.377,4.97,0.018,0.041,0.061,0.002,3044.124,560.981,-25.042,-6.929,1.3703965082572816e-05,1.978561472920254e-06,1.2280779317268115e-09,1.7730842314579106e-10,2386.334,2351.535,2304.051,344.645,347.765,346.166,1.2527130330242198e-09,1.2630829309194373e-09,1.2904139318874798e-09,1.8092240368139257e-10,1.867954487052917e-10,1.9387480101167956e-10
Brazil,2005,BRA,184688047.0,2129214439424.0,5.234,4.237,461.259,85.189,73.854,13.64,3.384,3.396,98.891,-3.557,-5.572,818.053,151.085,57.827,10.68,4.861,1.533,179.065,33.071,2.65,6.023,442.11,2393.82,403.07,21.293,2.624,65.69,13910.281,1.207,1.468,20.937,227.573,42.03,7833.203,1446.699,10.427,57.674,4.164,8.046,201.271,101.847,18.81,1089.79,-1.094,-1.243,608.672,112.414,4.667,8.024,39.86,5.193,37.774,907.142,1827.189,337.46,4911.752,83.722,36.164,4.766,40.646,1061.707,1954.864,361.04,5748.652,89.573,42.326,39.04,8.83,-15.124,-4.974,26.492,53.333,9.85,143.442,2.444,1.056,1.716,18.463,1094.343,67.898,12.54,5925.36,9.984,93.939,5603.253,1034.854,3.111,43.627,42.635,13.643,8.82,9.013,3.525,73.871,7.895,230.847,3.385,0.233,1.7,2182.437,2569.063,5.324,45.62,1035.215,1901.531,351.19,5605.21,87.129,41.27,196.796,0.0,0.0,0.0,0.0,0.0,0.0,0.0,52.295,0.084,0.25,0.487,0.09,1.352,0.022,0.01,BRA,184688101.0,2129214439424.0,14.349,0.078,364.371,2.937,0.813,2279.558,-281.413,-10.989,12.343,1.071,0.885,1.973,0.171,0.141,50.948,0.276,349.916,1.895,0.164,448.565,9287.986,108208.359,1577.836,195.175,333.85,99154.523,6660.947,71.613,13792.465,1.21,13.877,0.075,39.619,0.215,3.045,15.41,1915.187,10.37,536.834,2.907,146.123,0.791,240.221,1.301,0.029,5.356,2576.396,1.482,1.23,6.606,0.441,1.973,0.784,5.645,0.273,1.503,0.226,13.463,1.589,1.384,3.989,0.733,39.158,2.163,2.211,5.006,0.019,0.042,0.063,0.002,2845.96,562.385,-14.455,-3.967,1.3910282997361416e-05,1.972899163655367e-06,1.2065778591540029e-09,1.7112931100475275e-10,2503.373,2386.334,2351.535,361.434,344.645,347.765,1.2280779317268115e-09,1.2527130330242198e-09,1.2630829309194373e-09,1.7730842314579106e-10,1.8092240368139257e-10,1.867954487052917e-10
Brazil,2006,BRA,186653053.0,2240805339136.0,-3.884,-3.309,438.678,81.881,79.559,14.85,3.54,3.174,95.959,-1.397,-2.111,798.133,148.974,56.093,10.47,-0.089,-0.029,177.022,33.042,2.496,5.774,460.61,2467.733,419.45,21.609,2.823,72.52,14152.367,1.179,2.412,34.891,223.998,41.81,7937.667,1481.59,9.968,57.428,5.18,10.427,211.698,97.829,18.26,1134.178,2.109,2.37,614.963,114.785,4.353,8.206,40.25,3.363,25.493,932.635,1868.708,348.8,4996.623,83.157,36.15,2.977,36.61,1098.318,2023.219,377.64,5884.273,90.032,42.572,41.16,8.936,39.565,10.284,36.776,73.666,13.75,197.027,3.278,1.425,2.428,26.575,1120.918,70.077,13.08,6005.355,5.68,58.779,5859.175,1093.633,3.118,43.448,46.393,14.846,8.82,8.815,3.758,79.536,7.895,248.55,3.539,0.233,1.798,2247.218,2641.583,2.151,26.326,1061.542,1949.553,363.89,5687.246,86.754,41.147,196.796,0.0,0.0,0.0,0.0,0.0,0.0,0.0,155.113,0.384,0.634,1.286,0.24,3.395,0.057,0.025,BRA,186653099.0,2240805339136.0,15.44,0.083,368.871,4.5,1.235,2091.557,-188.001,-8.247,11.206,0.933,0.79,1.976,0.165,0.139,50.838,0.272,359.236,1.925,0.16,464.005,9656.857,110299.922,1628.674,208.057,375.902,100877.211,6903.196,77.023,14020.683,1.181,12.882,0.069,42.053,0.225,3.051,14.527,1722.686,9.229,533.372,2.858,143.157,0.767,242.249,1.298,0.029,5.41,2647.395,1.462,1.204,5.816,0.417,1.95,0.794,5.648,0.276,1.561,0.246,13.598,1.604,1.419,3.707,0.757,32.308,2.159,2.139,5.032,0.019,0.043,0.064,0.002,2711.471,569.505,-9.635,-2.612,1.4152369637371995e-05,1.9762382836193787e-06,1.1788542957589214e-09,1.6461537000006778e-10,2569.063,2503.373,2386.334,364.371,361.434,344.645,1.2065778591540029e-09,1.2280779317268115e-09,1.2527130330242198e-09,1.7112931100475275e-10,1.7730842314579106e-10,1.8092240368139257e-10
Brazil,2007,BRA,188552256.0,2405626806272.0,31.998,26.2,573.212,108.08,95.782,18.06,4.057,3.936,90.913,5.973,8.898,837.284,157.872,53.46,10.08,2.943,0.972,180.396,34.014,2.264,5.75,483.98,2566.822,445.15,21.557,6.396,168.961,14905.913,1.168,4.742,70.254,212.461,40.06,8230.313,1551.844,8.999,56.519,2.985,6.319,218.016,82.205,15.5,1156.265,0.691,0.793,612.972,115.577,3.482,7.94,40.47,7.227,62.086,994.721,1983.641,374.02,5275.573,84.021,36.228,11.675,95.54,1193.858,2148.423,405.09,6331.708,91.001,43.481,38.83,8.023,-10.21,-3.931,32.845,65.499,12.35,174.196,2.774,1.196,4.91,55.038,1175.956,76.796,14.48,6236.765,1.416,15.482,5882.266,1109.115,3.253,42.829,56.448,18.063,8.82,21.675,10.056,95.801,7.895,299.377,4.058,0.233,2.056,2360.884,2810.543,12.35,99.471,1161.013,2082.924,392.74,6157.511,88.226,42.285,196.796,0.0,0.0,0.0,0.0,0.0,0.0,0.0,179.655,1.129,1.763,3.5,0.66,9.349,0.148,0.064,BRA,188552310.0,2405626806272.0,17.2,0.091,390.573,21.702,5.883,1906.509,-185.048,-8.847,10.111,0.793,0.677,2.071,0.162,0.139,54.989,0.292,392.872,2.084,0.163,481.205,10047.431,112206.43,1683.663,221.526,419.148,102393.148,7159.199,82.689,14770.351,1.171,13.469,0.071,43.246,0.229,3.149,13.864,1515.936,8.04,532.185,2.822,156.032,0.828,256.003,1.358,0.03,5.666,2817.879,1.517,1.239,5.277,0.43,1.93,0.806,5.641,0.279,1.62,0.264,13.718,1.621,1.454,3.924,0.751,32.994,2.275,2.182,5.051,0.019,0.043,0.065,0.002,2614.047,593.747,2.299,0.589,1.4905910221514321e-05,2.071430469348256e-06,1.1683204529781154e-09,1.6235810100789115e-10,2641.583,2569.063,2503.373,368.871,364.371,361.434,1.1788542957589214e-09,1.2065778591540029e-09,1.2280779317268115e-09,1.6461537000006778e-10,1.7112931100475275e-10,1.7730842314579106e-10
Brazil,2008,BRA,190367242.0,2559842713600.0,37.02,40.012,777.93,148.092,103.957,19.79,4.273,5.159,113.628,1.432,2.261,841.176,160.132,62.826,11.96,11.324,3.852,198.91,37.866,2.582,5.578,505.39,2654.816,463.18,21.071,4.476,125.81,15424.68,1.147,6.044,93.79,308.246,58.68,8644.521,1645.634,12.669,57.327,17.702,38.592,256.609,151.181,28.78,1347.968,24.385,28.183,755.176,143.761,6.214,8.939,52.63,-1.192,-19.638,975.083,1941.3,369.56,5122.115,79.788,33.968,7.681,31.127,1224.985,2124.84,404.5,6434.852,87.331,42.673,42.21,8.352,13.108,4.011,36.856,73.384,13.97,193.607,3.016,1.284,4.502,52.937,1228.893,94.239,17.94,6455.378,3.935,43.641,6055.431,1152.756,3.873,42.809,61.832,19.786,8.82,9.538,5.384,103.937,7.895,324.804,4.272,0.233,2.154,2433.087,2936.354,7.547,27.116,1188.129,2051.456,390.53,6241.245,84.315,41.389,196.796,0.0,0.0,0.0,0.0,0.0,0.0,0.0,78.49,1.359,3.121,6.199,1.18,16.397,0.255,0.109,BRA,190367297.0,2559842713600.0,18.884,0.099,412.638,22.065,5.649,1759.048,-147.461,-7.735,9.24,0.687,0.598,2.168,0.161,0.14,55.315,0.291,443.162,2.328,0.173,500.089,10460.067,113965.477,1738.979,235.733,470.451,103739.562,7426.438,88.379,15255.087,1.148,14.207,0.075,51.303,0.269,3.235,13.422,1346.411,7.073,530.54,2.787,149.057,0.783,267.239,1.404,0.03,5.69,2939.233,1.644,1.287,4.76,0.419,1.918,0.818,5.625,0.282,1.683,0.286,13.808,1.64,1.486,4.244,0.866,27.589,2.386,2.189,5.064,0.02,0.044,0.067,0.002,2555.072,615.887,30.524,7.397,1.5424681101383945e-05,2.167588690404097e-06,1.1470837580760961e-09,1.6119662267049686e-10,2810.543,2641.583,2569.063,390.573,368.871,364.371,1.1683204529781154e-09,1.1788542957589214e-09,1.2065778591540029e-09,1.6235810100789115e-10,1.6461537000006778e-10,1.7112931100475275e-10
Brazil,2009,BRA,192079912.0,2589568270336.0,8.561,12.679,837.001,160.771,119.117,22.88,4.908,5.627,87.372,-19.312,-30.925,672.674,129.207,51.905,9.97,-6.505,-2.463,184.313,35.403,2.139,4.522,506.15,2635.101,466.17,21.678,-0.369,-10.834,15230.744,1.13,-5.105,-84.007,198.355,38.1,8130.088,1561.627,8.173,54.653,-19.455,-49.923,206.686,69.398,13.33,1076.042,-14.602,-20.991,639.158,122.769,2.859,7.233,40.73,5.799,51.133,1026.215,2035.559,390.99,5342.648,83.873,35.915,6.559,70.746,1295.731,2228.604,428.07,6745.791,91.827,45.347,39.98,7.899,-7.242,-2.849,34.008,67.472,12.96,177.051,2.78,1.19,-0.257,-3.159,1225.733,77.051,14.8,6381.372,6.928,79.86,6417.203,1232.616,3.175,42.897,71.487,22.876,8.82,15.615,9.655,119.096,7.895,372.174,4.907,0.233,2.502,2426.959,2925.52,6.917,73.594,1261.723,2161.132,415.11,6568.74,89.047,44.157,196.796,0.0,0.0,0.0,0.0,0.0,0.0,0.0,4.649,0.128,3.249,6.456,1.24,16.917,0.266,0.114,BRA,192079956.0,2589568270336.0,19.031,0.099,389.775,-22.863,-5.541,1519.997,-239.051,-13.59,7.913,0.587,0.521,2.029,0.151,0.134,43.586,0.227,413.778,2.154,0.16,519.12,10849.843,115485.477,1782.565,254.167,511.409,104869.789,7689.143,93.439,15004.24,1.127,18.434,0.096,40.959,0.213,3.057,12.362,1130.222,5.884,529.17,2.755,144.564,0.753,262.705,1.368,0.026,5.06,2918.588,1.61,1.236,4.129,0.334,1.904,0.828,5.598,0.283,1.773,0.3,13.861,1.658,1.509,5.579,0.708,21.43,2.398,2.073,5.071,0.02,0.045,0.068,0.002,2374.529,587.231,24.003,6.158,1.5230744170686544e-05,2.029233076250798e-06,1.129732717809525e-09,1.5051736788133651e-10,2936.354,2810.543,2641.583,412.638,390.573,368.871,1.1470837580760961e-09,1.1683204529781154e-09,1.1788542957589214e-09,1.6119662267049686e-10,1.6235810100789115e-10,1.6461537000006778e-10
Brazil,2010,BRA,193701879.0,2820492492800.0,5.018,8.067,871.638,168.838,164.893,31.94,6.192,5.418,114.153,30.177,38.99,868.332,168.198,58.285,11.29,-10.217,-3.617,164.096,31.786,2.189,5.397,550.45,2841.738,515.8,21.721,8.997,263.215,16462.074,1.131,12.309,192.218,329.733,63.87,9054.352,1753.845,12.383,56.281,33.423,69.082,275.768,188.331,36.48,1423.671,22.348,27.436,775.447,150.206,7.073,8.849,58.88,3.146,24.019,1050.234,2082.014,403.29,5421.909,78.187,33.702,5.424,66.65,1362.381,2333.121,451.93,7033.389,87.617,43.719,34.65,6.295,12.087,3.813,37.821,74.961,14.52,195.252,2.815,1.214,6.865,84.146,1309.879,83.117,16.1,6762.347,5.335,65.758,6702.949,1298.374,3.121,42.034,99.82,31.942,8.82,39.633,28.333,164.905,7.895,515.328,6.193,0.233,3.203,2662.855,3188.735,5.274,62.837,1324.56,2258.161,437.41,6838.136,84.802,42.505,196.796,0.0,0.0,0.0,0.0,0.0,0.0,0.0,75.812,2.419,5.668,11.254,2.18,29.262,0.423,0.182,BRA,193701931.0,2820492492800.0,21.288,0.11,440.269,50.494,12.955,1443.259,-76.739,-5.049,7.451,0.512,0.453,2.273,0.156,0.138,56.688,0.293,484.791,2.503,0.172,540.408,11290.112,116928.734,1839.253,269.381,566.458,105872.773,7975.223,99.389,16220.931,1.129,15.214,0.079,55.049,0.284,3.345,12.153,1002.99,5.178,552.001,2.85,162.681,0.84,286.08,1.477,0.031,5.95,3185.037,1.685,1.32,3.716,0.406,1.895,0.84,5.563,0.286,1.835,0.321,13.893,1.679,1.544,4.458,0.884,18.276,2.526,2.417,5.076,0.02,0.046,0.069,0.003,2354.155,647.911,44.522,10.112,1.6462075724107888e-05,2.272920036094001e-06,1.1305596480543839e-09,1.5609649773005771e-10,2925.52,2936.354,2810.543,389.775,412.638,390.573,1.129732717809525e-09,1.1470837580760961e-09,1.1683204529781154e-09,1.5051736788133651e-10,1.6119662267049686e-10,1.6235810100789115e-10
Brazil,2011,BRA,195284687.0,2968454955008.0,-8.344,-14.088,792.432,154.75,167.089,32.63,6.136,4.775,99.763,6.823,11.475,920.057,179.673,64.521,12.6,0.081,0.026,162.898,31.811,2.369,5.544,567.65,2906.782,531.76,21.608,4.001,127.589,16981.994,1.117,4.164,73.032,268.531,52.44,9354.943,1826.877,9.862,56.37,-0.339,-0.934,274.834,128.53,25.1,1407.352,14.689,22.064,882.146,172.27,4.72,8.48,53.05,6.21,59.437,1109.671,2193.362,428.33,5682.324,80.549,34.24,2.143,51.581,1413.962,2454.468,479.32,7240.516,90.138,43.63,35.89,6.323,7.824,2.748,40.568,80.191,15.66,207.739,2.945,1.252,4.771,62.49,1372.37,75.48,14.74,7027.535,2.138,27.762,6790.78,1326.135,2.772,42.346,101.966,32.629,8.82,2.15,2.146,167.084,7.895,522.139,6.136,0.233,3.146,2722.999,3316.323,2.007,48.834,1373.394,2374.277,463.66,7032.776,87.193,42.378,196.796,0.0,0.0,0.0,0.0,0.0,0.0,0.0,24.268,1.339,7.007,13.826,2.7,35.882,0.508,0.216,BRA,195284736.0,2968454955008.0,22.845,0.117,462.58,22.311,5.068,1462.667,19.409,1.345,7.49,0.493,0.444,2.369,0.156,0.14,62.292,0.319,519.31,2.659,0.175,563.253,11752.692,118391.398,1901.545,283.501,619.559,106872.867,8279.108,105.726,16629.84,1.11,14.12,0.072,53.101,0.272,3.423,11.938,1000.087,5.121,550.328,2.818,160.297,0.821,303.885,1.556,0.032,6.337,3295.79,1.681,1.341,3.677,0.423,1.885,0.852,5.528,0.289,1.885,0.338,13.927,1.702,1.575,3.93,0.828,18.947,2.675,2.304,5.074,0.021,0.047,0.07,0.003,2331.277,668.521,56.73,12.264,1.6981992039140185e-05,2.36874632126905e-06,1.1171882512163848e-09,1.5583190818496126e-10,3188.735,2925.52,2936.354,440.269,389.775,412.638,1.1305596480543839e-09,1.129732717809525e-09,1.1470837580760961e-09,1.5609649773005771e-10,1.5051736788133651e-10,1.6119662267049686e-10
Brazil,2012,BRA,196876061.0,3025484382208.0,-4.529,-7.009,750.427,147.741,181.688,35.77,6.474,4.429,128.344,-1.043,-1.873,903.105,177.8,73.498,14.47,6.716,2.136,172.433,33.948,2.619,5.33,592.76,3010.828,552.5,21.486,2.775,92.011,17312.084,1.127,6.823,124.653,407.871,80.3,9912.481,1951.53,14.534,58.501,18.532,50.931,325.765,237.51,46.76,1654.672,15.127,26.059,1007.377,198.328,8.463,9.766,70.91,-3.033,-39.201,1070.469,2109.652,415.34,5437.276,75.175,32.09,-2.23,-29.628,1384.334,2398.463,472.2,7031.5,85.466,41.499,40.26,6.792,2.42,0.768,41.336,81.473,16.04,209.96,2.903,1.239,5.508,75.595,1447.965,96.863,19.07,7354.704,-1.456,-19.313,6637.794,1306.823,3.452,43.406,111.768,35.766,8.82,9.613,9.802,181.666,7.895,567.706,6.473,0.233,3.35,2806.334,3408.335,-2.347,-30.396,1342.998,2316.991,456.16,6821.54,82.563,40.259,196.796,0.004,0.004,0.0,0.0,0.021,0.0,0.0,86.707,6.008,13.015,25.651,5.05,66.11,0.914,0.39,BRA,196876114.0,3025484382208.0,24.998,0.127,498.309,35.729,7.724,1647.961,185.294,12.668,8.371,0.545,0.486,2.531,0.165,0.147,61.016,0.31,553.615,2.812,0.183,588.251,12251.001,120039.359,1962.562,298.262,682.955,108022.516,8606.843,112.129,16963.494,1.121,14.761,0.075,63.397,0.322,3.594,12.353,1149.652,5.839,552.967,2.809,161.812,0.822,327.734,1.665,0.033,6.403,3392.321,1.792,1.424,4.054,0.409,1.881,0.867,5.501,0.292,1.935,0.36,13.974,1.729,1.604,3.915,0.968,20.341,2.851,2.314,5.073,0.021,0.047,0.071,0.003,2432.073,707.636,55.306,11.099,1.7312084479382094e-05,2.5310790114437013e-06,1.1265419250032933e-09,1.6470387450367e-10,3316.323,3188.735,2925.52,462.58,440.269,389.775,1.1171882512163848e-09,1.1305596480543839e-09,1.129732717809525e-09,1.5583190818496126e-10,1.5609649773005771e-10,1.5051736788133651e-10
Brazil,2013,BRA,198478236.0,3116394610688.0,16.904,24.974,870.195,172.715,206.421,40.97,7.177,5.035,167.843,7.788,13.847,965.581,191.647,110.692,21.97,24.205,8.217,212.442,42.165,3.849,5.586,611.16,3079.229,570.83,21.14,2.717,92.62,17638.986,1.123,6.25,121.962,588.679,116.84,10446.952,2073.493,20.468,60.442,17.823,58.062,383.828,347.645,69.0,1933.853,10.673,21.167,1105.894,219.496,12.088,11.188,95.81,-5.863,-70.49,999.98,1969.939,390.99,5038.233,68.495,29.149,1.092,-27.259,1357.075,2287.354,453.99,6837.399,79.532,39.558,40.33,6.599,-3.671,-1.823,39.513,77.842,15.45,199.081,2.707,1.152,3.457,50.053,1498.018,130.342,25.87,7547.518,-1.97,-25.745,6454.5,1281.078,4.532,43.667,128.037,40.972,8.82,14.556,16.269,206.43,7.895,645.094,7.178,0.233,3.732,2876.033,3500.955,1.219,-25.436,1317.562,2209.512,438.54,6638.318,76.825,38.407,196.796,0.008,0.012,0.0,0.0,0.062,0.0,0.0,30.215,3.803,16.818,33.152,6.58,84.735,1.153,0.49,BRA,198478291.0,3116394610688.0,26.652,0.134,532.418,34.109,6.845,1744.983,97.022,5.887,8.792,0.56,0.502,2.682,0.171,0.153,65.604,0.331,591.249,2.979,0.19,614.903,12783.419,121784.344,2028.166,314.896,757.659,109235.078,8949.181,118.615,17221.439,1.115,16.634,0.084,74.704,0.376,3.76,12.346,1212.565,6.109,553.942,2.791,161.388,0.813,342.338,1.725,0.033,6.486,3473.939,1.832,1.508,4.317,0.437,1.879,0.882,5.479,0.295,1.993,0.386,14.038,1.756,1.628,4.317,1.134,23.701,2.957,2.202,5.073,0.022,0.048,0.072,0.003,2450.492,746.33,58.83,11.05,1.763898687612269e-05,2.6824999213641824e-06,1.1233991318022147e-09,1.7084421792221596e-10,3408.335,3316.323,3188.735,498.309,462.58,440.269,1.1265419250032933e-09,1.1171882512163848e-09,1.1305596480543839e-09,1.6470387450367e-10,1.5583190818496126e-10,1.5609649773005771e-10
Brazil,2014,BRA,200085074.0,3132099919872.0,9.678,16.715,946.746,189.43,235.3,47.08,7.972,5.4,192.939,6.326,12.123,1018.415,203.77,134.443,26.9,-0.802,-0.338,209.046,41.827,4.555,5.808,624.33,3120.323,590.55,21.177,2.133,74.68,17870.574,1.142,3.745,77.643,711.797,142.42,10751.104,2151.135,24.117,61.318,5.921,22.727,406.555,405.178,81.07,2031.909,6.37,13.981,1166.887,233.477,13.728,11.589,113.94,-4.489,-49.753,950.227,1866.406,373.44,4749.113,63.236,27.086,1.73,-0.055,1357.02,2239.697,448.13,6782.215,75.883,38.682,33.78,5.411,-0.461,-0.382,39.131,76.867,15.38,195.572,2.604,1.115,2.857,42.793,1540.811,172.177,34.45,7700.779,11.168,143.07,7117.711,1424.148,5.834,43.921,147.122,47.079,8.82,14.906,19.085,235.296,7.895,735.299,7.972,0.233,4.194,2951.494,3575.635,1.786,0.327,1317.889,2162.83,432.75,6586.644,73.279,37.566,235.485,0.029,0.041,0.1,0.02,0.205,0.003,0.001,85.683,14.251,31.069,61.024,12.21,155.281,2.068,0.886,BRA,200085126.0,3132099919872.0,26.908,0.134,557.901,25.483,4.786,1789.292,44.309,2.539,8.943,0.571,0.502,2.788,0.178,0.157,69.034,0.345,612.419,3.061,0.196,641.811,13341.32,123573.633,2097.2,332.538,838.945,110466.477,9305.934,124.893,17519.043,1.138,17.642,0.088,81.286,0.406,3.882,12.372,1231.391,6.154,561.272,2.805,168.098,0.84,356.753,1.783,0.031,6.278,3564.418,1.791,1.574,4.381,0.46,1.875,0.899,5.46,0.299,2.054,0.414,14.099,1.786,1.646,4.562,1.226,22.82,3.074,2.056,5.072,0.022,0.049,0.074,0.003,2475.536,776.718,54.518,9.772,1.7870573394195223e-05,2.788318208121063e-06,1.1416094925049922e-09,1.7812362768516012e-10,3500.955,3408.335,3316.323,532.418,498.309,462.58,1.1233991318022147e-09,1.1265419250032933e-09,1.1171882512163848e-09,1.7084421792221596e-10,1.6470387450367e-10,1.5583190818496126e-10
Brazil,2015,BRA,201675482.0,3021043138560.0,16.967,32.141,1098.652,221.571,247.328,49.88,8.582,6.386,188.638,0.594,1.211,1016.39,204.981,133.779,26.98,-19.19,-8.026,167.598,33.8,4.642,5.908,615.64,3052.627,581.22,21.082,-1.124,-40.197,17530.332,1.17,-2.87,-61.745,670.285,135.18,10360.158,2089.39,23.258,60.217,5.611,22.811,429.365,394.148,79.49,2128.992,1.957,4.568,1180.337,238.045,13.676,12.374,109.64,-3.668,-39.485,910.741,1783.757,359.74,4515.875,61.894,26.248,4.715,23.368,1380.388,2211.672,446.04,6844.599,76.742,39.783,34.42,5.591,-4.19,-1.829,37.302,73.038,14.73,184.959,2.534,1.075,-5.566,-85.767,1455.043,142.357,28.71,7214.776,7.953,113.255,7623.154,1537.403,4.94,41.935,155.876,49.88,8.82,5.95,8.754,247.33,7.895,772.905,8.582,0.233,4.492,2881.957,3535.438,4.935,25.197,1343.086,2138.634,431.31,6659.64,74.208,38.708,266.361,0.108,0.149,0.298,0.06,0.74,0.01,0.004,77.111,23.679,54.749,107.252,21.63,271.469,3.721,1.578,BRA,201675534.0,3021043138560.0,25.082,0.124,529.353,-28.548,-5.117,1778.048,-11.244,-0.628,8.816,0.589,0.506,2.625,0.175,0.151,69.452,0.344,548.048,2.717,0.181,666.893,13870.673,125351.68,2166.651,350.142,919.409,111715.164,9636.293,131.285,17140.15,1.164,17.604,0.087,80.465,0.399,3.734,12.195,1248.695,6.192,570.865,2.831,165.859,0.822,330.359,1.638,0.032,6.392,3516.957,1.728,1.495,4.343,0.474,1.869,0.913,5.44,0.302,2.113,0.439,14.158,1.808,1.663,4.584,1.189,22.574,2.792,2.105,5.071,0.022,0.05,0.075,0.003,2459.342,753.095,18.695,3.532,1.7530331227868257e-05,2.624775497061519e-06,1.1702706111257946e-09,1.7522192690446635e-10,3575.635,3500.955,3408.335,557.901,532.418,498.309,1.1416094925049922e-09,1.1233991318022147e-09,1.1265419250032933e-09,1.7812362768516012e-10,1.7084421792221596e-10,1.6470387450367e-10
Brazil,2016,BRA,203218058.0,2922076176384.0,-9.0,-19.942,992.182,201.629,252.586,51.33,8.867,5.967,149.648,-9.675,-19.831,911.089,185.15,126.318,25.67,-7.848,-2.653,153.272,31.148,4.434,5.48,619.68,3049.335,578.89,22.104,-2.375,-83.984,16983.994,1.181,-7.36,-153.781,478.353,97.21,9524.787,1935.609,16.792,57.285,-13.622,-58.487,370.879,277.928,56.48,1825.029,1.34,3.191,1187.078,241.236,9.757,10.976,86.63,5.884,46.321,957.063,1874.391,380.91,4709.536,65.8,28.324,2.352,62.942,1443.33,2370.262,481.68,7102.371,83.208,42.715,40.79,6.582,7.671,2.559,39.86,78.044,15.86,196.145,2.74,1.18,-5.186,-75.463,1379.58,74.108,15.06,6788.669,3.415,52.5,7823.631,1589.903,2.602,40.829,160.421,51.335,8.82,2.916,4.545,252.609,7.895,789.403,8.868,0.233,4.748,2848.615,3451.454,2.232,60.384,1403.47,2292.218,465.82,6906.227,80.468,41.536,44.712,0.065,0.214,0.443,0.09,1.054,0.016,0.006,54.857,29.394,84.143,164.798,33.49,414.052,5.785,2.49,BRA,203218108.0,2922076176384.0,22.415,0.11,492.748,-36.605,-6.915,1642.293,-135.755,-7.635,8.081,0.562,0.479,2.425,0.169,0.144,63.831,0.314,487.699,2.4,0.167,689.308,14363.422,126993.977,2230.482,367.647,989.075,112864.703,9949.232,137.677,16591.764,1.175,17.505,0.086,69.666,0.343,3.531,11.433,1149.545,5.657,574.77,2.828,164.895,0.811,312.939,1.54,0.031,6.392,3432.165,1.504,1.391,4.124,0.445,1.854,0.923,5.417,0.305,2.17,0.457,14.224,1.826,1.68,4.68,1.002,26.089,2.616,2.127,5.07,0.023,0.05,0.076,0.003,2323.365,717.539,-5.049,-1.025,1.6983992633174276e-05,2.4247248675300016e-06,1.1811649634237436e-09,1.6862941629734102e-10,3535.438,3575.635,3500.955,529.353,557.901,532.418,1.1702706111257946e-09,1.1416094925049922e-09,1.1233991318022147e-09,1.7522192690446635e-10,1.7812362768516012e-10,1.7084421792221596e-10
Brazil,2017,BRA,204703394.0,2960731668480.0,2.173,4.381,1006.385,206.01,258.472,52.91,8.978,6.048,155.875,5.469,10.125,953.94,195.275,111.625,22.85,-18.682,-5.819,123.734,25.329,3.877,5.733,625.67,3056.471,589.32,22.245,0.758,26.175,16988.623,1.175,1.283,24.839,520.558,106.56,9577.014,1960.447,18.082,57.551,1.467,5.441,376.32,320.415,65.59,1838.369,12.676,30.578,1327.844,271.814,11.13,11.047,91.86,-2.626,-29.797,927.266,1811.939,370.91,4529.804,62.939,27.221,0.799,2.657,1445.988,2358.339,482.76,7063.818,81.918,42.449,36.35,5.81,-0.789,-0.512,39.348,76.892,15.74,192.22,2.671,1.155,0.672,9.272,1388.852,88.518,18.12,6784.705,4.341,69.021,8104.039,1658.924,3.075,40.771,165.35,52.912,8.82,3.073,4.929,258.482,7.895,807.756,8.979,0.233,4.854,2878.897,3477.629,0.837,3.17,1406.64,2281.447,467.02,6871.599,79.247,41.294,875.613,1.865,2.08,4.055,0.83,10.159,0.141,0.061,26.529,21.79,105.933,206.982,42.37,517.496,7.19,3.11,BRA,204703440.0,2960731668480.0,20.217,0.099,498.266,5.518,1.12,1522.14,-120.152,-7.316,7.436,0.514,0.44,2.434,0.168,0.144,67.322,0.329,499.346,2.439,0.169,709.525,14861.688,128516.109,2297.804,385.152,1059.763,113888.586,10265.375,144.069,16608.686,1.17,17.505,0.086,70.688,0.345,3.558,11.082,1023.874,5.002,574.937,2.809,173.576,0.848,316.143,1.544,0.031,6.392,3462.993,1.339,1.384,3.784,0.464,1.834,0.934,5.39,0.308,2.222,0.474,14.277,1.843,1.696,4.52,0.992,24.199,2.602,2.111,5.065,0.023,0.051,0.077,0.003,2268.588,728.253,1.08,0.217,1.698862403815338e-05,2.4340870871539702e-06,1.1745843221872815e-09,1.6829150892144277e-10,3451.454,3535.438,3575.635,492.748,529.353,557.901,1.1811649634237436e-09,1.1702706111257946e-09,1.1416094925049922e-09,1.6862941629734102e-10,1.7522192690446635e-10,1.7812362768516012e-10
Brazil,2018,BRA,206107217.0,3013541101568.0,15.988,32.936,1159.331,238.946,263.843,54.38,9.042,7.003,136.949,-2.2,-4.296,926.598,190.979,100.918,20.8,8.369,2.12,133.176,27.449,3.459,5.597,636.37,3087.568,601.39,22.976,0.252,8.749,16915.361,1.157,-4.74,-92.93,438.752,90.43,9060.903,1867.518,15.037,54.731,-4.627,-17.412,358.908,265.008,54.62,1741.365,-7.428,-20.191,1220.838,251.624,9.082,10.518,82.36,4.87,40.324,967.59,1887.222,388.97,4694.594,64.678,28.357,8.876,98.678,1544.666,2479.098,510.96,7494.478,84.963,45.269,34.98,5.497,-0.415,-0.358,38.99,76.028,15.67,189.172,2.606,1.143,-5.128,-71.221,1317.631,72.826,15.01,6392.94,-1.429,-23.709,7933.807,1635.215,2.496,38.615,169.944,54.382,8.82,2.778,4.594,263.854,7.895,824.544,9.043,0.233,4.981,2917.85,3486.378,9.093,99.037,1505.676,2403.07,495.29,7305.305,82.358,44.126,316.131,6.531,8.611,16.787,3.46,41.777,0.575,0.252,14.4,14.652,120.585,235.217,48.48,585.059,8.061,3.534,BRA,206107265.0,3013541101568.0,20.494,0.099,478.379,-19.887,-3.991,1537.755,15.614,1.026,7.461,0.51,0.442,2.321,0.159,0.138,65.841,0.319,478.637,2.322,0.159,730.019,15340.066,130053.875,2363.645,402.657,1127.18,114947.953,10566.104,150.461,16539.109,1.153,17.505,0.085,67.417,0.327,3.456,10.907,1059.375,5.14,574.184,2.786,168.09,0.816,300.73,1.459,0.031,6.392,3475.968,1.318,1.302,3.79,0.446,1.814,0.942,5.363,0.311,2.27,0.488,14.341,1.856,1.71,4.3,0.902,27.554,2.455,2.108,5.056,0.023,0.052,0.078,0.003,2247.93,712.237,0.258,0.054,1.6915361095773677e-05,2.321019591424871e-06,1.156904081442916e-09,1.5874314763820236e-10,3477.629,3451.454,3535.438,498.266,492.748,529.353,1.1745843221872815e-09,1.1811649634237436e-09,1.1702706111257946e-09,1.6829150892144277e-10,1.6862941629734102e-10,1.7522192690446635e-10
Brazil,2019,BRA,207455405.0,3050327244800.0,10.687,25.537,1274.892,264.483,264.732,54.92,8.672,7.582,141.932,-6.004,-11.466,865.306,179.512,104.504,21.68,-8.395,-2.304,121.203,25.144,3.423,5.146,658.29,3173.164,633.33,23.733,2.313,80.641,17194.148,1.169,0.267,4.991,490.515,101.76,9026.079,1872.509,16.067,53.678,-0.439,-1.574,357.333,317.948,65.96,1722.459,2.322,5.842,1241.063,257.465,10.415,10.243,89.89,2.29,17.254,984.844,1917.906,397.88,4747.257,62.823,28.232,6.153,71.262,1615.928,2562.334,531.57,7789.279,83.933,46.322,24.96,3.792,2.903,0.933,39.923,77.752,16.13,192.441,2.547,1.144,1.369,18.032,1335.663,68.063,14.12,6438.314,7.536,123.232,8476.263,1758.446,2.229,38.288,171.628,54.921,8.82,0.99,1.683,264.736,7.895,827.299,8.672,0.233,4.92,3052.849,3567.019,6.222,70.329,1576.005,2484.582,515.44,7596.838,81.386,45.178,92.249,7.861,16.472,32.055,6.65,79.399,1.05,0.472,15.493,17.993,138.578,269.889,55.99,667.991,8.841,3.973,BRA,207455459.0,3050327244800.0,21.048,0.101,473.39,-4.989,-1.043,1593.3,55.545,3.612,7.68,0.522,0.451,2.282,0.155,0.134,61.888,0.298,476.714,2.298,0.156,751.067,15813.457,131647.172,2425.533,420.162,1194.301,116067.867,10865.54,156.853,16681.945,1.158,17.505,0.084,67.121,0.324,3.423,10.981,1119.91,5.398,581.54,2.803,175.391,0.845,299.436,1.443,0.031,6.392,3532.95,1.297,1.276,3.896,0.421,1.794,0.95,5.339,0.313,2.312,0.5,14.413,1.868,1.723,4.022,0.879,29.574,2.412,2.094,5.047,0.024,0.052,0.079,0.003,2278.087,710.16,3.325,0.702,1.7194148303824538e-05,2.281887409865641e-06,1.1693889585390625e-09,1.5519318486467463e-10,3486.378,3477.629,3451.454,478.379,498.266,492.748,1.156904081442916e-09,1.1745843221872815e-09,1.1811649634237436e-09,1.5874314763820236e-10,1.6829150892144277e-10,1.6862941629734102e-10
Brazil,2020,BRA,208660785.0,2950377504768.0,-6.896,-18.24,1180.114,246.243,281.51,58.74,9.342,7.362,133.358,-9.591,-17.217,777.796,162.295,85.066,17.75,11.035,2.775,133.801,27.919,2.823,4.852,653.48,3131.781,628.76,24.977,-4.054,-144.59,16401.881,1.16,-7.387,-138.326,439.901,91.79,8311.017,1734.183,14.599,51.847,-12.061,-43.097,314.237,285.056,59.48,1505.97,-5.866,-15.102,1161.519,242.363,9.46,9.395,83.85,-0.376,-6.125,978.719,1899.638,396.38,4690.479,63.042,29.261,-1.612,-5.295,1610.634,2573.411,536.97,7718.908,85.401,48.153,24.72,3.783,-12.873,-5.225,34.698,67.334,14.05,166.288,2.235,1.037,-5.841,-78.012,1257.651,69.778,14.56,6027.251,5.387,94.735,8881.312,1853.182,2.316,37.6,183.568,58.742,8.82,6.957,11.941,281.518,7.895,879.745,9.342,0.233,5.488,3013.312,3422.429,-1.379,-0.069,1575.936,2506.077,522.92,7552.621,83.167,47.116,61.518,10.067,26.539,51.519,10.75,127.188,1.71,0.793,1.902,2.288,140.866,273.41,57.05,675.095,9.073,4.211,BRA,208660845.0,2950377504768.0,23.366,0.112,445.208,-28.182,-5.953,1684.446,91.147,5.721,8.073,0.571,0.496,2.134,0.151,0.131,56.241,0.27,429.487,2.058,0.146,774.433,16258.664,133331.609,2481.774,437.667,1253.327,117307.102,11148.219,163.245,15921.327,1.15,17.505,0.084,59.026,0.283,3.282,11.305,1239.238,5.939,589.146,2.823,184.046,0.882,282.678,1.355,0.031,6.392,3394.368,1.426,1.267,4.368,0.394,1.78,0.956,5.324,0.314,2.356,0.509,14.504,1.881,1.737,4.365,0.78,36.035,2.579,2.166,5.045,0.024,0.053,0.08,0.003,2358.869,684.747,-15.721,-3.531,1.6401879251053253e-05,2.1336441918463326e-06,1.1599969815622356e-09,1.5089865594504948e-10,3567.019,3486.378,3477.629,473.39,478.379,498.266,1.1693889585390625e-09,1.156904081442916e-09,1.1745843221872815e-09,1.5519318486467463e-10,1.5874314763820236e-10,1.6829150892144277e-10
Brazil,2021,BRA,209550238.0,3097565331456.0,-1.001,-2.466,1163.336,243.777,265.903,55.72,8.492,6.951,168.051,21.425,34.772,940.43,197.067,115.676,24.24,21.031,5.872,161.253,33.791,3.695,5.619,679.21,3241.275,656.11,24.252,4.639,158.77,17089.93,1.156,11.83,205.153,638.654,133.83,9254.756,1939.336,20.397,55.294,28.713,90.228,404.465,414.984,86.96,1930.155,0.397,0.963,1161.186,243.327,13.254,11.532,110.26,-8.467,-85.077,893.642,1731.423,362.82,4264.569,55.299,25.479,-2.154,-42.655,1567.979,2492.386,522.28,7482.591,79.603,44.706,23.1,3.401,4.64,1.52,36.218,70.15,14.7,172.838,2.24,1.033,6.373,80.154,1337.804,107.993,22.63,6384.17,-1.527,-28.297,8708.58,1824.885,3.449,38.143,175.036,56.011,8.82,-4.648,-8.533,267.293,7.895,835.292,8.537,0.233,4.991,3131.039,3581.199,-2.278,-44.175,1531.76,2422.235,507.58,7309.753,77.362,43.673,55.859,14.723,41.262,79.933,16.75,196.906,2.553,1.176,26.705,37.178,178.044,344.977,72.29,849.65,11.018,5.076,BRA,209550291.0,3097565331456.0,24.488,0.117,498.017,52.809,11.862,1979.592,295.145,17.522,9.447,0.639,0.554,2.377,0.161,0.139,68.23,0.326,465.645,2.222,0.15,798.921,16756.682,135311.219,2550.003,455.172,1329.302,118788.688,11453.646,169.637,16659.977,1.153,17.505,0.084,75.974,0.363,3.533,12.185,1481.575,7.07,600.632,2.866,190.274,0.908,305.428,1.458,0.031,6.392,3570.67,1.444,1.346,4.883,0.451,1.768,0.965,5.317,0.317,2.398,0.523,14.623,1.896,1.749,4.318,0.959,41.702,2.649,2.12,5.044,0.024,0.054,0.082,0.003,2553.401,740.368,-32.372,-6.5,1.708993048244585e-05,2.3765989425421392e-06,1.1561334844604133e-09,1.6077691564487804e-10,3422.429,3567.019,3486.378,445.208,473.39,478.379,1.1599969815622356e-09,1.1693889585390625e-09,1.156904081442916e-09,1.5089865594504948e-10,1.5519318486467463e-10,1.5874314763820236e-10
Brazil,2022,BRA,210306358.0,3187413090304.0,-0.749,-1.826,1150.47,241.951,261.666,55.03,8.126,6.635,103.327,-17.405,-34.301,773.951,162.767,67.521,14.2,-10.357,-3.5,144.032,30.291,2.097,4.464,690.08,3281.308,677.17,24.867,4.203,150.519,17744.197,1.171,-3.431,-66.545,326.714,68.71,8905.063,1872.792,10.147,51.359,-20.914,-84.588,319.876,200.232,42.11,1521.001,-5.466,-13.3,1093.77,230.027,6.219,8.772,69.97,17.721,155.778,1049.419,2030.894,427.11,4989.954,63.073,28.779,10.968,205.696,1773.674,2893.208,608.46,8433.765,89.853,48.641,12.91,1.871,-0.99,-0.447,35.772,69.232,14.56,170.092,2.15,0.981,3.913,52.344,1390.148,58.962,12.4,6610.111,4.018,73.316,9025.883,1898.201,1.831,38.123,171.943,55.022,8.82,-1.767,-3.093,261.627,7.895,817.583,8.125,0.233,4.715,3219.922,3731.718,11.202,206.142,1737.903,2823.976,593.9,8263.673,87.703,47.66,79.835,32.759,74.021,143.267,30.13,351.966,4.449,2.03,12.929,22.525,200.569,388.148,81.63,953.699,12.055,5.5,BRA,210306411.0,3187413090304.0,23.845,0.113,483.841,-14.176,-2.847,1811.552,-168.04,-8.489,8.614,0.568,0.485,2.301,0.152,0.13,56.078,0.267,458.398,2.18,0.144,822.766,17240.523,137122.766,2606.082,472.677,1389.387,120116.398,11773.581,176.029,17333.797,1.171,17.505,0.083,60.085,0.286,3.453,11.595,1327.711,6.313,601.386,2.86,193.478,0.92,319.935,1.521,0.03,6.392,3732.201,1.489,1.297,4.436,0.369,1.758,0.972,5.303,0.318,2.438,0.53,14.723,1.911,1.76,4.344,0.761,37.495,2.686,2.121,5.036,0.025,0.055,0.083,0.003,2438.436,726.19,-25.443,-5.259,1.774419963090218e-05,2.3006478865734514e-06,1.170766980706629e-09,1.517973937773637e-10,3581.199,3422.429,3567.019,498.017,445.208,473.39,1.1561334844604133e-09,1.1599969815622356e-09,1.1693889585390625e-09,1.6077691564487804e-10,1.5089865594504948e-10,1.5519318486467463e-10
Brazil,2023,BRA,211140678.0,3187413090304.0,8.706,21.064,1245.686,263.015,264.421,55.83,7.863,6.998,96.396,-2.149,-3.498,754.326,159.269,67.112,14.17,-0.405,-0.123,142.882,30.168,1.996,4.238,725.1,3434.203,709.99,25.427,3.27,122.029,18252.031,1.171,0.557,10.438,303.163,64.01,8919.312,1883.23,9.016,50.109,-6.601,-21.116,298.761,178.601,37.71,1414.984,1.826,4.201,1109.344,234.228,5.311,7.949,68.44,-0.262,-10.404,1039.015,2030.163,428.65,4920.96,60.374,27.646,6.738,101.373,1875.048,3059.477,645.98,8880.562,90.984,49.891,15.11,2.084,-0.38,-0.397,35.375,68.722,14.51,167.542,2.044,0.941,2.521,35.052,1425.2,57.45,12.13,6750.003,12.473,236.758,10111.544,2134.958,1.708,37.922,180.488,57.756,8.82,4.97,8.545,273.543,7.895,854.822,8.135,0.233,4.802,3362.64,3853.746,6.862,101.77,1839.673,2990.755,631.47,8713.02,88.941,48.95,68.068,49.474,123.495,243.818,51.48,584.894,7.251,3.286,17.357,33.091,233.66,452.352,95.51,1106.657,13.452,6.217,BRA,211140731.0,3187413090304.0,24.963,0.118,486.47,2.63,0.543,1788.816,-22.736,-1.255,8.472,0.568,0.464,2.304,0.152,0.126,54.848,0.26,458.398,2.18,0.144,847.729,17726.992,138911.578,2660.93,490.182,1445.716,121418.734,12100.013,182.421,17806.445,1.171,17.505,0.083,56.329,0.267,3.468,11.281,1302.346,6.168,611.426,2.896,201.954,0.956,326.432,1.546,0.03,6.392,3853.715,1.591,1.287,4.319,0.356,1.753,0.978,5.287,0.318,2.476,0.535,14.816,1.926,1.77,4.26,0.713,35.928,2.674,2.123,5.026,0.025,0.055,0.084,0.004,2381.904,732.213,-25.443,-5.259,1.825203005173632e-05,2.3040083156669458e-06,1.20905131867688e-09,1.5262220058009578e-10,3731.718,3581.199,3422.429,483.841,498.017,445.208,1.170766980706629e-09,1.1561334844604133e-09,1.1599969815622356e-09,1.517973937773637e-10,1.6077691564487804e-10,1.5089865594504948e-10
Brazil,2024,BRA,211998503.0,3187413090304.0,2.61,6.865,1273.028,269.88,266.134,56.42,7.571,7.054,103.212,-7.197,-11.462,697.207,147.807,73.821,15.65,-1.151,-0.347,140.665,29.821,2.1,3.863,760.37,3586.676,745.26,26.348,1.695,65.308,18486.234,1.171,0.316,5.949,357.408,75.77,8911.282,1889.178,10.167,49.378,4.98,14.878,313.639,225.379,47.78,1479.438,-2.494,-5.842,1077.297,228.385,6.411,8.198,76.92,-3.0,-31.175,1007.84,1956.806,414.84,4753.994,55.664,26.342,3.219,61.71,1936.758,3157.994,669.49,9135.714,89.833,50.622,15.11,1.987,8.783,3.107,38.482,74.246,15.74,181.52,2.112,1.006,0.178,2.533,1427.733,58.208,12.34,6734.636,-0.815,-17.408,9988.514,2117.55,1.656,37.317,181.986,58.236,8.82,0.83,1.498,274.698,7.895,858.431,7.814,0.233,4.757,3515.402,3919.054,3.128,58.603,1898.276,3083.748,653.75,8954.193,87.721,49.616,40.858,50.457,173.952,352.267,74.68,820.533,10.021,4.547,13.249,30.958,264.618,508.541,107.81,1248.207,14.466,6.916,BRA,211140731.0,3187413090304.0,24.963,0.118,486.47,2.63,0.543,1788.816,-22.736,-1.255,8.472,0.568,0.464,2.304,0.152,0.126,54.848,0.26,458.398,2.18,0.144,847.729,17726.992,138911.578,2660.93,490.182,1445.716,121418.734,12100.013,182.421,17806.445,1.171,17.505,0.083,56.329,0.267,3.468,11.281,1302.346,6.168,611.426,2.896,201.954,0.956,326.432,1.546,0.03,6.392,3853.715,1.591,1.287,4.319,0.356,1.753,0.978,5.287,0.318,2.476,0.535,14.816,1.926,1.77,4.26,0.713,35.928,2.674,2.123,5.026,0.025,0.055,0.084,0.004,2381.904,732.213,-25.443,-5.259,1.8486234310814832e-05,2.3040083156669458e-06,1.2295406616486662e-09,1.5262220058009578e-10,3853.746,3731.718,3581.199,486.47,483.841,498.017,1.20905131867688e-09,1.170766980706629e-09,1.1561334844604133e-09,1.5262220058009578e-10,1.517973937773637e-10,1.6077691564487804e-10
Canada,1993,CAN,28830582.0,853776007168.0,16.667,0.0,0.0,0.0,288.75,8.92,1.477,0.0,245.686,-11.214,-34.899,9583.911,276.31,2857.521,82.384,6.294,27.162,15910.121,458.698,15.537,8.866,567.99,18386.459,530.232,22.398,2.524,78.281,110299.773,3.725,0.97,18.711,3804.675,109.691,67531.445,1946.971,20.687,62.476,6.102,41.528,722.082,530.652,15.299,25045.686,10.086,120.993,45806.922,1320.64,2.885,23.171,148.35,2.233,19.553,895.039,11176.115,322.214,31044.762,60.768,28.721,5.167,57.493,1169.384,14580.911,420.376,40560.543,79.282,37.524,-35.83,-6.308,16.573,36.839,259.123,3235.599,93.284,8987.775,17.593,8.315,1.29,12.083,948.58,416.502,12.008,32901.852,5.271,59.562,41259.301,1189.53,2.265,30.439,15.053,4.817,8.82,7.884,1.1,167.08,7.895,522.123,0.908,0.233,0.483,18391.311,3180.007,2.312,20.653,910.261,11345.312,327.092,31572.768,61.688,29.209,0.0,0.0,0.006,0.071,0.002,0.198,0.0,0.0,0.0,0.0,0.164,2.046,0.059,5.685,0.011,0.005,CAN,28830635.0,853776007168.0,4.893,0.17,464.16,0.663,0.143,675.86,-15.265,-2.209,23.442,0.792,0.213,16.1,0.544,0.146,98.808,3.427,482.274,16.728,0.565,187.744,18543.596,54114.969,7018.91,185.385,3097.409,35571.742,8041.775,12.371,110924.656,3.725,13.189,0.457,137.763,4.778,19.415,26.409,211.7,7.343,103.986,3.607,43.972,1.525,206.551,7.164,0.103,2.956,3180.007,0.886,2.04,2.437,1.161,1.353,2.114,3.512,1.514,2.076,3.406,5.325,2.703,0.493,5.641,3.423,4.256,2.241,1.368,2.401,0.004,0.02,0.025,0.001,761.381,559.754,18.114,3.903,0.00011029978513787512,1.6099541338579048e-05,3.7246385156080648e-09,5.436554741560756e-10,3101.725,3020.828,3008.582,463.497,449.756,458.015,3.738179515837219e-09,3.6827048278844057e-09,3.59879602345746e-09,5.586036773253605e-10,5.482995366071748e-10,5.478669222523662e-10
Canada,1994,CAN,29147326.0,894851940352.0,16.667,0.0,0.0,0.0,288.75,8.92,1.477,0.0,245.686,6.029,16.659,10051.322,292.969,2972.863,86.651,5.084,23.321,16537.338,482.019,15.668,9.055,567.99,18386.459,553.055,22.573,3.81,121.149,113257.586,3.689,3.204,62.385,3847.9,112.156,68937.914,2009.356,20.279,62.101,3.524,25.447,747.529,529.62,15.437,25646.561,8.241,108.831,49042.957,1429.471,2.791,23.103,148.35,1.751,15.671,910.71,11248.222,327.856,31245.061,59.281,28.146,4.843,56.867,1226.251,15120.902,440.734,42070.801,79.691,37.899,-35.83,-6.308,14.794,38.333,297.456,3673.895,107.084,10205.264,19.362,9.193,2.138,20.279,968.858,345.418,10.068,33240.031,4.313,51.3,42570.961,1240.83,1.82,29.944,17.916,5.733,8.82,19.016,2.863,196.69,7.895,614.658,1.037,0.233,0.554,18974.463,3301.156,2.005,18.534,928.795,11447.007,333.65,31865.537,60.328,28.705,0.0,0.0,0.006,0.07,0.002,0.196,0.0,0.0,0.0,0.0,0.164,2.024,0.059,5.623,0.011,0.005,CAN,29147382.0,894851940352.0,5.769,0.198,478.631,14.471,3.118,716.327,40.467,5.988,24.576,0.8,0.217,16.421,0.535,0.145,102.481,3.516,487.508,16.726,0.545,193.513,19022.225,54831.293,7121.391,199.843,3238.387,35809.441,8253.455,15.636,113906.836,3.689,14.458,0.496,140.978,4.837,19.954,27.696,237.697,8.155,107.388,3.684,48.116,1.651,211.68,7.262,0.112,3.264,3301.156,0.979,2.082,2.48,1.197,1.338,2.113,3.493,1.508,2.162,3.409,5.313,2.691,0.574,4.594,3.471,4.036,2.288,1.508,2.396,0.004,0.02,0.025,0.001,807.255,581.599,8.878,1.855,0.00011325759350960313,1.642106313355977e-05,3.689052737262271e-09,5.348717239320341e-10,3180.007,3101.725,3020.828,464.16,463.497,449.756,3.7246385156080648e-09,3.738179515837219e-09,3.6827048278844057e-09,5.436554741560756e-10,5.586036773253605e-10,5.482995366071748e-10
Canada,1995,CAN,29459088.0,921360072704.0,16.667,0.0,0.0,0.0,288.75,8.92,1.477,0.0,245.686,4.528,13.264,10395.217,306.234,3109.532,91.604,3.777,18.206,16980.332,500.225,16.42,9.236,567.99,18386.459,557.869,22.017,2.446,80.731,114799.445,3.671,4.282,86.044,4001.58,117.883,71129.141,2095.4,21.131,63.196,3.343,24.99,772.519,678.075,19.975,26223.451,6.852,97.941,51848.602,1527.412,3.581,23.299,148.35,1.892,17.234,927.944,11339.785,334.06,31499.402,59.881,27.986,-0.524,-5.927,1220.325,14882.492,438.425,41424.387,78.589,36.804,-35.83,-6.308,-9.264,-27.556,269.901,3298.276,97.164,9161.878,17.417,8.14,4.933,47.789,1016.647,213.973,6.303,34510.473,4.887,60.641,44178.918,1301.471,1.13,30.661,22.306,7.138,8.82,24.505,4.39,242.298,7.895,757.18,1.279,0.233,0.673,18937.066,3381.887,2.281,21.629,950.424,11584.216,341.26,32262.508,61.172,28.664,87.179,0.005,0.011,0.13,0.004,0.362,0.001,0.0,0.0,0.0,0.164,2.003,0.059,5.563,0.011,0.005,CAN,29459136.0,921360072704.0,6.529,0.222,491.414,12.783,2.671,695.998,-20.329,-2.838,23.626,0.755,0.206,16.681,0.533,0.145,104.309,3.541,495.689,16.826,0.538,200.042,19513.639,55527.293,7225.7,214.559,3386.648,36014.023,8467.815,18.874,115464.414,3.671,14.716,0.5,148.261,5.033,20.206,26.967,204.584,6.945,111.106,3.772,48.014,1.63,214.36,7.277,0.11,3.238,3381.887,1.047,2.088,2.403,1.185,1.326,2.112,3.473,1.502,2.242,3.413,5.301,2.679,0.64,4.509,3.515,3.766,2.296,1.448,2.391,0.004,0.02,0.025,0.001,794.423,595.26,4.275,0.87,0.00011479944660879813,1.6681208844685173e-05,3.6705378279252603e-09,5.333571689923595e-10,3301.156,3180.007,3101.725,478.631,464.16,463.497,3.689052737262271e-09,3.7246385156080648e-09,3.738179515837219e-09,5.348717239320341e-10,5.436554741560756e-10,5.586036773253605e-10
Canada,1996,CAN,29767159.0,938872537088.0,16.667,0.0,0.0,0.0,288.75,8.92,1.477,0.0,245.686,2.055,6.293,10499.033,312.526,3010.737,89.621,1.744,8.724,17097.654,508.949,15.678,9.18,567.99,18386.459,571.622,22.035,2.725,92.149,116707.008,3.7,2.123,44.48,3885.656,115.665,71887.273,2139.88,20.235,62.855,1.691,13.063,785.582,625.572,18.622,26390.906,0.77,11.768,51707.348,1539.181,3.258,23.075,148.35,6.146,57.034,984.978,11912.19,354.592,33089.418,62.033,28.932,3.623,44.263,1264.588,15262.142,454.311,42482.652,79.478,37.145,-35.83,-6.308,-5.189,-14.006,255.895,3094.757,92.122,8596.545,16.116,7.516,2.471,25.124,1041.771,249.347,7.422,34997.332,3.17,41.254,45107.578,1342.724,1.298,30.6,23.527,7.529,8.82,5.473,1.221,252.913,7.895,790.355,1.317,0.233,0.691,19203.096,3474.036,6.133,58.269,1008.693,12167.385,362.188,33886.109,63.362,29.629,53.425,0.006,0.016,0.198,0.006,0.55,0.001,0.0,5.085,0.008,0.172,2.083,0.062,5.786,0.011,0.005,CAN,29767210.0,938872537088.0,6.185,0.208,507.729,16.315,3.32,742.437,46.439,6.672,24.941,0.791,0.214,17.057,0.541,0.146,106.238,3.569,505.285,16.975,0.538,206.228,20021.367,56269.73,7331.938,230.47,3541.682,36248.73,8688.932,22.118,117390.445,3.7,15.911,0.535,155.033,5.208,20.538,28.338,234.708,7.885,113.05,3.798,48.289,1.622,221.116,7.428,0.109,3.245,3474.036,0.972,2.093,2.453,1.177,1.312,2.112,3.454,1.496,2.323,3.418,5.289,2.668,0.698,4.541,3.52,3.904,2.299,1.461,2.388,0.004,0.021,0.026,0.001,843.555,611.354,-2.444,-0.481,0.00011670700586508386,1.705665394909308e-05,3.70022112988313e-09,5.407858680953311e-10,3381.887,3301.156,3180.007,491.414,478.631,464.16,3.6705378279252603e-09,3.689052737262271e-09,3.7246385156080648e-09,5.333571689923595e-10,5.348717239320341e-10,5.436554741560756e-10
Canada,1997,CAN,30059030.0,981728100352.0,16.667,0.0,0.0,0.0,288.75,8.92,1.477,0.0,245.686,4.515,14.11,10866.488,326.636,3224.519,96.926,3.587,18.258,17539.037,527.206,16.935,9.542,567.99,18386.459,572.341,21.678,0.495,17.209,116146.305,3.556,2.874,61.497,4383.94,131.777,73235.133,2201.377,23.024,64.306,1.97,15.474,801.057,759.384,22.826,26649.447,3.777,58.128,53139.07,1597.309,3.988,23.4,148.35,-1.667,-16.423,968.555,11599.83,348.68,32221.748,60.922,28.293,-3.398,-42.664,1221.924,14600.322,438.872,40650.805,76.68,35.694,-35.83,-6.308,-11.037,-28.243,227.652,2726.46,81.955,7573.499,14.319,6.65,3.063,31.913,1073.684,400.037,12.025,35719.199,4.548,61.065,46701.082,1403.789,2.101,31.364,25.526,8.168,8.82,8.497,1.999,271.739,7.895,849.185,1.427,0.233,0.746,19040.582,3491.245,-1.456,-14.421,994.272,11873.862,356.917,33077.305,62.361,29.044,17.857,0.003,0.019,0.231,0.007,0.642,0.001,0.001,0.0,0.0,0.172,2.063,0.062,5.729,0.011,0.005,CAN,30059087.0,981728100352.0,6.657,0.221,522.022,14.293,2.815,725.23,-17.207,-2.318,24.127,0.739,0.208,17.367,0.532,0.15,113.044,3.761,537.295,17.875,0.547,212.885,20543.389,56994.961,7444.983,246.522,3695.373,36451.938,8918.033,25.593,116831.453,3.556,16.052,0.534,153.691,5.113,20.692,27.342,203.208,6.76,115.629,3.847,41.32,1.375,229.102,7.622,0.116,3.475,3491.245,1.005,2.139,2.28,1.259,1.299,2.112,3.432,1.492,2.4,3.42,5.261,2.659,0.754,4.55,3.477,2.744,2.346,1.553,2.384,0.004,0.021,0.026,0.001,821.875,621.99,15.273,2.926,0.00011614629613796201,1.7366528797098285e-05,3.556223967459227e-09,5.317378608321676e-10,3474.036,3381.887,3301.156,507.729,491.414,478.631,3.70022112988313e-09,3.6705378279252603e-09,3.689052737262271e-09,5.407858680953311e-10,5.333571689923595e-10,5.348717239320341e-10
Canada,1998,CAN,30329929.0,1022474584064.0,16.667,1.235,40.722,1.235,288.75,8.92,1.477,0.037,245.686,6.913,22.58,11513.901,349.216,3494.688,105.994,-5.421,-28.578,16440.15,498.629,18.86,10.341,567.99,18386.459,561.991,21.26,-1.434,-50.076,113457.875,3.366,1.355,29.833,4921.722,149.275,73564.641,2231.21,26.562,66.07,-1.683,-13.484,787.573,871.211,26.424,25966.852,3.677,58.732,54600.887,1656.041,4.702,23.322,148.35,-5.108,-49.471,919.083,10909.024,330.87,30302.846,58.875,27.216,-6.087,-76.118,1145.805,13548.397,410.922,37778.047,73.119,33.93,-35.83,-6.308,-13.376,-30.45,197.202,2340.679,70.993,6501.886,12.632,5.84,1.931,20.737,1094.422,555.823,16.858,36083.887,3.632,50.983,47964.91,1454.772,3.0,32.408,28.085,8.987,8.82,10.027,2.559,296.316,7.895,925.989,1.599,0.233,0.832,18529.266,3441.169,-4.413,-45.668,948.604,11207.718,339.929,31276.16,60.487,28.09,45.455,0.009,0.028,0.333,0.01,0.925,0.002,0.001,0.0,0.0,0.172,2.044,0.062,5.678,0.011,0.005,CAN,30329968.0,1022474584064.0,6.828,0.225,529.636,7.614,1.459,755.04,29.81,4.11,24.894,0.738,0.219,17.462,0.518,0.154,119.192,3.93,540.848,17.832,0.529,219.713,21073.025,57750.0,7564.175,264.277,3845.817,36677.344,9150.067,28.975,114154.594,3.366,17.756,0.585,150.444,4.96,20.73,28.147,225.404,7.432,116.373,3.837,41.633,1.373,232.034,7.65,0.112,3.382,3441.169,1.034,2.179,2.48,1.364,1.289,2.114,3.415,1.49,2.491,3.418,5.247,2.65,0.802,5.277,3.367,3.668,2.348,1.533,2.382,0.004,0.021,0.027,0.001,853.685,628.741,11.212,2.117,0.00011345786533162957,1.7462464846648783e-05,3.3655301106091903e-09,5.179942937015326e-10,3491.245,3474.036,3381.887,522.022,507.729,491.414,3.556223967459227e-09,3.70022112988313e-09,3.6705378279252603e-09,5.317378608321676e-10,5.407858680953311e-10,5.333571689923595e-10
Canada,1999,CAN,30599404.0,1078414934016.0,16.667,0.206,47.091,1.441,288.75,8.92,1.477,0.041,245.686,-3.873,-13.526,10970.484,335.69,3470.213,106.186,-3.881,-19.353,15662.922,479.276,18.379,9.635,567.99,18386.459,577.774,21.228,3.189,109.74,116045.047,3.293,2.776,61.946,4865.476,148.881,74941.203,2293.156,25.768,65.818,6.9,54.341,841.914,910.953,27.875,27514.064,2.981,49.361,55733.176,1705.402,4.824,24.165,148.35,4.271,39.252,958.336,11274.755,345.001,31318.764,59.712,27.506,3.975,45.127,1190.933,13957.763,427.099,38920.133,73.922,34.182,-35.83,-6.308,2.799,5.52,202.722,2385.014,72.98,6625.039,12.631,5.819,1.931,21.13,1115.552,484.309,14.82,36456.648,-3.271,-47.58,45987.57,1407.192,2.565,32.018,27.947,8.943,8.82,-0.491,-0.138,292.265,7.895,913.33,1.548,0.233,0.802,18881.859,3550.909,4.22,39.607,988.211,11572.748,354.119,32295.094,61.29,28.364,31.25,0.009,0.037,0.433,0.013,1.204,0.002,0.001,161.29,0.278,0.45,5.294,0.162,14.706,0.028,0.013,CAN,30599458.0,1078414934016.0,7.118,0.233,543.866,14.23,2.687,785.276,30.236,4.005,25.663,0.728,0.221,17.774,0.504,0.153,119.515,3.906,541.707,17.703,0.502,226.832,21616.891,58535.277,7683.689,280.336,4008.747,36918.754,9385.026,32.26,116807.078,3.293,16.058,0.525,162.93,5.325,21.023,28.828,241.411,7.889,116.547,3.809,40.545,1.325,234.96,7.679,0.107,3.284,3550.909,1.028,2.188,2.545,1.349,1.279,2.116,3.399,1.487,2.562,3.423,5.237,2.64,0.841,4.867,3.532,4.022,2.318,1.498,2.382,0.004,0.022,0.027,0.001,882.135,643.294,-2.158,-0.397,0.00011604503800138998,1.7773713508258293e-05,3.2927112635360785e-09,5.043197964392534e-10,3441.169,3491.245,3474.036,529.636,522.022,507.729,3.3655301106091903e-09,3.556223967459227e-09,3.70022112988313e-09,5.179942937015326e-10,5.317378608321676e-10,5.407858680953311e-10
Canada,2000,CAN,30891756.0,1137681367040.0,7.436,0.107,50.114,1.548,288.75,8.92,1.477,0.043,245.686,5.808,19.498,11497.836,355.188,3762.493,116.23,-5.164,-24.752,14713.454,454.524,19.249,9.925,567.99,18386.459,603.82,21.593,2.72,96.58,118073.234,3.206,2.766,63.421,5359.683,165.57,76284.984,2356.577,27.42,65.852,5.974,50.293,892.207,1159.856,35.83,28881.725,3.38,57.645,57071.754,1763.047,5.934,24.932,148.35,3.408,32.665,991.0,11548.713,356.76,32079.762,59.084,27.693,2.627,31.076,1222.009,14186.633,438.25,39557.762,72.58,34.148,-35.83,-6.308,-0.94,-1.906,200.816,2340.106,72.29,6500.627,11.972,5.612,-0.571,-6.37,1109.182,437.334,13.51,35905.422,3.38,47.556,47091.805,1454.749,2.237,30.995,27.866,8.917,8.82,-0.292,-0.082,288.654,7.895,902.045,1.477,0.233,0.779,19546.316,3647.49,3.36,32.982,1021.193,11846.526,365.96,33057.137,60.607,28.536,23.81,0.009,0.046,0.647,0.02,1.477,0.003,0.001,62.963,0.283,0.733,8.416,0.26,23.739,0.043,0.02,CAN,30891800.0,1137681367040.0,7.232,0.234,566.261,22.396,4.118,787.446,2.17,0.276,25.49,0.692,0.216,18.33,0.498,0.155,128.952,4.174,580.569,18.794,0.51,234.064,22183.152,59322.719,7812.642,296.372,4182.17,37139.938,9622.259,35.645,118875.336,3.206,16.037,0.519,173.423,5.614,21.666,29.017,221.185,7.16,120.093,3.888,39.309,1.272,237.231,7.679,0.11,3.385,3647.49,0.999,2.22,2.556,1.401,1.268,2.118,3.384,1.486,2.626,3.432,5.229,2.631,0.88,4.62,3.651,4.175,2.31,1.565,2.382,0.004,0.022,0.028,0.001,896.376,669.292,14.308,2.527,0.00011807324905712327,1.83304631002396e-05,3.206073427650465e-09,4.977325078930387e-10,3550.909,3441.169,3491.245,543.866,529.636,522.022,3.2927112635360785e-09,3.3655301106091903e-09,3.556223967459227e-09,5.043197964392534e-10,5.179942937015326e-10,5.317378608321676e-10
Canada,2001,CAN,31213533.0,1161459924992.0,-0.273,-0.004,49.462,1.544,309.802,9.67,1.645,0.044,255.649,3.923,13.935,11825.737,369.123,3578.256,111.69,1.843,8.377,14830.15,462.901,19.003,10.52,565.46,18115.861,587.76,21.225,-2.067,-75.392,114440.68,3.076,-0.279,-6.569,5448.278,170.06,75288.117,2350.008,28.934,66.972,-5.804,-51.785,840.422,1354.861,42.29,26924.924,1.767,31.146,57481.23,1794.192,7.195,23.951,150.26,-7.075,-75.196,915.804,10621.034,331.52,29339.965,56.404,26.099,-4.673,-63.08,1158.929,13382.017,417.7,37129.047,71.066,33.028,-22.3,-3.944,5.351,9.577,210.393,2439.968,76.16,6740.427,12.958,5.996,2.82,31.282,1140.463,515.161,16.08,36537.457,0.867,12.609,47010.293,1467.357,2.736,32.502,30.225,9.672,8.82,8.468,2.36,309.87,7.895,968.345,1.646,0.233,0.861,18830.295,3572.098,-6.645,-72.657,948.536,10942.049,341.54,30388.621,58.109,27.032,19.231,0.008,0.054,0.641,0.02,1.733,0.003,0.002,24.621,0.176,0.909,10.572,0.33,29.117,0.056,0.026,CAN,31213577.0,1161459924992.0,6.983,0.224,558.36,-7.901,-1.395,821.242,33.796,4.292,26.31,0.707,0.23,17.888,0.481,0.156,126.48,4.052,559.329,17.919,0.482,241.047,22741.512,60143.965,7939.122,311.83,4347.67,37402.82,9863.328,38.517,115218.68,3.076,15.457,0.495,165.5,5.302,21.154,29.515,262.882,8.422,120.26,3.853,38.285,1.227,241.069,7.723,0.092,2.871,3572.098,0.922,2.172,2.695,1.366,1.254,2.12,3.373,1.484,2.683,3.432,5.231,2.623,0.903,4.605,3.452,5.517,2.33,1.346,2.383,0.004,0.022,0.028,0.001,921.271,660.301,0.969,0.174,0.00011444068186705701,1.788836953867806e-05,3.075524108181868e-09,4.807397896262723e-10,3647.49,3550.909,3441.169,566.261,543.866,529.636,3.206073427650465e-09,3.2927112635360785e-09,3.3655301106091903e-09,4.977325078930387e-10,5.043197964392534e-10,5.179942937015326e-10
Canada,2002,CAN,31535531.0,1199865593856.0,0.0,0.0,48.957,1.544,318.688,10.05,1.676,0.043,245.119,0.582,2.148,11773.113,371.271,3510.326,110.7,-13.922,-64.443,12635.209,398.458,18.456,10.241,578.48,18343.752,599.79,20.933,3.396,121.295,117118.461,3.078,3.361,78.98,5233.462,165.04,77023.867,2428.989,27.516,66.997,4.075,34.243,874.665,1231.31,38.83,27735.865,0.726,13.034,57307.605,1807.226,6.474,24.125,147.02,5.355,41.113,956.917,11075.443,349.27,30344.082,58.232,26.394,4.066,37.577,1196.506,13786.037,434.75,37941.523,72.484,33.003,-21.31,-3.684,-1.526,-4.913,205.479,2378.27,75.0,6515.808,12.504,5.668,3.734,42.589,1183.052,491.826,15.51,37514.891,5.415,79.462,49050.043,1546.819,2.586,32.631,31.394,10.046,8.82,3.866,1.169,318.565,7.895,995.514,1.675,0.233,0.866,19019.498,3693.393,5.307,42.49,991.027,11407.768,359.75,31425.715,59.979,27.335,16.129,0.008,0.062,0.634,0.02,1.975,0.003,0.002,23.1,0.201,1.11,13.001,0.41,35.185,0.068,0.031,CAN,31535580.0,1199865593856.0,7.148,0.227,563.729,5.368,0.961,778.229,-43.014,-5.238,24.678,0.649,0.211,17.876,0.47,0.153,123.972,3.931,582.711,18.478,0.486,248.195,23305.24,60922.191,8063.093,327.647,4519.425,37617.32,10105.414,41.467,117915.383,3.078,15.817,0.502,171.755,5.446,21.163,28.375,214.5,6.802,122.747,3.892,39.013,1.237,242.086,7.677,0.094,2.951,3693.393,0.91,2.145,2.478,1.281,1.241,2.12,3.357,1.48,2.742,3.434,5.224,2.615,0.926,4.872,3.479,4.183,2.343,1.364,2.383,0.005,0.023,0.028,0.001,894.815,667.379,18.982,3.367,0.00011711846551751048,1.7875967399362315e-05,3.0781722710546e-09,4.698267896726232e-10,3572.098,3647.49,3550.909,558.36,566.261,543.866,3.075524108181868e-09,3.206073427650465e-09,3.2927112635360785e-09,4.807397896262723e-10,4.977325078930387e-10,5.043197964392534e-10
Canada,2003,CAN,31836434.0,1224575811584.0,8.889,0.137,52.805,1.681,295.887,9.42,1.601,0.046,251.636,-0.246,-0.914,11633.135,370.358,3441.34,109.56,-7.149,-28.488,11620.972,369.97,18.624,10.155,582.53,18297.59,588.27,20.162,0.477,17.628,116565.227,3.03,2.734,66.404,5265.351,167.63,78381.672,2495.393,28.495,68.423,2.65,23.183,897.848,1216.531,38.73,28201.902,-2.587,-46.756,55297.336,1760.47,6.584,24.619,148.03,-3.761,-41.006,915.911,10558.344,336.14,28769.273,57.14,25.114,-3.202,-44.895,1151.611,13212.535,420.64,36172.73,71.505,31.577,-5.74,-0.985,-0.838,-2.832,202.647,2336.003,74.37,6365.266,12.642,5.557,3.731,44.135,1227.188,607.48,19.34,38546.637,5.734,88.694,51372.363,1635.513,3.288,33.649,29.429,9.417,8.82,-6.259,-1.965,295.802,7.895,924.383,1.601,0.233,0.807,18477.887,3711.021,-3.693,-42.063,948.963,10876.532,346.27,29807.467,58.862,26.02,0.231,-0.0,0.062,0.628,0.02,1.95,0.003,0.002,70.37,0.771,1.88,21.673,0.69,59.055,0.117,0.052,CAN,31836484.0,1224575811584.0,7.248,0.228,580.792,17.064,3.027,794.803,16.574,2.13,24.965,0.649,0.214,18.243,0.474,0.157,123.102,3.867,577.068,18.126,0.471,255.443,23886.033,61716.996,8186.195,342.946,4693.67,37831.332,10363.359,44.42,117365.117,3.03,15.3,0.481,174.245,5.473,21.482,28.845,214.011,6.722,121.623,3.82,39.706,1.247,257.945,8.102,0.093,2.952,3711.021,0.839,2.099,2.355,1.17,1.224,2.12,3.339,1.474,2.79,3.433,5.209,2.61,0.945,4.441,3.404,3.522,2.433,1.336,2.381,0.005,0.023,0.029,0.001,918.316,683.921,-3.725,-0.641,0.00011656522209742096,1.8242969292714037e-05,3.030454272324521e-09,4.742801503230252e-10,3693.393,3572.098,3647.49,563.729,558.36,566.261,3.0781722710546e-09,3.075524108181868e-09,3.206073427650465e-09,4.698267896726232e-10,4.807397896262723e-10,4.977325078930387e-10
Canada,2004,CAN,32132620.0,1265917231104.0,0.274,0.005,52.461,1.686,304.986,9.8,1.637,0.046,235.338,-5.536,-20.503,10887.819,349.854,3108.99,99.9,6.596,24.404,12273.319,394.374,16.692,9.445,587.97,18298.227,598.5,20.291,1.537,57.046,117266.117,2.977,0.544,13.58,4966.604,159.59,78081.797,2508.973,26.665,67.733,-2.189,-19.65,878.198,1258.534,40.44,27330.412,0.391,6.882,55001.805,1767.352,6.757,23.708,140.85,0.672,1.158,917.069,10531.354,338.4,28540.117,56.541,24.757,4.329,43.629,1195.24,13659.328,438.91,37197.078,73.335,32.267,-10.53,-1.791,20.688,40.599,243.246,2793.423,89.76,7570.075,14.997,6.567,4.379,53.733,1280.921,599.08,19.25,39863.57,3.221,52.677,52538.203,1688.19,3.216,34.58,30.639,9.805,8.82,4.112,1.21,305.127,7.895,953.522,1.638,0.233,0.827,18625.932,3768.068,0.833,3.03,951.993,10865.905,349.15,29627.002,58.338,25.7,-37.413,-0.023,0.039,0.311,0.01,1.203,0.002,0.001,36.957,0.681,2.561,29.254,0.94,79.7,0.157,0.069,CAN,32132680.0,1265917231104.0,7.52,0.234,579.163,-1.63,-0.281,811.694,16.891,2.125,25.261,0.641,0.215,18.024,0.458,0.154,115.514,3.595,583.748,18.167,0.461,262.963,24465.197,62528.688,8301.709,358.737,4863.933,38063.863,10630.334,47.521,118078.047,2.977,15.79,0.491,170.262,5.299,21.27,28.911,232.531,7.237,125.217,3.897,39.091,1.217,266.975,8.309,0.096,3.101,3768.068,0.833,2.023,2.385,1.062,1.208,2.117,3.321,1.466,2.839,3.425,5.203,2.605,0.963,4.609,3.222,4.303,2.427,1.339,2.378,0.005,0.023,0.029,0.001,928.975,683.459,4.585,0.792,0.00011726613018172446,1.8024111278610498e-05,2.9765516318265823e-09,4.575046344024521e-10,3711.021,3693.393,3572.098,580.792,563.729,558.36,3.030454272324521e-09,3.0781722710546e-09,3.075524108181868e-09,4.742801503230252e-10,4.698267896726232e-10,4.807397896262723e-10
Canada,2005,CAN,32440126.0,1310077878272.0,18.044,0.304,61.34,1.99,282.366,9.16,1.476,0.053,225.012,-0.428,-1.498,10738.424,348.356,3170.764,102.86,5.252,20.712,12795.453,415.086,16.577,9.347,596.65,18392.346,620.5,21.109,0.76,28.636,117037.266,2.898,-1.419,-35.592,4820.881,156.39,76244.484,2473.381,25.204,66.365,-0.26,-2.28,875.917,1136.864,36.88,27001.051,1.368,24.172,55225.574,1791.525,5.944,23.502,139.62,6.961,55.931,972.999,11157.786,361.96,29993.697,58.334,26.107,5.783,58.318,1253.558,14306.664,464.11,38642.199,74.796,33.635,-23.85,-3.997,1.829,2.452,245.699,2817.498,91.4,7573.911,14.73,6.593,-2.484,-31.814,1249.107,513.253,16.65,38505.008,-1.708,-28.835,51151.324,1659.355,2.683,33.516,28.611,9.155,8.82,-6.621,-2.028,282.225,7.895,881.953,1.475,0.233,0.768,19127.547,3796.704,6.794,55.866,1007.859,11489.166,372.71,31068.287,60.066,27.043,19.188,0.007,0.046,0.617,0.02,1.409,0.003,0.001,65.868,1.653,4.214,48.397,1.57,129.888,0.253,0.113,CAN,32440173.0,1310077878272.0,7.614,0.235,572.855,-6.308,-1.089,803.439,-8.255,-1.017,24.767,0.613,0.212,17.659,0.437,0.151,116.624,3.595,607.721,18.734,0.464,270.577,25038.051,63332.125,8418.333,374.187,5033.133,38294.445,10891.295,50.525,117744.773,2.895,15.451,0.476,169.2,5.216,20.803,27.911,230.584,7.108,123.625,3.811,40.043,1.234,260.961,8.044,0.093,3.005,3793.256,0.786,1.934,2.328,1.01,1.19,2.113,3.304,1.457,2.882,3.414,5.199,2.599,0.976,4.441,3.132,4.714,2.35,1.24,2.374,0.005,0.024,0.03,0.001,905.439,674.861,34.867,6.086,0.00011703727661230055,1.7658814581536985e-05,2.898075040399792e-09,4.3726789796313405e-10,3768.068,3711.021,3693.393,579.163,580.792,563.729,2.9765516318265823e-09,3.030454272324521e-09,3.0781722710546e-09,4.575046344024521e-10,4.742801503230252e-10,4.698267896726232e-10
Canada,2006,CAN,32759122.0,1348293361664.0,0.909,0.018,61.295,2.008,272.901,8.94,1.469,0.056,216.508,-3.137,-10.927,10300.312,337.429,2928.039,95.92,-2.554,-10.603,12347.205,404.484,15.765,9.366,589.32,17989.494,608.43,21.531,-3.347,-127.094,112017.961,2.722,-4.493,-111.139,4482.11,146.83,72109.438,2362.242,24.133,65.572,-0.592,-5.182,870.735,1233.855,40.42,26579.924,0.137,2.449,54762.578,1793.974,6.643,24.17,131.73,-2.505,-29.45,943.549,10772.268,352.89,28802.631,58.0,26.191,-0.531,-13.287,1240.271,14090.731,461.6,37860.32,75.867,34.428,-19.11,-3.243,6.436,14.415,260.114,2969.554,97.28,7940.201,15.989,7.22,-7.608,-95.03,1154.078,320.216,10.49,35229.203,5.831,96.756,53606.789,1756.111,1.724,32.035,27.931,8.938,8.82,-2.374,-0.679,272.841,7.895,852.63,1.469,0.233,0.775,18572.842,3669.61,-2.231,-27.702,980.157,11121.178,364.32,29920.121,59.879,27.208,23.529,0.01,0.056,0.611,0.02,1.714,0.003,0.002,57.776,2.399,6.612,75.399,2.47,201.851,0.406,0.184,CAN,32759174.0,1348293361664.0,7.728,0.236,568.173,-4.682,-0.817,765.615,-37.824,-4.708,23.371,0.568,0.203,17.344,0.421,0.151,114.03,3.481,575.943,17.581,0.427,278.306,25606.225,64097.742,8532.363,389.986,5201.585,38491.891,11150.497,53.487,115946.312,2.798,15.799,0.482,168.452,5.142,20.571,27.019,197.441,6.027,127.164,3.882,37.433,1.143,259.202,7.912,0.09,2.962,3771.95,0.732,1.855,2.129,0.935,1.17,2.106,3.282,1.446,2.926,3.401,5.189,2.591,0.985,4.546,3.031,3.703,2.31,1.171,2.369,0.005,0.024,0.03,0.001,885.117,673.892,7.77,1.368,0.00011201795945568653,1.734393547285358e-05,2.721670301388372e-09,4.214016149265822e-10,3796.704,3768.068,3711.021,572.855,579.163,580.792,2.898075040399792e-09,2.9765516318265823e-09,3.030454272324521e-09,4.3726789796313405e-10,4.575046344024521e-10,4.742801503230252e-10
Canada,2007,CAN,33092121.0,1379925884928.0,284.794,5.719,233.486,7.727,271.666,8.99,1.418,0.201,227.755,4.543,15.33,10659.914,352.759,3217.382,106.47,2.567,10.384,12536.763,414.868,16.788,9.161,603.24,18229.113,634.19,20.708,6.787,249.04,118416.398,2.84,9.314,220.021,4886.662,161.71,78032.562,2582.263,25.499,67.058,7.56,65.829,936.564,1299.705,43.01,28301.73,-2.63,-47.183,52785.715,1746.791,6.782,24.322,144.44,4.175,34.168,977.717,11108.988,367.62,29545.301,57.967,25.39,3.579,28.23,1268.501,14277.719,472.48,38332.426,74.501,32.942,-30.95,-5.131,-4.575,-13.22,246.894,2805.199,92.83,7460.8,14.638,6.412,12.032,138.862,1292.939,369.574,12.23,39070.914,3.095,54.357,54709.965,1810.469,1.928,33.576,28.097,8.991,8.82,0.593,0.166,271.698,7.895,849.058,1.418,0.233,0.73,19164.381,3918.65,5.745,41.451,1021.608,11472.52,379.65,30871.627,59.864,26.53,23.81,0.013,0.069,0.907,0.03,2.09,0.005,0.002,21.601,1.386,7.998,90.958,3.01,241.691,0.475,0.208,CAN,33092172.0,1379925884928.0,7.731,0.234,591.889,23.715,4.174,769.508,3.893,0.508,23.253,0.558,0.197,17.886,0.429,0.151,118.821,3.591,598.269,18.079,0.434,286.037,26198.111,64867.25,8651.185,405.831,5382.356,38669.508,11416.357,56.348,119158.602,2.838,15.845,0.479,180.77,5.463,21.079,27.164,177.619,5.367,125.632,3.796,41.038,1.24,265.861,8.034,0.086,2.86,3915.844,0.682,1.877,2.13,0.929,1.147,2.1,3.261,1.435,2.968,3.391,5.181,2.585,0.991,4.616,3.138,3.866,2.363,1.102,2.363,0.005,0.024,0.031,0.001,898.929,697.554,6.381,1.078,0.0001184164049200679,1.7886072875481916e-05,2.8397539627314568e-09,4.289281087229426e-10,3669.61,3796.704,3768.068,568.173,572.855,579.163,2.721670301388372e-09,2.898075040399792e-09,2.9765516318265823e-09,4.214016149265822e-10,4.3726789796313405e-10,4.575046344024521e-10
Canada,2008,CAN,33449040.0,1397938716672.0,20.219,1.562,277.699,9.289,238.572,7.98,1.256,0.244,213.475,-4.972,-17.538,10021.861,335.222,3013.54,100.8,-0.264,-1.094,12370.294,413.774,15.871,8.821,602.95,18025.93,635.11,21.153,-1.194,-46.779,115754.32,2.77,-2.857,-73.778,4498.186,150.46,74994.219,2508.485,23.69,66.006,-1.188,-11.126,925.439,1184.787,39.63,27667.123,-4.687,-81.875,49774.703,1664.916,6.24,24.351,135.58,2.684,18.293,996.01,11285.525,377.49,29776.934,59.437,26.208,2.859,23.41,1291.911,14489.205,484.65,38623.273,76.31,33.994,-32.16,-5.334,2.715,4.696,251.59,2850.605,95.35,7521.594,15.013,6.62,-3.489,-45.115,1247.824,299.859,10.03,37305.234,-1.562,-28.288,53280.484,1782.181,1.579,32.834,24.934,7.979,8.82,-11.257,-3.163,238.541,7.895,745.44,1.256,0.233,0.656,18987.391,3871.871,2.893,18.714,1040.321,11638.6,389.3,31101.678,61.296,27.374,34.615,0.023,0.092,1.196,0.04,2.761,0.006,0.002,25.978,1.998,9.996,113.307,3.79,298.845,0.597,0.263,CAN,33449089.0,1397938716672.0,6.988,0.209,575.77,-16.119,-2.723,713.186,-56.322,-7.319,21.322,0.51,0.184,17.213,0.412,0.149,112.68,3.369,582.889,17.426,0.417,293.025,26773.883,65580.438,8763.864,420.925,5563.556,38806.922,11673.456,59.057,116479.148,2.768,15.094,0.451,181.2,5.417,20.294,25.348,137.416,4.108,122.593,3.665,39.778,1.189,257.097,7.686,0.081,2.71,3869.268,0.608,1.795,1.93,0.854,1.124,2.093,3.237,1.423,3.005,3.379,5.165,2.578,0.993,4.51,3.057,2.816,2.295,1.043,2.355,0.005,0.025,0.031,0.001,847.862,678.805,7.119,1.236,0.00011575432359194418,1.721332380681527e-05,2.7697000975962393e-09,4.118707015788973e-10,3918.65,3669.61,3796.704,591.889,568.173,572.855,2.8397539627314568e-09,2.721670301388372e-09,2.898075040399792e-09,4.289281087229426e-10,4.214016149265822e-10,4.3726789796313405e-10
Canada,2009,CAN,33826322.0,1360538107904.0,-3.847,-0.357,264.037,8.931,264.291,8.94,1.456,0.245,204.327,-16.448,-55.137,8280.065,280.084,2504.558,84.72,-6.884,-28.483,11390.283,385.291,13.801,7.67,580.25,17153.801,613.87,21.333,-3.909,-151.366,109988.438,2.735,-4.533,-113.702,4139.676,140.03,70796.43,2394.783,22.811,65.577,-3.043,-28.163,897.275,1338.307,45.27,26525.949,-6.872,-114.408,45837.328,1550.508,7.375,24.57,125.43,-2.331,-28.326,967.683,10899.5,368.69,28607.41,60.06,26.498,-2.258,-34.818,1257.093,14008.026,473.84,37163.172,77.189,34.423,-33.62,-5.794,-6.175,-16.774,234.816,2644.686,89.46,6941.823,14.573,6.43,-2.436,-30.401,1217.423,296.81,10.04,35990.414,-0.057,-1.017,52656.145,1781.164,1.636,33.337,27.944,8.942,8.82,12.07,3.01,264.352,7.895,826.1,1.457,0.233,0.765,18147.701,3720.504,-1.322,-18.044,1022.277,11363.34,384.38,30221.348,62.616,27.993,211.429,0.194,0.286,3.252,0.11,8.458,0.018,0.008,75.31,7.436,17.432,196.297,6.64,515.343,1.082,0.477,CAN,33826369.0,1360538107904.0,5.364,0.159,542.811,-32.959,-5.724,653.726,-59.46,-8.337,19.326,0.48,0.176,16.047,0.399,0.146,93.362,2.76,574.166,16.974,0.422,298.389,27316.693,66234.164,8857.227,435.096,5737.779,38917.836,11926.878,61.325,110665.805,2.733,14.17,0.419,174.223,5.151,18.924,23.323,110.915,3.279,116.307,3.438,38.135,1.127,253.423,7.492,0.067,2.268,3717.698,0.454,1.721,1.776,0.716,1.095,2.084,3.211,1.408,3.035,3.367,5.144,2.572,0.99,4.289,3.012,2.103,2.313,0.929,2.345,0.005,0.025,0.031,0.001,788.939,640.132,31.355,5.776,0.00010998842853798559,1.6046978024747027e-05,2.734582720164807e-09,3.989678766412774e-10,3871.871,3918.65,3669.61,575.77,591.889,568.173,2.7697000975962393e-09,2.8397539627314568e-09,2.721670301388372e-09,4.118707015788973e-10,4.289281087229426e-10,4.214016149265822e-10
Canada,2010,CAN,34196847.0,1406355374080.0,16.538,1.477,304.37,10.408,301.197,10.3,1.697,0.282,214.783,2.457,6.883,8391.62,286.967,2528.011,86.45,6.459,24.887,11994.625,410.178,14.241,7.771,582.01,17019.406,607.03,20.589,1.076,40.05,109967.867,2.674,3.444,82.487,4279.049,146.33,72441.477,2477.27,24.106,67.085,2.056,18.446,915.721,1543.417,52.78,26777.938,-3.521,-54.597,43744.113,1495.911,8.695,24.798,130.38,-4.693,-52.619,915.065,10275.509,351.39,26758.74,57.887,24.78,-2.419,-41.608,1215.486,13472.003,460.7,35543.789,75.894,32.915,-25.02,-4.299,0.629,-0.368,234.448,2632.699,90.03,6855.833,14.831,6.349,4.695,57.159,1274.582,207.621,7.1,37271.922,4.883,86.968,54628.762,1868.131,1.17,34.516,32.18,10.298,8.82,15.159,4.236,301.126,7.895,941.019,1.696,0.233,0.871,17751.053,3760.554,-3.112,-41.239,981.038,10839.304,370.67,28687.957,61.063,26.567,134.455,0.379,0.666,7.603,0.26,19.461,0.043,0.018,31.356,5.287,22.719,254.994,8.72,664.367,1.437,0.615,CAN,34196901.0,1406355374080.0,6.005,0.176,554.734,11.924,2.197,640.357,-13.369,-2.045,18.726,0.455,0.171,16.222,0.394,0.148,95.844,2.803,606.123,17.724,0.431,304.395,27871.428,66874.516,8953.07,449.546,5916.048,39003.461,12184.783,63.587,110485.93,2.668,14.451,0.423,178.268,5.213,19.109,23.06,85.622,2.504,117.227,3.428,39.16,1.145,257.905,7.542,0.066,2.261,3752.479,0.475,1.663,1.649,0.687,1.067,2.073,3.182,1.393,3.062,3.349,5.118,2.565,0.988,4.235,2.862,1.56,2.278,0.919,2.333,0.005,0.025,0.032,0.001,788.575,653.466,51.388,9.264,0.00010996785756300546,1.6221762317000123e-05,2.6739713654950504e-09,3.9444795406914285e-10,3720.504,3871.871,3918.65,542.811,575.77,591.889,2.734582720164807e-09,2.7697000975962393e-09,2.8397539627314568e-09,3.989678766412774e-10,4.118707015788973e-10,4.289281087229426e-10
Canada,2011,CAN,34555403.0,1454221426688.0,61.271,6.377,485.768,16.786,295.468,10.21,1.6,0.438,206.182,-9.749,-27.977,7494.928,258.99,2312.229,79.9,0.059,0.24,11877.118,410.419,12.518,6.763,601.59,17409.434,638.27,20.962,3.711,139.563,112865.625,2.682,2.473,61.255,4301.498,148.64,73462.477,2538.526,23.288,66.293,9.805,89.787,1005.508,1809.558,62.53,29098.43,0.99,14.802,43718.582,1510.713,9.797,26.259,131.6,6.927,58.313,973.378,10872.974,375.72,28168.605,58.865,25.419,7.498,75.245,1290.73,14169.42,489.63,37352.488,76.712,33.707,-36.68,-6.097,3.232,6.324,240.772,2689.594,92.94,6967.719,14.561,6.288,-0.044,-0.555,1274.027,179.711,6.21,36869.121,5.914,110.49,57259.391,1978.621,0.973,33.271,31.918,10.214,8.82,-0.814,-0.262,295.577,7.895,923.678,1.6,0.233,0.834,18470.918,3900.117,8.506,68.92,1049.958,11479.825,396.69,30384.768,62.151,27.419,123.715,0.816,1.481,16.495,0.57,42.862,0.089,0.039,16.785,3.676,26.395,294.889,10.19,763.854,1.597,0.689,CAN,34555450.0,1454221426688.0,6.02,0.174,563.32,8.586,1.548,700.765,60.409,9.434,20.279,0.482,0.18,16.302,0.387,0.145,86.835,2.513,599.875,17.36,0.413,310.415,28434.748,67575.281,9039.904,464.165,6110.023,39140.906,12444.216,66.024,113449.32,2.678,14.619,0.423,193.976,5.613,19.21,24.503,137.445,3.978,118.035,3.416,41.458,1.2,259.433,7.508,0.071,2.437,3893.982,0.443,1.633,1.761,0.589,1.039,2.062,3.155,1.375,3.086,3.337,5.101,2.558,0.984,4.069,3.025,2.604,2.283,0.886,2.321,0.005,0.026,0.032,0.001,846.7,663.824,36.554,6.489,0.00011286562046461699,1.6301914748613715e-05,2.6819278883014024e-09,3.8736879381771006e-10,3760.554,3720.504,3871.871,554.734,542.811,575.77,2.6739713654950504e-09,2.734582720164807e-09,2.7697000975962393e-09,3.9444795406914285e-10,3.989678766412774e-10,4.118707015788973e-10
Canada,2012,CAN,34922466.0,1479829618688.0,30.502,5.12,627.276,21.906,312.406,10.91,1.714,0.572,193.389,-5.241,-13.574,7027.457,245.416,1985.828,69.35,0.885,3.634,11856.337,414.053,10.895,6.406,589.79,16888.555,636.54,20.936,0.04,1.576,111724.438,2.637,-0.691,-17.537,3979.387,138.97,72188.148,2520.988,21.832,65.8,-1.121,-11.273,994.235,1810.869,63.24,28469.791,-0.507,-7.661,43039.688,1503.052,9.935,25.95,123.1,1.209,6.692,980.07,10888.979,380.27,28064.168,59.74,25.581,2.579,19.565,1310.295,14247.849,497.57,37520.117,78.168,34.2,-46.75,-7.927,1.36,2.018,242.79,2697.404,94.2,6952.257,14.799,6.337,0.574,7.309,1281.337,182.69,6.38,36690.902,7.513,148.656,60914.301,2127.278,1.002,33.444,34.106,10.914,8.82,6.854,2.188,312.516,7.895,976.612,1.715,0.233,0.89,18227.234,3901.693,2.853,17.547,1067.505,11550.444,403.37,30567.861,63.369,27.863,54.064,0.789,2.27,25.199,0.88,65.005,0.138,0.059,11.021,2.758,29.153,323.86,11.31,834.801,1.777,0.761,CAN,34922512.0,1479829618688.0,6.532,0.187,564.221,0.901,0.16,673.268,-27.497,-3.924,19.279,0.455,0.172,16.156,0.381,0.144,81.544,2.335,577.039,16.523,0.39,316.947,28998.969,68248.555,9121.449,479.655,6307.237,39249.953,12705.112,68.569,112586.703,2.639,15.49,0.444,197.213,5.647,19.11,23.486,109.047,3.123,121.051,3.466,43.25,1.238,260.897,7.471,0.073,2.545,3905.844,0.468,1.612,1.656,0.547,1.013,2.051,3.128,1.356,3.111,3.326,5.078,2.552,0.981,4.108,3.011,1.929,2.27,0.92,2.307,0.005,0.026,0.032,0.001,820.175,667.368,12.817,2.272,0.00011172444122359197,1.6156369278360727e-05,2.6365825840539645e-09,3.812742986589442e-10,3900.117,3760.554,3720.504,563.32,554.734,542.811,2.6819278883014024e-09,2.6739713654950504e-09,2.734582720164807e-09,3.8736879381771006e-10,3.9444795406914285e-10,3.989678766412774e-10
Canada,2013,CAN,35293366.0,1514296442880.0,-1.978,-0.433,608.408,21.473,312.807,11.04,1.684,0.546,186.963,-2.479,-6.083,6781.238,239.333,1998.676,70.54,1.306,5.409,11884.984,419.461,10.758,6.09,603.81,17108.314,655.69,21.04,2.631,102.658,113459.016,2.644,2.212,55.767,3895.633,137.49,73009.617,2576.755,20.969,65.57,6.052,60.172,1054.407,1708.253,60.29,29875.5,1.075,16.151,43045.016,1519.203,9.195,26.831,122.59,3.03,21.948,1002.018,11100.953,391.79,28391.104,59.752,25.498,3.885,42.732,1353.027,14682.646,518.2,38336.594,79.031,34.43,-51.88,-8.592,9.042,19.922,262.712,2910.462,102.72,7443.669,15.666,6.685,0.131,1.679,1283.016,188.704,6.66,36352.879,6.832,145.336,64392.102,2272.614,1.016,32.649,34.486,11.036,8.82,1.116,0.381,312.682,7.895,977.132,1.683,0.233,0.878,18578.279,4004.351,2.742,22.81,1090.315,11772.185,415.48,30892.926,63.365,27.745,70.184,1.564,3.834,42.501,1.5,108.625,0.229,0.098,-1.468,-0.648,28.505,315.923,11.15,807.658,1.7,0.725,CAN,35293420.0,1514296442880.0,5.973,0.169,568.854,4.633,0.821,689.641,16.373,2.432,19.54,0.455,0.172,16.118,0.376,0.142,79.249,2.245,577.341,16.358,0.381,322.92,29567.824,68938.195,9200.698,496.02,6511.487,39370.738,12965.662,71.037,114051.086,2.641,16.365,0.464,204.25,5.787,19.051,23.772,120.787,3.422,121.8,3.451,43.03,1.219,260.549,7.382,0.07,2.468,3999.053,0.411,1.611,1.706,0.528,0.987,2.04,3.102,1.338,3.139,3.319,5.06,2.545,0.975,4.248,3.1,2.361,2.25,0.838,2.295,0.005,0.026,0.033,0.001,838.992,672.364,8.487,1.492,0.00011345902796576237,1.611784859614013e-05,2.6443640007396647e-09,3.756556403963492e-10,3901.693,3900.117,3760.554,564.221,563.32,554.734,2.6365825840539645e-09,2.6819278883014024e-09,2.6739713654950504e-09,3.812742986589442e-10,3.8736879381771006e-10,3.9444795406914285e-10
Canada,2014,CAN,35634224.0,1557757558784.0,3.179,0.683,621.748,22.155,275.017,9.8,1.501,0.563,188.86,-4.903,-11.735,6387.045,227.597,1947.005,69.38,-0.669,-2.806,11692.567,416.656,10.625,5.781,607.36,17044.289,652.97,20.808,0.12,4.805,112508.57,2.574,0.983,25.325,3906.076,139.19,73021.938,2602.08,21.316,66.089,4.174,44.008,1098.415,1825.492,65.05,30824.729,4.655,70.713,44617.668,1589.916,9.962,27.898,123.32,-2.371,-28.732,973.286,10734.062,382.5,27313.236,58.578,24.72,-0.693,-17.887,1335.14,14418.162,513.78,37467.918,78.684,33.911,-45.61,-7.51,3.713,8.368,271.08,2989.823,106.54,7607.3,16.316,6.885,-0.542,-6.948,1276.067,133.579,4.76,35810.164,7.352,167.093,68465.266,2439.707,0.729,32.41,30.61,9.795,8.82,-11.24,-3.876,274.883,7.895,859.01,1.5,0.233,0.777,18324.236,4009.156,-1.728,-26.255,1064.06,11428.339,407.24,29860.617,62.367,27.026,41.442,1.561,5.395,59.493,2.12,151.397,0.325,0.137,14.998,4.108,32.613,359.766,12.82,915.227,1.963,0.828,CAN,35634265.0,1557757558784.0,5.912,0.166,566.469,-2.385,-0.419,730.657,41.017,5.948,20.504,0.469,0.182,15.897,0.364,0.141,76.962,2.16,558.162,15.664,0.358,328.832,30134.293,69668.844,9277.66,512.53,6722.952,39534.93,13218.769,73.55,113198.414,2.573,16.511,0.463,211.465,5.934,18.957,24.899,164.189,4.608,127.018,3.564,42.418,1.19,253.107,7.103,0.071,2.513,4007.746,0.393,1.598,1.789,0.512,0.961,2.03,3.078,1.321,3.166,3.314,5.046,2.537,0.969,4.27,3.189,3.043,2.181,0.823,2.285,0.005,0.026,0.033,0.001,887.262,675.51,-8.307,-1.466,0.00011250858163769436,1.589674993998008e-05,2.573671350456861e-09,3.636438782182453e-10,4004.351,3901.693,3900.117,568.854,564.221,563.32,2.6443640007396647e-09,2.6365825840539645e-09,2.6819278883014024e-09,3.756556403963492e-10,3.812742986589442e-10,3.8736879381771006e-10
Canada,2015,CAN,35962183.0,1568025739264.0,-6.095,-1.35,578.528,20.805,277.792,9.99,1.511,0.527,184.365,-5.825,-13.257,5960.167,214.341,1806.342,64.96,-9.951,-41.463,10432.966,375.192,9.826,5.428,601.55,16727.293,661.08,21.041,0.307,12.298,111824.5,2.565,-0.162,-4.226,3835.696,137.94,72238.492,2597.854,20.866,65.785,0.447,4.909,1103.324,1890.319,67.98,30680.131,1.11,17.641,44701.312,1607.557,10.283,27.939,121.88,-0.081,-5.708,967.578,10627.553,382.19,26905.428,57.813,24.502,1.497,16.003,1351.143,14546.948,523.14,37571.211,79.134,34.215,-59.53,-9.896,-5.1,-15.129,255.951,2811.286,101.1,7117.24,15.293,6.481,0.323,4.121,1280.189,139.035,5.0,35598.191,3.002,73.239,69877.445,2512.946,0.756,32.418,31.21,9.987,8.82,1.959,0.6,277.713,7.895,867.854,1.511,0.233,0.79,18382.645,4021.453,3.134,31.131,1095.191,11735.661,422.04,30453.971,63.841,27.733,36.541,1.934,7.329,80.362,2.89,203.797,0.437,0.186,110.394,35.656,68.269,749.954,26.97,1898.365,4.08,1.729,CAN,35962236.0,1568025739264.0,6.185,0.172,565.644,-0.825,-0.146,708.503,-22.154,-3.032,19.701,0.452,0.176,15.729,0.361,0.141,73.719,2.05,537.848,14.956,0.343,335.016,30699.936,70377.352,9351.379,528.296,6936.564,39677.785,13472.803,75.878,112484.586,2.563,15.766,0.438,213.612,5.94,18.751,23.85,142.859,3.972,125.83,3.499,42.385,1.179,254.034,7.064,0.065,2.328,4019.313,0.426,1.598,1.731,0.503,0.939,2.02,3.054,1.304,3.188,3.309,5.029,2.528,0.961,4.106,3.157,2.583,2.147,0.767,2.273,0.005,0.027,0.034,0.001,857.683,674.335,-27.796,-4.914,0.00011182449630490697,1.572883287902299e-05,2.564660068582541e-09,3.6073642532520036e-10,4009.156,4004.351,3901.693,566.469,568.854,564.221,2.573671350456861e-09,2.6443640007396647e-09,2.6365825840539645e-09,3.636438782182453e-10,3.756556403963492e-10,3.812742986589442e-10
Canada,2016,CAN,36353292.0,1583728033792.0,-3.588,-0.746,551.77,20.059,312.489,11.36,1.7,0.515,180.678,-0.336,-0.719,5876.262,213.621,1788.559,65.02,1.442,5.411,10469.577,380.604,9.731,5.481,604.35,16624.354,668.15,21.638,-1.204,-48.416,109289.602,2.509,-2.408,-62.554,3732.261,135.68,69740.57,2535.3,20.307,65.047,-4.255,-46.945,1056.379,1810.565,65.82,29058.689,2.663,42.806,45397.883,1650.363,9.851,27.103,120.72,0.848,0.845,968.423,10602.341,385.43,26639.217,57.686,24.846,1.391,11.183,1362.326,14647.091,532.47,37474.633,79.693,34.953,-63.8,-10.557,-0.373,-2.877,253.074,2770.588,100.72,6961.518,15.074,6.493,-1.163,-14.89,1265.299,133.138,4.84,34805.621,1.282,32.221,70012.0,2545.167,0.724,32.463,35.499,11.36,8.82,13.741,4.289,312.476,7.895,976.487,1.7,0.233,0.911,18379.354,3973.037,1.793,14.061,1109.252,11876.504,431.75,30513.115,64.619,28.46,3.803,0.221,7.55,110.857,4.03,207.695,0.603,0.194,14.71,9.452,77.721,850.817,30.93,2137.947,4.629,1.994,CAN,36353345.0,1583728033792.0,6.114,0.168,558.872,-6.772,-1.197,691.969,-16.534,-2.334,19.035,0.437,0.174,15.373,0.353,0.14,74.001,2.036,521.455,14.344,0.329,341.131,31258.809,71069.32,9425.38,542.116,7147.003,39810.883,13725.016,78.161,110318.586,2.516,13.82,0.38,210.439,5.789,18.229,23.147,133.098,3.661,120.974,3.328,41.424,1.139,252.214,6.938,0.063,2.283,3983.994,0.41,1.578,1.738,0.516,0.918,2.01,3.032,1.288,3.199,3.3,5.017,2.519,0.954,3.695,3.027,3.021,2.108,0.76,2.262,0.005,0.027,0.034,0.001,841.481,662.672,-37.417,-6.695,0.00010928960711453287,1.537333084479529e-05,2.508661155973325e-09,3.5288382100673214e-10,4021.453,4009.156,4004.351,565.644,566.469,568.854,2.564660068582541e-09,2.573671350456861e-09,2.6443640007396647e-09,3.6073642532520036e-10,3.636438782182453e-10,3.756556403963492e-10
Canada,2017,CAN,36808448.0,1631871434752.0,17.931,3.597,642.665,23.655,302.92,11.15,1.665,0.599,172.011,2.682,5.73,5959.262,219.351,1706.402,62.81,-2.907,-11.066,10039.482,369.538,9.38,5.551,607.37,16500.832,669.61,21.374,1.349,53.598,109394.312,2.467,1.279,32.422,3482.625,128.19,69759.023,2567.721,19.144,64.986,3.788,40.012,1096.391,1669.725,61.46,29786.389,3.776,62.322,46529.668,1712.685,9.178,27.748,115.18,2.375,18.045,986.468,10720.094,394.59,26800.055,58.928,24.966,2.41,21.17,1383.496,14709.123,541.42,37586.383,80.856,35.014,-62.24,-10.247,-0.128,-1.587,251.487,2733.068,100.6,6832.314,15.024,6.365,-1.053,-13.32,1251.979,106.497,3.92,34013.371,8.124,206.769,74763.695,2751.936,0.585,31.686,34.829,11.145,8.82,-1.887,-0.67,302.79,7.895,946.218,1.664,0.233,0.881,18191.748,4026.635,2.977,22.757,1132.01,11976.056,440.82,30754.068,65.832,28.65,10.118,0.722,8.273,96.989,3.57,224.751,0.533,0.209,1.877,1.063,78.784,856.053,31.51,2140.379,4.706,1.994,CAN,36808500.0,1631871434752.0,6.863,0.186,569.603,10.731,1.92,713.345,21.376,3.089,19.38,0.437,0.177,15.475,0.349,0.141,73.401,1.994,528.403,14.355,0.324,347.994,31828.41,71782.664,9498.782,556.656,7363.785,39954.625,13980.818,80.375,110470.539,2.475,14.54,0.395,216.781,5.889,18.35,23.234,143.742,3.905,123.052,3.343,42.195,1.146,255.803,6.95,0.06,2.214,4038.178,0.455,1.583,1.774,0.506,0.9,2.0,3.01,1.273,3.212,3.292,5.009,2.51,0.946,3.754,3.041,3.397,2.105,0.731,2.25,0.005,0.027,0.034,0.001,855.191,675.443,-41.2,-7.233,0.0001093943162178392,1.5474768056290925e-05,2.467495241505921e-09,3.4904894336027403e-10,3973.037,4021.453,4009.156,558.872,565.644,566.469,2.508661155973325e-09,2.564660068582541e-09,2.573671350456861e-09,3.5288382100673214e-10,3.6073642532520036e-10,3.636438782182453e-10
Canada,2018,CAN,37294942.0,1677189185536.0,3.286,0.777,655.122,24.433,282.612,10.54,1.593,0.609,170.791,-17.501,-38.389,4852.18,180.962,1421.641,53.02,-7.896,-29.179,9126.125,340.358,8.015,4.513,613.31,16444.857,661.51,20.609,1.387,55.854,109464.961,2.434,3.27,83.958,3426.202,127.78,71100.227,2651.679,19.316,66.13,7.343,80.511,1176.902,1896.772,70.74,31556.617,3.216,55.083,47399.676,1767.768,10.694,29.351,112.98,-2.203,-26.533,959.935,10346.979,385.89,25739.018,58.335,23.94,-1.229,-25.404,1358.093,14311.056,533.73,36414.926,80.684,33.87,-48.2,-7.859,-0.56,-2.653,248.834,2682.133,100.03,6672.05,15.121,6.206,3.342,41.835,1293.815,107.789,4.02,34691.43,8.926,245.639,80374.836,2997.575,0.608,32.267,32.943,10.542,8.82,-5.416,-1.886,282.655,7.895,883.297,1.594,0.233,0.822,17737.258,4082.489,-1.374,-22.751,1109.259,11628.923,433.7,29742.877,65.562,27.664,5.525,0.414,8.686,101.89,3.8,232.91,0.574,0.217,6.212,4.478,83.262,897.441,33.47,2232.53,5.06,2.076,CAN,37294997.0,1677189185536.0,6.99,0.187,579.079,9.476,1.664,680.668,-32.677,-4.581,18.251,0.406,0.166,15.527,0.345,0.142,61.32,1.644,528.734,14.177,0.315,354.983,32407.49,72463.336,9560.103,571.869,7595.515,40056.215,14242.468,82.551,110439.844,2.439,15.213,0.408,231.731,6.213,18.411,22.238,101.589,2.724,124.514,3.339,43.998,1.18,261.649,7.016,0.058,2.176,4090.168,0.45,1.577,1.678,0.416,0.882,1.991,2.988,1.257,3.224,3.286,4.997,2.502,0.938,3.737,3.102,2.642,2.136,0.718,2.238,0.005,0.028,0.035,0.001,829.359,686.65,-50.344,-8.694,0.00010946495103812981,1.5526988780827208e-05,2.4341255209651908e-09,3.452675494177698e-10,4026.635,3973.037,4021.453,569.603,558.872,565.644,2.467495241505921e-09,2.508661155973325e-09,2.564660068582541e-09,3.4904894336027403e-10,3.5288382100673214e-10,3.6073642532520036e-10
Canada,2019,CAN,37782884.0,1708858146816.0,1.317,0.322,655.179,24.755,272.875,10.31,1.572,0.621,169.916,-6.525,-11.807,4477.012,169.154,1327.056,50.14,-1.69,-5.751,8856.054,334.607,7.643,4.243,608.95,16117.087,656.03,20.504,-0.551,-22.5,107455.766,2.376,-0.243,-6.431,3348.077,126.5,70011.812,2645.248,19.283,66.353,0.819,9.64,1186.542,1930.504,72.94,31404.232,-4.045,-71.499,44895.184,1696.27,11.118,29.763,111.47,-1.069,-14.959,944.976,10104.311,381.77,25010.689,58.194,23.704,-0.701,-16.741,1341.352,14015.077,529.53,35501.574,80.717,33.647,-47.08,-7.731,0.463,-0.086,248.747,2659.67,100.49,6583.6,15.318,6.24,-0.33,-4.264,1289.551,90.517,3.42,34130.562,2.205,66.083,81085.859,3063.658,0.521,32.347,32.21,10.307,8.82,-2.223,-0.732,272.803,7.895,852.509,1.571,0.233,0.808,17363.154,4059.989,-0.955,-16.654,1092.604,11355.406,429.04,28917.973,65.399,27.407,7.463,0.602,9.288,107.985,4.08,245.837,0.622,0.233,-1.78,-1.887,81.375,870.235,32.88,2153.758,5.012,2.041,CAN,37782931.0,1708858146816.0,7.195,0.19,582.025,2.946,0.509,681.297,0.63,0.092,18.032,0.399,0.167,15.404,0.341,0.143,58.777,1.556,522.583,13.831,0.306,362.178,32989.512,73144.633,9618.88,587.526,7830.451,40155.488,14505.774,84.705,108410.719,2.38,15.657,0.414,234.935,6.218,18.236,22.171,99.272,2.627,124.018,3.282,42.608,1.128,263.306,6.969,0.057,2.154,4067.85,0.443,1.569,1.666,0.4,0.865,1.981,2.966,1.24,3.233,3.279,4.986,2.494,0.93,3.597,3.078,2.622,2.121,0.706,2.225,0.006,0.028,0.035,0.001,837.691,689.02,-59.441,-10.213,0.00010745577283089064,1.5404442815725033e-05,2.3758490472510567e-09,3.4059292814002606e-10,4082.489,4026.635,3973.037,579.079,569.603,558.872,2.4341255209651908e-09,2.467495241505921e-09,2.508661155973325e-09,3.452675494177698e-10,3.4904894336027403e-10,3.5288382100673214e-10
Canada,2020,CAN,38171851.0,1622144450560.0,-7.288,-1.804,601.242,22.951,262.235,10.01,1.531,0.61,160.499,-13.583,-22.976,3829.472,146.178,1043.439,39.83,-4.825,-16.145,8342.862,318.462,6.091,3.885,596.26,15620.411,653.9,22.015,-5.543,-225.044,100465.242,2.364,-8.771,-232.018,3138.176,119.79,63220.152,2413.23,18.319,64.143,-2.835,-33.637,1152.905,1974.754,75.38,30203.023,-2.366,-40.14,43386.16,1656.13,11.528,30.644,104.95,1.251,9.455,954.431,10126.571,386.55,25003.541,59.115,25.369,0.595,7.679,1349.031,13992.247,534.11,35340.98,81.681,35.857,-57.64,-9.667,-2.967,-7.976,240.772,2554.5,97.51,6307.576,14.912,6.4,-13.602,-175.404,1114.147,119.984,4.58,29187.656,-4.351,-133.311,76767.219,2930.347,0.7,29.614,32.516,10.405,8.82,0.949,0.306,272.585,7.895,851.828,1.591,0.233,0.864,17130.426,3834.944,1.384,15.654,1108.259,11437.748,436.6,29033.406,66.769,29.457,8.506,0.765,10.054,112.125,4.28,263.378,0.655,0.267,8.787,6.932,88.307,936.816,35.76,2313.416,5.469,2.347,CAN,38171901.0,1622144450560.0,6.713,0.176,526.582,-55.443,-9.526,615.787,-65.51,-9.615,16.132,0.38,0.161,13.795,0.325,0.138,48.575,1.273,480.264,12.582,0.296,368.891,33516.094,73760.414,9667.455,603.684,8055.355,40244.691,14733.95,86.761,100866.023,2.356,16.158,0.423,224.905,5.892,16.214,19.897,89.206,2.337,109.583,2.871,44.565,1.167,228.175,5.978,0.054,2.056,3821.683,0.41,1.499,1.597,0.34,0.848,1.971,2.945,1.224,3.25,3.27,4.976,2.486,0.923,4.029,2.973,2.594,2.082,0.697,2.211,0.006,0.028,0.035,0.001,759.515,618.915,-46.318,-8.796,0.00010046523549512701,1.3795016391769072e-05,2.3641199146451433e-09,3.246209052579826e-10,4059.989,4082.489,4026.635,582.025,579.079,569.603,2.3758490472510567e-09,2.4341255209651908e-09,2.467495241505921e-09,3.4059292814002606e-10,3.452675494177698e-10,3.4904894336027403e-10
Canada,2021,CAN,38454011.0,1703443300352.0,6.675,1.532,636.667,24.482,264.732,10.18,1.566,0.646,163.002,-10.223,-14.944,3412.749,131.234,923.181,35.5,5.522,17.584,8738.931,336.047,5.462,3.461,602.64,15671.708,649.93,21.567,0.705,27.035,100431.133,2.267,1.987,47.953,3172.621,122.0,64003.301,2461.184,18.771,64.911,2.895,33.378,1186.283,2141.259,82.34,30849.398,4.067,67.363,44819.578,1723.493,12.669,31.287,105.94,-1.065,-12.487,941.944,9945.126,382.43,24495.348,58.842,24.843,-0.968,-18.615,1330.416,13728.867,527.93,34597.59,81.229,35.089,-47.29,-7.847,-5.669,-14.208,226.564,2391.948,91.98,5891.811,14.152,5.975,2.65,29.52,1143.667,108.181,4.16,29741.152,5.816,170.427,80635.891,3100.773,0.64,30.163,32.965,10.549,8.82,1.382,0.449,274.325,7.895,857.264,1.623,0.233,0.869,16901.488,3861.98,0.029,-4.406,1103.852,11336.919,435.95,28705.781,67.076,29.113,25.602,2.543,12.596,157.071,6.04,327.571,0.929,0.332,4.284,3.557,91.864,969.99,37.3,2388.93,5.739,2.423,CAN,38454058.0,1703443300352.0,7.379,0.192,540.312,13.73,2.607,626.038,10.251,1.665,16.28,0.368,0.162,14.051,0.317,0.14,45.795,1.191,502.001,13.055,0.295,376.27,34056.406,74386.453,9713.249,620.655,8286.297,40330.422,14971.032,88.904,101349.102,2.27,16.971,0.441,230.942,6.006,16.57,20.104,85.726,2.229,113.759,2.958,43.4,1.129,237.083,6.165,0.056,2.143,3866.976,0.435,1.461,1.544,0.303,0.833,1.96,2.923,1.207,3.27,3.259,4.965,2.478,0.916,4.186,2.915,2.413,2.056,0.711,2.196,0.006,0.029,0.036,0.002,773.065,637.202,-38.311,-7.091,0.00010043113577930531,1.4050844776901985e-05,2.2671608730398948e-09,3.1718813293541957e-10,3834.944,4059.989,4082.489,526.582,582.025,579.079,2.3641199146451433e-09,2.3758490472510567e-09,2.4341255209651908e-09,3.246209052579826e-10,3.4059292814002606e-10,3.452675494177698e-10
Canada,2022,CAN,38821209.0,1761295597568.0,24.172,5.918,783.086,30.4,234.923,9.12,1.384,0.781,156.795,-18.485,-24.258,2755.596,106.976,698.33,27.11,0.495,1.664,8699.125,337.711,4.114,2.748,607.84,15657.421,658.95,21.246,2.655,102.541,102122.555,2.251,2.885,71.008,3092.124,120.04,65227.008,2532.191,18.217,65.036,4.371,51.852,1238.135,2254.18,87.51,31893.262,7.236,124.71,47608.074,1848.203,13.28,31.8,103.32,4.0,35.268,977.212,10245.173,397.73,25172.115,60.358,25.099,3.196,30.894,1361.31,13881.844,538.91,35066.141,81.783,34.964,-51.11,-8.408,-5.819,-13.707,212.856,2231.512,86.63,5482.993,13.147,5.467,3.796,43.414,1187.081,139.614,5.42,30578.148,2.742,85.012,82063.008,3185.785,0.823,30.489,29.748,9.519,8.82,-9.761,-3.218,245.207,7.895,766.272,1.445,0.233,0.764,16973.969,3964.521,4.999,44.601,1148.453,11650.333,452.28,29583.146,68.636,29.497,12.186,1.5,14.097,181.602,7.05,363.12,1.07,0.362,5.848,5.133,96.997,988.635,38.38,2498.554,5.824,2.491,CAN,38821260.0,1761295597568.0,6.752,0.174,550.612,10.3,1.906,657.755,31.717,5.066,16.943,0.373,0.166,14.183,0.313,0.139,38.198,0.984,501.955,12.93,0.285,383.021,34607.02,75044.211,9751.447,638.15,8526.038,40437.562,15217.298,91.065,103290.68,2.255,17.495,0.451,239.741,6.176,16.743,20.87,107.143,2.76,115.991,2.988,45.077,1.161,246.265,6.344,0.056,2.161,3971.974,0.422,1.476,1.611,0.252,0.818,1.95,2.902,1.189,3.292,3.252,4.956,2.47,0.91,4.341,3.038,3.026,2.068,0.717,2.182,0.006,0.029,0.036,0.002,810.218,650.002,-48.656,-8.837,0.00010212255367935342,1.4183259379010001e-05,2.2509117751013617e-09,3.1261759852252283e-10,3861.98,3834.944,4059.989,540.312,526.582,582.025,2.2671608730398948e-09,2.3641199146451433e-09,2.3758490472510567e-09,3.1718813293541957e-10,3.246209052579826e-10,3.4059292814002606e-10
Canada,2023,CAN,39299053.0,1761295597568.0,10.87,3.305,857.653,33.705,264.129,10.38,1.639,0.883,165.148,-3.747,-4.009,2620.087,102.967,623.934,24.52,4.396,14.845,8971.103,352.556,3.872,2.697,605.52,15408.005,633.19,20.543,-1.934,-76.661,98930.125,2.251,0.242,6.137,3130.101,123.01,64590.066,2538.329,19.427,66.492,0.249,3.085,1241.22,2378.174,93.46,31583.967,2.709,50.059,48302.988,1898.262,14.76,32.514,104.57,-9.3,-97.368,879.844,9267.399,364.2,22388.414,57.518,23.048,-4.902,-82.169,1279.141,12981.992,510.18,32548.91,80.573,33.508,-27.67,-4.57,2.072,2.821,215.677,2265.194,89.02,5488.1,14.059,5.65,0.595,7.061,1194.142,127.993,5.03,30386.016,1.38,43.948,82183.484,3229.733,0.794,31.281,30.628,9.801,8.82,2.961,0.881,249.397,7.895,779.364,1.548,0.233,0.802,16112.093,3887.86,-6.153,-84.989,1063.464,10716.798,421.16,27060.809,66.514,27.858,46.363,6.385,20.481,194.407,7.64,521.169,1.207,0.537,2.616,1.809,98.806,990.864,38.94,2514.208,6.15,2.588,CAN,39299099.0,1761295597568.0,6.752,0.172,549.299,-1.313,-0.238,654.023,-3.731,-0.567,16.642,0.373,0.169,13.977,0.313,0.142,36.769,0.936,501.955,12.93,0.285,389.773,35156.32,75698.234,9788.218,655.645,8763.307,40542.285,15466.149,93.227,99916.398,2.255,17.495,0.445,237.269,6.038,16.336,20.357,104.724,2.665,109.381,2.783,44.815,1.14,248.853,6.332,0.055,2.161,3874.887,0.43,1.453,1.579,0.239,0.806,1.94,2.881,1.172,3.312,3.245,4.947,2.461,0.905,4.257,3.003,2.889,2.038,0.718,2.168,0.006,0.029,0.036,0.002,800.006,641.995,-48.656,-8.837,9.893011925757859e-05,1.3977394240004995e-05,2.207386429267389e-09,3.118721245647085e-10,3964.521,3861.98,3834.944,550.612,540.312,526.582,2.2509117751013617e-09,2.2671608730398948e-09,2.3641199146451433e-09,3.1261759852252283e-10,3.1718813293541957e-10,3.246209052579826e-10
Canada,2024,CAN,39742378.0,1761295597568.0,-2.16,-0.728,829.771,32.977,275.021,10.93,1.743,0.863,174.814,-21.195,-21.824,2041.719,81.143,657.233,26.12,-9.915,-34.956,7991.462,317.6,4.165,2.123,614.68,15466.613,627.18,20.194,-0.043,-1.665,97784.664,2.251,1.472,37.367,3271.319,130.01,64809.797,2575.696,20.729,67.389,3.556,44.134,1285.354,2478.966,98.52,32342.15,2.283,43.328,48854.398,1941.59,15.708,33.629,109.64,-4.862,-42.777,837.067,8724.44,346.73,21062.318,55.284,21.901,-2.559,-32.73,1246.412,12509.82,497.17,31362.285,79.271,32.611,-12.5,-2.034,-3.347,-7.219,208.458,2168.466,86.18,5245.225,13.741,5.454,1.261,15.057,1209.199,135.12,5.37,30425.928,4.407,142.339,84848.281,3372.073,0.856,31.637,30.724,9.832,8.82,0.313,0.096,247.387,7.895,773.084,1.568,0.233,0.804,15781.139,3886.195,-2.405,-25.51,1037.954,10341.354,410.99,26117.061,65.53,27.157,12.136,2.486,22.967,206.58,8.21,577.899,1.309,0.601,15.599,15.413,114.219,1135.312,45.12,2873.988,7.194,2.988,CAN,39299099.0,1761295597568.0,6.752,0.172,549.299,-1.313,-0.238,654.023,-3.731,-0.567,16.642,0.373,0.169,13.977,0.313,0.142,36.769,0.936,501.955,12.93,0.285,389.773,35156.32,75698.234,9788.218,655.645,8763.307,40542.285,15466.149,93.227,99916.398,2.255,17.495,0.445,237.269,6.038,16.336,20.357,104.724,2.665,109.381,2.783,44.815,1.14,248.853,6.332,0.055,2.161,3874.887,0.43,1.453,1.579,0.239,0.806,1.94,2.881,1.172,3.312,3.245,4.947,2.461,0.905,4.257,3.003,2.889,2.038,0.718,2.168,0.006,0.029,0.036,0.002,800.006,641.995,-48.656,-8.837,9.778466200487305e-05,1.3977394240004995e-05,2.2064411024282723e-09,3.118721245647085e-10,3887.86,3964.521,3861.98,549.299,550.612,540.312,2.207386429267389e-09,2.2509117751013617e-09,2.2671608730398948e-09,3.118721245647085e-10,3.1261759852252283e-10,3.1718813293541957e-10
China,1993,CHN,1197308522.0,4126169366528.0,176.0,0.0,0.0,0.0,2.001,2.54,0.187,0.0,783.314,6.519,438.859,5988.729,7170.356,492.128,589.228,3.072,199.396,5588.489,6691.146,72.602,76.035,1346.85,1060.862,811.59,8.863,7.795,683.926,7899.078,2.292,7.352,616.55,549.404,657.806,7519.45,9003.102,81.052,95.47,6.175,9.827,168.969,2.609,3.124,141.124,6.175,9.827,141.124,168.969,0.385,1.792,1061.86,16.192,58.778,421.795,126.823,151.846,352.286,18.71,4.473,17.452,63.473,427.216,128.441,153.783,356.814,18.948,4.53,-8.75,-0.65,819.95,4.456,4.456,1.34,1.604,3.721,0.198,0.047,11.222,167.864,1663.776,54.668,65.454,1389.597,1.401,23.144,1399.029,1675.069,8.065,17.643,0.366,0.117,8.82,3.54,0.012,0.098,7.895,0.305,0.014,0.233,0.004,677.845,9457.634,16.226,59.018,422.761,127.101,152.179,353.093,18.751,4.483,33.333,0.003,0.011,0.003,0.004,0.009,0.0,0.0,61.538,0.224,0.589,0.177,0.212,0.492,0.026,0.006,CHN,1197308569.0,4126169366528.0,142.774,0.119,2921.651,190.863,6.989,3702.735,173.74,4.923,3.093,0.897,0.392,2.44,0.708,0.309,2228.745,1.861,2756.96,2.303,0.668,1292.268,51663.152,112165.211,41569.816,30.613,569.84,65438.0,6817.353,1383.258,7908.675,2.292,0.0,0.0,35.728,0.03,3.069,3.838,781.084,0.652,1046.805,0.874,307.012,0.256,428.549,0.358,0.072,85.855,9457.634,25.855,12.839,13.353,26.187,9.315,5.888,7.279,8.966,0.343,0.627,9.795,2.292,55.138,0.0,0.888,15.704,4.649,39.715,7.617,0.032,0.043,0.079,0.004,4595.828,3674.115,-164.691,-5.637,7.899078496661692e-06,2.440182151573658e-06,2.2921099838318577e-09,7.080783022870551e-10,8773.708,8337.61,7938.25,2730.788,2606.096,2484.855,2.3365167920925722e-09,2.376099677820888e-09,2.345041151165504e-09,7.27233231108773e-10,7.427001102198717e-10,7.340518665548905e-10
China,1994,CHN,1209003049.0,4438753280000.0,176.0,0.0,0.0,0.0,2.001,2.54,0.187,0.0,783.314,6.573,471.311,6320.635,7641.667,573.537,693.408,7.755,518.878,5963.611,7210.024,74.737,76.28,1346.85,1060.862,927.8,9.573,6.251,591.179,8311.652,2.264,5.622,506.176,616.013,744.761,7865.387,9509.277,80.272,94.923,4.736,8.002,176.971,2.609,3.154,146.378,4.736,8.002,146.378,176.971,0.34,1.767,1061.86,10.262,43.286,465.08,138.485,167.429,384.681,18.046,4.643,19.021,81.371,508.587,151.392,183.034,420.666,19.728,5.077,-8.75,-0.65,819.95,36.533,40.989,12.205,14.756,33.903,1.59,0.409,1.615,26.862,1690.638,39.867,48.199,1398.374,1.423,23.842,1405.216,1698.91,5.195,16.876,1.438,0.46,8.82,293.162,1.072,0.38,7.895,1.189,0.05,0.233,0.014,767.409,10048.812,10.579,44.837,467.598,139.187,168.278,386.763,18.137,4.668,25.0,0.003,0.014,0.004,0.005,0.011,0.001,0.0,80.952,0.477,1.066,0.317,0.384,0.882,0.041,0.011,CHN,1209003100.0,4438753280000.0,164.377,0.136,3103.739,182.088,6.232,3997.346,294.611,7.957,3.306,0.901,0.398,2.567,0.699,0.309,2380.586,1.969,2749.938,2.275,0.62,1456.645,54766.887,116162.555,43950.402,34.349,611.408,66331.609,7241.064,1473.018,8323.468,2.264,3.737,0.003,41.568,0.034,3.198,4.051,893.608,0.739,1064.153,0.88,319.009,0.264,423.712,0.35,0.074,89.76,10048.812,27.887,13.499,13.84,27.811,10.072,6.083,7.4,9.307,0.372,0.644,9.842,2.361,54.053,1.187,1.023,15.173,4.58,41.477,7.729,0.033,0.044,0.081,0.004,4897.836,3865.875,-353.8,-11.399,8.311651495264336e-06,2.56718862011189e-06,2.2638816275907094e-09,6.992366559287567e-10,9457.634,8773.708,8337.61,2921.651,2730.788,2606.096,2.2921099838318577e-09,2.3365167920925722e-09,2.376099677820888e-09,7.080783022870551e-10,7.27233231108773e-10,7.427001102198717e-10
China,1995,CHN,1220133877.0,4810000039936.0,176.0,0.0,0.0,0.0,2.001,2.54,0.187,0.0,783.314,1.246,95.183,6340.984,7736.85,608.036,741.886,9.745,702.626,6485.068,7912.651,73.671,74.988,1346.85,1060.862,1007.03,10.123,3.024,303.846,8484.854,2.152,2.44,231.999,655.648,799.979,7983.776,9741.276,79.439,94.415,1.031,1.824,178.795,2.458,2.999,146.538,2.227,3.941,148.272,180.912,0.298,1.733,1061.86,13.827,64.308,529.389,156.196,190.58,433.878,18.925,5.131,13.121,67.599,576.186,169.695,207.05,472.232,20.56,5.585,-8.75,-0.65,-13.032,-5.342,35.647,10.518,12.833,29.216,1.274,0.346,7.985,134.992,1825.631,45.154,55.094,1496.254,2.013,34.192,1420.42,1733.103,5.471,17.695,9.419,3.014,8.82,555.217,7.981,2.47,7.895,7.719,0.299,0.233,0.091,825.344,10352.658,15.415,72.941,540.539,159.177,194.217,443.016,19.286,5.239,40.0,0.006,0.019,0.006,0.007,0.016,0.001,0.0,60.526,0.645,1.712,0.505,0.616,1.403,0.061,0.017,CHN,1220133927.0,4810000039936.0,184.637,0.151,3361.637,257.898,8.309,4160.354,163.007,4.078,3.41,0.865,0.402,2.755,0.699,0.325,2569.754,2.106,2994.028,2.454,0.622,1641.281,58128.523,120322.906,46520.156,38.078,653.844,67130.32,7709.294,1565.87,8498.712,2.152,3.728,0.003,42.436,0.035,3.42,4.239,798.716,0.655,1126.266,0.923,363.468,0.298,468.23,0.384,0.076,92.852,10352.658,29.613,14.285,14.364,29.189,10.88,6.292,7.526,9.671,0.398,0.659,9.881,2.439,53.104,1.142,1.006,14.703,5.015,41.531,7.851,0.034,0.046,0.084,0.004,5172.046,4172.733,-367.61,-10.935,8.484854158344127e-06,2.755137715304262e-06,2.1523197326496796e-09,6.988850253823966e-10,10048.812,9457.634,8773.708,3103.739,2921.651,2730.788,2.2638816275907094e-09,2.2921099838318577e-09,2.3365167920925722e-09,6.992366559287567e-10,7.080783022870551e-10,7.27233231108773e-10
China,1996,CHN,1230944759.0,5127589593088.0,176.0,0.0,0.0,0.0,2.001,2.54,0.187,0.0,783.314,4.634,358.54,6576.566,8095.39,669.554,824.184,2.643,209.156,6598.027,8121.807,76.221,74.455,1346.85,1060.862,1081.31,10.289,5.359,554.792,8861.04,2.127,5.795,564.504,712.756,877.363,8372.253,10305.78,81.139,94.785,4.791,8.567,187.362,2.297,2.828,152.21,12.056,21.81,164.688,202.722,0.262,1.723,1061.86,-1.37,-7.25,522.139,152.704,187.97,424.177,17.384,4.802,-1.5,-9.143,567.043,165.681,203.944,460.657,18.861,5.215,-8.75,-0.65,11.728,4.181,39.828,11.648,14.338,32.355,1.326,0.366,10.813,197.398,2023.029,40.904,50.351,1643.476,6.375,110.485,1497.701,1843.588,4.656,18.606,4.791,1.533,8.82,-49.137,-4.628,1.245,7.895,3.892,0.142,0.233,0.044,878.439,10907.45,-2.374,-13.323,527.215,154.033,189.606,428.301,17.535,4.849,28.571,0.006,0.025,0.007,0.009,0.02,0.001,0.0,-84.754,-1.451,0.261,0.076,0.094,0.212,0.009,0.002,CHN,1230944812.0,5127589593088.0,192.853,0.157,3508.818,147.181,4.378,4343.86,183.507,4.411,3.529,0.847,0.398,2.851,0.684,0.322,2660.401,2.161,3125.396,2.539,0.61,1834.135,61637.344,124666.766,49180.559,43.662,698.315,67965.367,8219.917,1660.757,8880.126,2.127,5.584,0.005,44.47,0.036,3.49,4.349,835.042,0.678,1127.177,0.916,381.891,0.31,510.622,0.415,0.077,94.887,10907.449,30.305,14.464,14.35,29.478,11.666,6.501,7.653,10.036,0.44,0.674,9.916,2.524,52.378,1.594,1.01,13.888,5.308,42.735,7.971,0.035,0.047,0.086,0.004,5353.583,4296.491,-383.422,-10.927,8.86103939291397e-06,2.8505079722453043e-06,2.12720807739825e-09,6.843016462803289e-10,10352.658,10048.812,9457.634,3361.637,3103.739,2921.651,2.1523197326496796e-09,2.2638816275907094e-09,2.2921099838318577e-09,6.988850253823966e-10,6.992366559287567e-10,7.080783022870551e-10
China,1997,CHN,1241139564.0,5291339415552.0,176.0,0.0,0.0,0.0,2.001,2.54,0.187,0.0,783.314,-2.019,-163.478,6390.83,7931.912,698.573,867.026,-0.656,-53.312,6500.876,8068.494,76.353,72.471,1346.85,1060.862,1135.55,10.748,0.676,73.684,8847.622,2.075,0.443,45.662,743.042,922.219,8340.273,10351.442,81.213,94.577,5.67,10.623,197.985,6.508,8.077,159.519,12.872,26.094,184.359,228.816,0.711,1.809,1061.86,4.261,22.25,544.389,157.903,195.98,438.62,17.259,4.974,4.602,26.482,593.526,171.882,213.329,478.21,18.786,5.423,-8.75,-0.65,0.558,0.222,40.05,11.617,14.418,32.269,1.27,0.366,9.813,198.517,2221.545,37.961,47.115,1789.924,1.016,18.724,1500.486,1862.312,4.149,20.297,8.506,2.722,8.82,77.56,3.716,2.193,7.895,6.854,0.24,0.233,0.078,914.925,10981.134,4.908,26.26,553.476,160.265,198.911,445.941,17.517,5.057,22.222,0.006,0.031,0.009,0.011,0.025,0.001,0.0,110.753,0.289,0.55,0.16,0.198,0.443,0.017,0.005,CHN,1241139619.0,5291339415552.0,202.874,0.163,3515.594,6.776,0.193,4384.325,40.464,0.932,3.532,0.829,0.399,2.833,0.664,0.32,2609.556,2.103,3058.618,2.464,0.578,2037.009,65152.938,129051.094,51790.113,49.087,742.473,68834.102,8777.878,1756.377,8871.482,2.075,5.425,0.004,44.159,0.036,3.479,4.28,868.73,0.7,1097.485,0.884,356.941,0.288,557.961,0.45,0.077,95.62,10981.134,30.629,14.407,13.784,29.067,12.433,6.699,7.771,10.378,0.478,0.687,9.936,2.617,51.742,1.538,0.999,11.729,5.714,42.734,8.073,0.035,0.049,0.089,0.004,5312.637,4317.486,-456.976,-12.999,8.847622232434121e-06,2.8325532004469817e-06,2.0753032715544353e-09,6.644053091108026e-10,10907.45,10352.658,10048.812,3508.818,3361.637,3103.739,2.12720807739825e-09,2.1523197326496796e-09,2.2638816275907094e-09,6.843016462803289e-10,6.988850253823966e-10,6.992366559287567e-10
China,1998,CHN,1250847078.0,5338703069184.0,176.0,0.0,0.0,0.0,2.001,2.54,0.187,0.0,783.314,-0.759,-60.195,6293.109,7871.717,712.856,891.674,-4.0,-322.748,6192.401,7745.747,76.407,71.797,1346.85,1060.862,1167.0,11.031,0.177,19.433,8794.493,2.061,0.116,12.028,760.411,951.158,8285.162,10363.471,81.505,94.524,3.121,6.178,204.163,4.87,6.092,163.22,2.537,5.805,187.57,234.621,0.522,1.862,1061.86,1.485,8.083,552.472,159.004,198.89,441.678,17.043,5.039,1.177,6.89,600.415,172.555,215.84,480.007,18.495,5.476,-8.75,-0.65,-2.206,-0.883,39.167,11.272,14.1,31.312,1.208,0.357,2.973,66.045,2287.591,42.685,53.392,1828.833,0.031,0.581,1489.305,1862.893,4.575,20.865,7.75,2.48,8.82,-8.891,-0.756,1.983,7.895,6.196,0.213,0.233,0.071,932.968,11000.566,1.422,7.773,561.249,161.282,201.74,448.695,17.287,5.119,27.273,0.008,0.039,0.011,0.014,0.031,0.001,0.0,79.592,0.438,0.988,0.284,0.356,0.79,0.03,0.009,CHN,1250847121.0,5338703069184.0,211.369,0.169,3364.587,-151.007,-4.295,4216.271,-168.054,-3.833,3.371,0.79,0.383,2.69,0.63,0.306,2444.771,1.954,2959.864,2.366,0.554,2248.377,68517.523,133267.359,54234.887,53.219,792.974,69685.781,9337.141,1850.93,8822.785,2.061,4.132,0.003,50.501,0.04,3.313,4.141,851.683,0.681,1089.98,0.871,365.222,0.292,559.262,0.447,0.076,94.553,11000.566,32.022,13.844,13.847,27.986,13.191,6.873,7.88,10.681,0.502,0.705,9.97,2.704,51.2,1.228,1.13,13.861,5.659,42.866,8.168,0.036,0.051,0.091,0.005,5180.109,4143.523,-404.724,-12.029,8.794493102697237e-06,2.6898466994992566e-06,2.060531529370371e-09,6.302255353778767e-10,10981.134,10907.45,10352.658,3515.594,3508.818,3361.637,2.0753032715544353e-09,2.12720807739825e-09,2.1523197326496796e-09,6.644053091108026e-10,6.843016462803289e-10,6.988850253823966e-10
China,1999,CHN,1260176600.0,5578502963200.0,176.0,0.0,0.0,0.0,2.001,2.54,0.187,0.0,783.314,2.888,227.316,6426.903,8099.033,769.483,969.684,2.4,185.897,6294.073,7931.644,78.245,71.359,1346.85,1060.862,1239.3,11.3,3.504,385.502,9035.296,2.041,3.758,389.437,813.186,1024.758,8532.858,10752.908,82.688,94.742,6.107,12.467,216.631,3.819,4.813,171.905,8.243,19.341,201.529,253.962,0.388,1.909,1061.86,-1.161,-6.417,546.056,155.994,196.58,433.317,15.862,4.811,-0.602,-3.597,596.819,170.246,214.54,473.599,17.311,5.258,-8.75,-0.65,6.021,2.358,41.525,11.863,14.949,32.952,1.206,0.366,6.542,149.654,2437.245,39.884,50.261,1934.05,0.025,0.465,1478.649,1863.359,4.056,21.474,7.875,2.52,8.82,1.613,0.125,2.0,7.895,6.249,0.203,0.233,0.069,983.434,11386.068,-1.065,-5.955,555.294,158.383,199.591,440.648,16.105,4.893,21.429,0.008,0.047,0.013,0.017,0.037,0.001,0.0,33.239,0.328,1.316,0.376,0.474,1.044,0.038,0.012,CHN,1260176650.0,5578502963200.0,228.322,0.181,3557.275,192.687,5.727,4339.629,123.359,2.926,3.444,0.778,0.381,2.823,0.638,0.312,2580.992,2.048,3172.59,2.518,0.569,2476.699,72074.797,137606.984,56815.879,57.652,847.545,70468.133,9933.892,1943.135,9069.433,2.041,4.433,0.004,54.572,0.043,3.437,4.232,782.355,0.621,1092.344,0.867,377.373,0.299,596.751,0.474,0.073,92.205,11386.067,32.962,14.313,14.064,29.122,13.964,7.054,7.991,10.998,0.527,0.724,9.996,2.795,50.677,1.343,1.183,13.033,5.888,42.05,8.265,0.037,0.053,0.094,0.005,5332.926,4331.268,-384.685,-10.814,9.035295529213915e-06,2.8228383695254133e-06,2.0410615670747268e-09,6.376755598171159e-10,11000.566,10981.134,10907.45,3364.587,3515.594,3508.818,2.060531529370371e-09,2.0753032715544353e-09,2.12720807739825e-09,6.302255353778767e-10,6.644053091108026e-10,6.843016462803289e-10
China,2000,CHN,1269581120.0,5952682590208.0,176.0,0.0,0.0,0.0,2.001,2.54,0.187,0.0,783.314,1.387,112.374,6467.808,8211.406,835.126,1060.26,3.713,294.467,6479.39,8226.111,78.213,69.83,1346.85,1060.862,1355.6,11.967,3.638,414.216,9294.628,1.982,3.091,332.351,876.903,1113.3,8731.431,11085.26,82.126,94.269,13.999,30.327,246.957,4.545,5.77,194.519,7.945,20.177,215.929,274.14,0.426,2.1,1061.86,13.14,71.75,617.806,175.184,222.41,486.622,16.407,5.254,12.938,77.106,673.925,190.85,242.3,530.825,17.874,5.731,-8.75,-0.65,11.961,4.967,46.492,13.185,16.74,36.62,1.235,0.395,7.781,189.651,2626.896,37.233,47.27,2069.104,1.498,27.912,1489.681,1891.271,3.487,22.339,7.928,2.537,8.82,0.675,0.053,1.998,7.895,6.245,0.187,0.233,0.067,1067.754,11800.284,13.011,72.14,627.433,177.665,225.56,494.205,16.639,5.336,29.412,0.014,0.061,0.016,0.02,0.048,0.001,0.001,24.52,0.323,1.639,0.465,0.59,1.291,0.044,0.014,CHN,1269581164.0,5952682590208.0,244.388,0.192,3649.227,91.952,2.585,4259.395,-80.235,-1.849,3.355,0.716,0.361,2.874,0.613,0.309,2601.762,2.049,3262.413,2.57,0.548,2721.087,75724.031,141866.391,59417.641,62.389,907.342,71078.297,10582.577,2032.992,9334.936,1.982,4.737,0.004,59.796,0.047,3.498,4.181,610.168,0.481,1108.096,0.873,367.944,0.29,648.686,0.511,0.071,89.857,11800.283,33.755,14.305,13.826,28.273,14.74,7.231,8.093,11.3,0.553,0.745,10.008,2.894,50.189,1.365,1.259,11.519,6.316,41.538,8.358,0.037,0.054,0.097,0.005,5307.824,4440.686,-386.813,-10.6,9.294627821812592e-06,2.8743550262691177e-06,1.982347256245637e-09,6.130390701501334e-10,11386.068,11000.566,10981.134,3557.275,3364.587,3515.594,2.0410615670747268e-09,2.060531529370371e-09,2.0753032715544353e-09,6.376755598171159e-10,6.302255353778767e-10,6.644053091108026e-10
China,2001,CHN,1278725010.0,6329737412608.0,176.0,0.0,0.0,0.0,1.994,2.55,0.172,0.0,762.735,5.168,424.349,6753.411,8635.755,883.02,1129.14,5.946,489.118,6815.562,8715.229,76.253,69.53,1472.19,1151.295,1480.79,12.45,5.676,669.779,9751.951,1.97,4.603,510.202,924.82,1182.59,9067.987,11595.462,79.862,93.36,11.945,29.5,276.458,3.855,4.93,216.198,11.504,31.536,239.047,305.676,0.333,2.226,1129.45,24.738,148.576,766.381,216.958,277.43,599.332,18.735,6.17,23.075,150.775,824.7,233.201,298.2,644.939,20.138,6.64,-8.6,-0.584,4.391,1.774,48.265,13.662,17.47,37.745,1.18,0.389,2.145,56.353,2683.249,37.944,48.52,2098.378,1.359,25.702,1499.128,1916.973,3.277,21.604,7.981,2.554,8.82,0.67,0.053,1.997,7.895,6.242,0.172,0.233,0.064,1158.021,12470.063,24.462,149.001,776.435,219.539,280.73,607.195,18.958,6.251,40.909,0.025,0.086,0.023,0.03,0.067,0.002,0.001,21.918,0.348,1.987,0.563,0.72,1.554,0.049,0.016,CHN,1278725057.0,6329737412608.0,270.828,0.212,3728.51,79.283,2.173,4221.178,-38.217,-0.897,3.301,0.667,0.339,2.916,0.589,0.299,2637.651,2.063,3358.539,2.626,0.531,2991.916,79452.539,146087.562,62055.293,67.171,974.499,71570.969,11241.878,2121.782,9797.812,1.97,4.783,0.004,67.157,0.053,3.551,4.159,492.668,0.385,1118.592,0.875,366.843,0.287,659.3,0.516,0.069,88.79,12470.062,35.76,14.504,13.853,28.494,15.568,7.405,8.192,11.597,0.578,0.769,10.01,2.989,49.76,1.425,1.401,10.339,6.371,41.619,8.449,0.038,0.056,0.099,0.005,5318.595,4541.251,-369.97,-9.923,9.751950499505747e-06,2.915802720521803e-06,1.970075879476656e-09,5.890465523219496e-10,11800.284,11386.068,11000.566,3649.227,3557.275,3364.587,1.982347256245637e-09,2.0410615670747268e-09,2.060531529370371e-09,6.130390701501334e-10,6.376755598171159e-10,6.302255353778767e-10
China,2002,CHN,1286866794.0,6814493573120.0,176.0,1.715,1.333,1.715,1.982,2.55,0.154,0.013,773.163,9.631,831.703,7356.984,9467.458,996.661,1282.57,6.794,592.093,7232.545,9307.322,77.543,69.989,1645.61,1278.773,1654.01,12.747,8.905,1110.428,10553.145,1.993,9.156,1061.73,1039.323,1337.47,9835.666,12657.191,80.862,93.569,6.394,17.678,294.136,3.256,4.19,228.567,7.689,23.503,255.799,329.179,0.253,2.174,1278.82,3.799,22.578,788.959,223.776,287.97,613.085,17.41,5.832,6.719,45.197,869.897,245.977,316.54,675.981,19.138,6.431,-8.4,-0.51,43.813,20.576,68.841,19.528,25.13,53.495,1.519,0.509,7.914,212.349,2895.598,39.406,50.71,2250.115,1.235,23.679,1508.044,1940.651,3.066,21.406,7.956,2.546,8.82,-0.313,-0.025,1.978,7.895,6.183,0.154,0.233,0.059,1285.3,13580.491,4.411,24.621,801.056,226.449,291.41,622.486,17.618,5.922,54.839,0.046,0.132,0.039,0.05,0.102,0.003,0.001,16.433,0.307,2.294,0.653,0.84,1.783,0.051,0.017,CHN,1286866839.0,6814493573120.0,282.688,0.22,4103.046,374.537,10.045,4488.691,267.513,6.337,3.488,0.659,0.331,3.188,0.602,0.302,3018.637,2.346,3650.753,2.837,0.536,3274.604,83555.578,150576.25,65073.93,71.657,1028.492,71956.609,11894.963,2211.938,10602.087,1.993,4.486,0.003,53.993,0.042,3.838,4.402,385.644,0.3,1127.3,0.876,384.379,0.299,653.086,0.508,0.07,90.156,13580.49,36.001,15.615,14.293,31.181,16.37,7.601,8.297,11.945,0.6,0.782,9.992,3.078,49.37,1.382,1.094,7.52,6.321,41.682,8.548,0.039,0.058,0.102,0.005,5664.255,4938.582,-452.293,-11.023,1.0553144321789058e-05,3.1883998216850446e-06,1.992883382203001e-09,6.021057846740957e-10,12470.063,11800.284,11386.068,3728.51,3649.227,3557.275,1.970075879476656e-09,1.982347256245637e-09,2.0410615670747268e-09,5.890465523219496e-10,6.130390701501334e-10,6.376755598171159e-10
China,2003,CHN,1294517277.0,7248623435776.0,176.0,3.019,3.657,4.735,1.962,2.54,0.133,0.03,790.786,19.177,1815.601,8716.035,11283.059,1174.16,1519.97,18.125,1686.979,8492.975,10994.302,79.555,71.565,1903.22,1470.216,1910.58,12.574,16.481,2238.265,12219.811,2.182,17.4,2202.377,1220.501,1579.96,11478.849,14859.568,82.695,94.25,16.187,47.612,341.747,3.986,5.16,263.996,7.207,23.725,272.615,352.904,0.27,2.168,1510.86,-1.49,-15.989,772.97,219.14,283.68,597.111,14.848,4.903,5.376,36.721,906.619,255.4,330.62,700.353,17.305,5.75,-7.36,-0.387,72.492,49.257,118.098,33.48,43.34,91.229,2.268,0.749,11.713,339.165,3234.762,42.356,54.83,2498.818,1.629,31.622,1523.559,1972.274,2.87,20.517,7.925,2.536,8.82,-0.393,-0.031,1.959,7.895,6.122,0.133,0.233,0.05,1475.901,15818.756,-0.377,-12.536,788.52,221.921,287.28,609.123,15.036,5.001,33.333,0.043,0.174,0.046,0.06,0.135,0.003,0.001,19.059,0.422,2.717,0.772,1.0,2.098,0.052,0.017,CHN,1294517315.0,7248623435776.0,353.679,0.273,4841.119,738.072,17.988,5192.516,703.825,15.68,4.011,0.716,0.328,3.74,0.668,0.306,3601.712,2.782,4077.675,3.15,0.563,3628.283,88396.703,155768.766,68675.641,76.836,1089.238,72308.008,12622.062,2304.642,12273.32,2.182,5.18,0.004,60.745,0.047,4.445,4.988,351.397,0.271,1186.953,0.917,390.81,0.302,727.099,0.562,0.072,92.704,15818.756,40.955,17.496,15.387,34.241,17.388,7.844,8.427,12.368,0.625,0.797,9.957,3.179,49.021,1.503,1.187,5.784,6.857,41.94,8.666,0.039,0.06,0.105,0.005,6456.585,5753.911,-763.444,-15.77,1.2219810643747776e-05,3.7397097311131727e-06,2.1823117368638042e-09,6.678673603192541e-10,13580.491,12470.063,11800.284,4103.046,3728.51,3649.227,1.992883382203001e-09,1.970075879476656e-09,1.982347256245637e-09,6.021057846740957e-10,5.890465523219496e-10,6.130390701501334e-10
China,2004,CHN,1302100264.0,7830953263104.0,26.103,1.236,4.585,5.97,1.943,2.53,0.115,0.032,778.356,16.593,1872.222,10103.124,13155.28,1322.801,1722.42,17.095,1879.429,9886.896,12873.73,78.174,71.32,2197.23,1687.451,2203.31,12.415,17.008,2690.381,14214.832,2.364,16.645,2473.324,1378.857,1795.41,13311.488,17332.893,81.487,93.969,16.999,58.092,399.84,5.729,7.46,307.073,18.406,64.957,320.913,417.861,0.339,2.168,1714.96,24.628,185.144,958.114,271.515,353.54,735.822,16.046,5.194,23.412,205.807,1112.425,313.263,407.9,854.332,18.513,6.031,-6.08,-0.277,16.444,18.674,136.772,38.76,50.47,105.04,2.291,0.742,16.787,543.01,3777.772,50.326,65.53,2901.291,2.633,51.939,1554.575,2024.213,2.974,20.481,7.9,2.528,8.82,-0.315,-0.025,1.941,7.895,6.067,0.115,0.233,0.043,1692.12,18509.137,24.446,187.133,975.653,274.503,357.43,749.292,16.222,5.289,18.75,0.032,0.206,0.061,0.08,0.158,0.004,0.001,28.166,0.746,3.463,0.983,1.28,2.659,0.058,0.019,CHN,1302100319.0,7830953263104.0,368.396,0.283,5217.351,376.232,7.772,5579.754,387.239,7.458,4.285,0.713,0.301,4.007,0.666,0.282,3835.288,2.945,4315.944,3.315,0.551,3996.679,93614.055,161348.516,72510.93,82.028,1160.759,72670.414,13461.154,2402.502,14272.745,2.364,5.192,0.004,71.521,0.055,4.77,5.333,362.403,0.278,1268.221,0.974,408.476,0.314,839.093,0.644,0.075,97.86,18509.135,40.815,18.222,16.393,35.275,18.359,8.102,8.571,12.808,0.649,0.817,9.933,3.299,48.703,1.516,1.353,6.706,7.629,42.26,8.803,0.04,0.063,0.108,0.006,6943.841,6210.593,-901.407,-17.277,1.4214832384059777e-05,4.006873298369875e-06,2.3635867024270078e-09,6.662472402410901e-10,15818.756,13580.491,12470.063,4841.119,4103.046,3728.51,2.1823117368638042e-09,1.992883382203001e-09,1.970075879476656e-09,6.678673603192541e-10,6.021057846740957e-10,5.890465523219496e-10
China,2005,CHN,1310027084.0,8602939555840.0,40.28,2.405,6.393,8.375,4.061,5.32,0.213,0.04,781.931,17.102,2249.826,11759.38,15405.106,1511.534,1980.15,12.174,1567.26,11023.429,14440.99,79.198,73.52,2494.08,1903.839,2500.26,12.39,13.604,2518.027,16050.938,2.444,13.734,2380.453,1559.357,2042.8,15048.044,19713.346,81.704,94.08,17.485,69.911,469.751,9.267,12.14,358.581,18.958,79.218,379.442,497.08,0.486,2.242,1955.03,12.296,109.136,1067.25,303.062,397.02,814.678,15.879,5.093,12.557,127.998,1240.423,349.199,457.46,946.868,18.296,5.92,-6.18,-0.248,5.189,5.937,142.71,40.526,53.09,108.936,2.123,0.681,1.607,60.715,3838.487,38.556,50.51,2930.083,4.195,84.921,1609.993,2109.134,2.02,18.319,16.631,5.322,8.82,110.522,8.731,4.063,7.895,12.695,0.213,0.233,0.079,1908.556,21027.164,13.58,122.061,1097.714,308.673,404.37,837.932,16.173,5.239,10.526,0.02,0.226,0.061,0.08,0.172,0.003,0.001,52.3,1.769,5.231,1.489,1.95,3.993,0.078,0.025,CHN,1310027138.0,8602939555840.0,411.649,0.314,5882.106,664.755,12.741,6207.762,628.008,11.255,4.739,0.722,0.295,4.49,0.684,0.28,4424.353,3.377,4718.328,3.602,0.548,4408.328,99496.156,167556.281,76935.281,87.616,1245.716,72996.07,14311.327,2507.889,16114.158,2.444,5.588,0.004,84.957,0.065,5.308,5.853,325.656,0.249,1339.097,1.022,423.778,0.323,850.173,0.649,0.08,105.387,21027.164,42.513,19.862,17.991,38.315,19.388,8.395,8.74,13.318,0.675,0.845,9.911,3.415,48.46,1.606,1.573,6.658,7.655,43.501,8.965,0.041,0.065,0.112,0.006,7667.986,6953.879,-1163.779,-19.785,1.6050938378919796e-05,4.490064235600587e-06,2.444183626249701e-09,6.837321082893119e-10,18509.137,15818.756,13580.491,5217.351,4841.119,4103.046,2.3635867024270078e-09,2.1823117368638042e-09,1.992883382203001e-09,6.662472402410901e-10,6.678673603192541e-10,6.021057846740957e-10
China,2006,CHN,1318053984.0,9489543593984.0,44.09,3.693,9.156,12.068,5.409,7.13,0.249,0.053,786.511,9.823,1513.274,12835.879,16918.381,1746.833,2302.42,6.984,1008.564,11721.488,15449.555,80.344,73.656,2858.84,2168.986,2865.72,12.951,9.612,2021.17,17486.639,2.429,9.636,1899.643,1793.675,2364.16,16397.65,21612.988,82.498,94.095,23.009,108.086,577.838,18.072,23.82,438.402,18.721,93.056,447.733,590.136,0.831,2.516,2253.92,9.765,97.953,1165.203,330.631,435.79,884.033,15.207,5.073,10.262,115.956,1356.38,380.531,501.56,1029.077,17.502,5.905,-6.88,-0.241,3.306,3.929,146.639,41.607,54.84,111.254,1.914,0.638,7.25,278.282,4116.769,28.77,37.92,3123.369,1.882,39.691,1630.301,2148.825,1.323,17.923,22.291,7.133,8.82,34.029,5.659,5.412,7.895,16.912,0.249,0.233,0.097,2174.205,23048.334,11.157,112.027,1209.74,338.924,446.72,917.823,15.588,5.267,13.095,0.028,0.254,0.068,0.09,0.193,0.003,0.001,90.735,4.693,9.925,2.815,3.71,7.53,0.129,0.043,CHN,1318054037.0,9489543593984.0,470.087,0.357,6494.331,612.224,10.408,6824.091,616.329,9.928,5.177,0.719,0.296,4.927,0.684,0.282,4905.367,3.722,5135.917,3.897,0.541,4878.415,105990.484,174380.391,81840.648,93.15,1349.469,73325.828,15209.861,2618.945,17552.789,2.429,5.534,0.004,103.753,0.079,5.792,6.336,329.761,0.25,1396.412,1.059,436.559,0.331,898.534,0.682,0.084,111.056,23048.332,44.523,21.204,18.977,40.227,20.503,8.718,8.929,13.874,0.699,0.882,9.884,3.534,48.248,1.593,1.867,6.184,8.008,43.902,9.144,0.042,0.068,0.116,0.006,8351.435,7634.546,-1358.414,-20.917,1.7486638847715043e-05,4.927211493378246e-06,2.428813753973557e-09,6.843670547145337e-10,21027.164,18509.137,15818.756,5882.106,5217.351,4841.119,2.444183626249701e-09,2.3635867024270078e-09,2.1823117368638042e-09,6.837321082893119e-10,6.662472402410901e-10,6.678673603192541e-10
China,2007,CHN,1325813524.0,10358205972480.0,10.591,1.278,10.066,13.346,7.437,9.86,0.3,0.053,785.125,8.899,1505.533,13896.309,18423.914,2003.826,2656.7,8.345,1289.311,12625.354,16738.865,80.959,73.804,3271.23,2467.338,3281.54,13.659,8.683,2001.242,18893.74,2.418,8.492,1835.273,2050.59,2718.7,17685.941,23448.26,82.848,93.932,23.007,132.941,710.779,25.577,33.91,536.108,18.252,107.711,526.354,697.847,1.033,2.847,2576.42,11.354,125.393,1290.596,366.009,485.26,973.437,14.788,5.17,12.18,158.499,1514.879,424.524,562.84,1142.603,17.152,6.068,-10.31,-0.315,13.287,18.6,165.239,46.862,62.13,124.632,1.893,0.662,4.78,196.798,4313.567,21.187,28.09,3253.525,0.84,18.056,1634.378,2166.881,0.856,17.28,30.822,9.863,8.82,38.273,8.531,7.439,7.895,23.248,0.301,0.233,0.123,2475.114,25049.576,12.047,139.899,1349.64,377.662,500.71,1017.971,15.258,5.407,20.0,0.049,0.303,0.083,0.11,0.229,0.003,0.001,47.617,4.648,14.573,4.133,5.48,10.991,0.167,0.058,CHN,1325813580.0,10358205972480.0,514.981,0.388,6983.547,489.217,7.533,7294.759,470.668,6.897,5.502,0.704,0.291,5.267,0.674,0.279,5289.875,3.99,5547.083,4.184,0.536,5393.396,112974.039,181675.125,87130.523,98.115,1478.985,73637.047,16137.212,2735.806,18955.223,2.418,4.965,0.004,129.515,0.098,6.162,6.685,311.211,0.235,1424.359,1.074,445.352,0.336,927.351,0.699,0.088,116.861,25049.576,45.413,22.146,20.191,41.377,21.636,9.058,9.133,14.457,0.718,0.932,9.865,3.654,48.1,1.446,2.248,6.773,8.241,45.013,9.335,0.043,0.071,0.121,0.006,8862.956,8169.898,-1436.465,-20.569,1.889373999174863e-05,5.2673672266956225e-06,2.418331520588844e-09,6.742042993308013e-10,23048.334,21027.164,18509.137,6494.331,5882.106,5217.351,2.428813753973557e-09,2.444183626249701e-09,2.3635867024270078e-09,6.843670547145337e-10,6.837321082893119e-10,6.662472402410901e-10
China,2008,CHN,1333820960.0,10799147909120.0,36.213,4.833,13.629,18.179,11.148,14.87,0.425,0.07,746.948,1.585,292.006,14031.809,18715.92,2030.94,2708.91,3.647,610.418,13007.205,17349.283,77.491,72.251,3482.96,2611.265,3495.76,14.156,3.876,970.887,19508.213,2.409,2.111,495.08,2070.96,2762.29,17950.941,23943.34,79.018,92.431,15.272,108.55,819.329,25.918,34.57,614.272,15.973,111.47,606.766,809.317,0.989,3.163,2611.15,31.261,390.037,1680.633,477.545,636.96,1260.014,18.221,6.488,30.451,445.815,1960.693,549.901,733.47,1469.982,20.982,7.569,-12.8,-0.368,10.082,15.22,180.459,51.274,68.39,135.295,1.956,0.697,2.191,94.524,4408.092,14.102,18.81,3304.86,2.212,47.932,1660.502,2214.812,0.538,17.017,46.456,14.866,8.82,50.725,15.634,11.145,7.895,34.829,0.425,0.233,0.179,2620.862,26020.463,32.912,430.595,1780.234,498.628,665.08,1334.688,19.025,6.872,33.333,0.098,0.401,0.112,0.15,0.301,0.004,0.002,139.082,19.992,34.565,9.821,13.1,25.914,0.375,0.133,CHN,1333821009.0,10799147909120.0,525.924,0.394,7501.498,517.95,7.417,7814.796,520.037,7.129,5.859,0.724,0.3,5.624,0.695,0.288,5729.473,4.296,5969.417,4.475,0.553,5919.32,120475.531,189489.938,92860.0,102.781,1628.659,73950.336,17107.33,2857.448,19561.799,2.409,4.666,0.003,149.674,0.112,6.519,7.052,313.299,0.235,1437.849,1.078,450.842,0.338,970.118,0.727,0.091,121.642,26020.463,45.773,23.388,21.147,43.399,22.7,9.417,9.352,15.078,0.734,0.989,9.843,3.778,48.043,1.394,2.525,6.42,8.66,46.8,9.534,0.044,0.075,0.125,0.006,9405.909,8694.642,-1532.08,-20.424,1.950821270644898e-05,5.624066459729901e-06,2.409492232070035e-09,6.946379532097066e-10,25049.576,23048.334,21027.164,6983.547,6494.331,5882.106,2.418331520588844e-09,2.428813753973557e-09,2.444183626249701e-09,6.742042993308013e-10,6.843670547145337e-10,6.837321082893119e-10
China,2009,CHN,1342522666.0,11572544012288.0,9.404,1.71,14.814,19.889,15.538,20.86,0.562,0.074,753.029,4.75,889.1,14603.12,19605.02,2168.693,2911.52,3.09,536.068,13322.197,17885.352,78.38,72.489,3703.26,2758.434,3714.64,14.374,4.375,1138.436,20229.75,2.347,4.779,1144.217,2219.851,2980.2,18686.879,25087.559,80.229,92.76,10.119,82.911,902.24,42.13,56.56,672.048,6.188,50.081,640.136,859.398,1.523,3.336,2797.23,-3.347,-64.77,1615.863,458.57,615.64,1203.602,16.573,5.975,0.357,-2.684,1958.009,547.06,734.44,1458.455,19.771,7.24,-11.38,-0.307,2.422,3.4,183.859,52.178,70.05,136.951,1.886,0.68,3.907,172.207,4580.298,9.028,12.12,3411.71,-0.499,-11.044,1641.513,2203.769,0.326,16.935,65.185,20.859,8.82,40.316,18.729,15.537,7.895,48.554,0.562,0.233,0.241,2766.91,27158.898,0.151,-6.084,1774.15,494.882,664.39,1321.505,17.886,6.56,83.553,0.331,0.732,0.209,0.28,0.545,0.008,0.003,110.802,37.916,72.48,20.566,27.61,53.988,0.743,0.268,CHN,1342522709.0,11572544012288.0,583.56,0.435,7891.078,389.581,5.193,8211.936,397.139,5.082,6.117,0.71,0.302,5.878,0.682,0.291,6028.489,4.49,6721.094,5.006,0.581,6502.88,128366.609,197701.859,98888.484,107.337,1793.063,74271.195,18089.676,2985.169,20281.068,2.347,4.557,0.003,164.404,0.122,6.771,7.321,320.857,0.239,1465.252,1.091,430.502,0.321,982.348,0.732,0.095,127.721,27158.898,49.369,25.018,22.305,46.213,23.856,9.792,9.584,15.723,0.749,1.052,9.817,3.901,48.212,1.379,2.842,6.084,8.966,52.337,9.743,0.045,0.078,0.13,0.007,9828.306,9090.345,-1169.984,-14.827,2.0229750072614404e-05,5.87779852593912e-06,2.3468390330736304e-09,6.818792818261108e-10,26020.463,25049.576,23048.334,7501.498,6983.547,6494.331,2.409492232070035e-09,2.418331520588844e-09,2.428813753973557e-09,6.946379532097066e-10,6.742042993308013e-10,6.843670547145337e-10
China,2010,CHN,1351561462.0,12858808074240.0,-0.463,-0.092,14.647,19.797,18.423,24.9,0.592,0.068,740.64,3.752,735.523,15049.662,20340.543,2392.492,3233.6,8.286,1481.898,14329.537,19367.25,76.859,70.336,4193.65,3102.819,4207.16,15.285,6.984,1896.711,21497.809,2.26,6.203,1556.216,2475.685,3346.04,19713.328,26643.773,79.532,92.132,20.671,186.5,1088.741,57.511,77.73,805.543,12.34,106.048,714.318,965.445,1.848,3.765,3115.99,15.551,236.697,1852.56,526.339,711.38,1370.681,16.909,6.406,16.781,317.272,2275.281,637.13,861.12,1683.446,20.468,7.868,-13.51,-0.322,6.698,10.782,194.641,55.299,74.74,144.012,1.776,0.673,13.846,634.192,5214.49,25.681,34.71,3858.123,7.137,157.284,1746.908,2361.053,0.825,18.031,77.813,24.9,8.82,19.372,12.628,18.423,7.895,57.573,0.592,0.233,0.269,3112.814,29055.609,17.813,306.49,2080.64,581.831,786.38,1539.434,18.691,7.195,151.254,1.093,1.826,0.518,0.7,1.351,0.017,0.006,78.887,56.165,128.645,36.55,49.4,95.182,1.174,0.445,CHN,1351561511.0,12858808074240.0,639.592,0.473,8620.576,729.498,9.245,8579.337,367.401,4.474,6.348,0.667,0.295,6.378,0.67,0.297,6568.743,4.86,7337.083,5.429,0.571,7142.472,136987.188,206281.219,105457.227,111.311,1992.648,74229.953,19182.248,3101.279,21551.547,2.26,3.974,0.003,199.585,0.148,7.312,7.819,-41.239,-0.031,1524.504,1.128,434.698,0.322,1092.571,0.808,0.086,116.11,29055.609,50.635,25.844,22.087,47.074,25.042,10.191,9.815,16.404,0.758,1.128,9.74,4.038,48.172,1.165,3.205,-0.751,9.649,47.169,9.966,0.046,0.082,0.135,0.007,10567.731,9883.021,-1283.493,-14.889,2.149780814037444e-05,6.378234308863796e-06,2.25958804519425e-09,6.704024160116026e-10,27158.898,26020.463,25049.576,7891.078,7501.498,6983.547,2.3468390330736304e-09,2.409492232070035e-09,2.418331520588844e-09,6.818792818261108e-10,6.946379532097066e-10,6.742042993308013e-10
China,2011,CHN,1360250601.0,13691527364608.0,10.629,2.104,16.101,21.901,20.312,27.63,0.586,0.07,752.231,8.864,1803.061,16279.062,22143.604,2713.375,3690.87,11.193,2167.818,15831.691,21535.068,78.312,70.97,4700.28,3455.451,4713.02,15.822,7.85,2280.928,23037.326,2.289,8.415,2242.192,2818.187,3833.44,21235.768,28885.965,81.337,92.579,24.146,262.888,1351.629,79.963,108.77,993.661,9.965,96.211,780.486,1061.656,2.308,4.332,3545.28,-3.281,-70.06,1782.5,505.819,688.04,1310.42,14.599,5.713,2.335,40.107,2315.388,646.631,879.58,1702.177,18.663,7.421,-12.74,-0.271,16.668,31.266,225.907,64.106,87.2,166.077,1.85,0.724,3.38,176.243,5390.733,24.848,33.8,3963.044,-0.068,-1.611,1734.564,2359.442,0.717,17.277,86.35,27.632,8.82,10.971,8.537,20.314,7.895,63.481,0.586,0.233,0.277,3464.817,31336.537,1.006,8.841,2089.481,582.525,792.38,1536.1,16.813,6.697,272.325,4.936,6.762,1.919,2.61,4.971,0.055,0.022,50.001,63.324,191.969,54.475,74.1,141.128,1.572,0.615,CHN,1360250657.0,13691527364608.0,708.564,0.521,9532.332,911.756,10.577,9549.341,970.004,11.306,7.02,0.697,0.305,7.008,0.696,0.304,7309.709,5.374,8139.869,5.984,0.595,7851.037,146519.516,215830.547,112766.938,115.165,2238.638,74246.969,20306.107,3241.635,23090.885,2.289,3.853,0.003,245.99,0.181,8.02,8.518,17.009,0.013,1626.133,1.195,441.33,0.324,1123.859,0.826,0.103,140.357,31336.535,52.145,27.626,24.004,49.598,26.275,10.627,10.078,17.148,0.766,1.223,9.676,4.175,48.289,1.072,3.836,0.322,9.892,51.027,10.218,0.048,0.086,0.141,0.007,11587.158,10909.15,-1392.463,-14.608,2.303732634042775e-05,7.00777606755458e-06,2.2887539253658128e-09,6.96221228366432e-10,29055.609,27158.898,26020.463,8620.576,7891.078,7501.498,2.25958804519425e-09,2.3468390330736304e-09,2.409492232070035e-09,6.704024160116026e-10,6.818792818261108e-10,6.946379532097066e-10
China,2012,CHN,1369520822.0,14773157625856.0,17.792,3.897,18.837,25.797,22.0,30.13,0.604,0.079,720.151,1.259,278.754,16372.411,22422.357,2736.862,3748.19,1.181,254.234,15910.165,21789.303,75.151,69.083,4976.76,3633.942,4987.54,16.241,4.109,1287.643,23821.602,2.208,2.421,699.467,2840.161,3889.66,21602.762,29585.432,77.988,91.152,11.626,157.147,1508.776,80.503,110.25,1101.682,5.004,53.125,813.993,1114.781,2.211,4.648,3591.78,25.398,441.196,2223.696,629.994,862.79,1623.704,17.299,6.851,24.648,556.526,2871.914,801.653,1097.88,2097.021,22.012,8.848,-10.78,-0.217,12.75,27.491,253.398,71.792,98.32,185.027,1.971,0.781,4.889,263.566,5654.299,22.796,31.22,4128.67,2.269,53.527,1761.907,2412.969,0.626,17.421,94.166,30.133,8.82,9.051,7.816,22.003,7.895,68.758,0.604,0.233,0.29,3641.814,32624.18,25.922,529.035,2618.516,729.861,999.56,1911.994,20.041,8.068,37.721,2.503,9.264,2.621,3.59,6.765,0.072,0.029,39.069,73.624,265.593,75.245,103.05,193.931,2.066,0.818,CHN,1369520865.0,14773157625856.0,714.782,0.522,9779.292,246.96,2.591,9795.438,246.097,2.577,7.152,0.663,0.3,7.141,0.662,0.3,7464.744,5.451,8498.904,6.206,0.575,8565.818,156298.812,225625.984,120231.68,118.897,2516.237,74263.109,21482.82,3383.358,23873.199,2.208,3.733,0.003,277.599,0.203,8.15,8.605,16.146,0.012,1625.214,1.187,448.538,0.328,1176.712,0.859,0.103,141.722,32624.178,51.248,27.941,24.096,50.075,27.388,11.056,10.339,17.878,0.771,1.327,9.607,4.314,48.405,0.99,4.238,0.286,10.237,51.219,10.465,0.049,0.091,0.147,0.007,11785.366,11161.443,-1280.388,-13.093,2.382160203475897e-05,7.140666673961183e-06,2.2083416982501507e-09,6.61963559021686e-10,31336.537,29055.609,27158.898,9532.332,8620.576,7891.078,2.2887539253658128e-09,2.25958804519425e-09,2.3468390330736304e-09,6.96221228366432e-10,6.704024160116026e-10,6.818792818261108e-10
China,2013,CHN,1379007984.0,15925464006656.0,37.161,9.586,25.659,35.384,26.925,37.13,0.684,0.105,717.389,2.14,479.773,16607.686,22902.131,2956.741,4077.37,1.124,244.834,15978.252,22034.137,75.067,68.027,5420.4,3930.652,5431.63,17.097,3.765,1228.387,24548.492,2.126,3.187,942.953,3065.073,4226.76,22137.934,30528.387,77.818,90.679,13.919,210.01,1718.785,84.401,116.39,1246.393,9.269,103.326,883.321,1218.107,2.143,5.105,3896.59,5.426,102.678,2326.374,659.612,909.61,1686.991,16.747,6.91,10.375,266.086,3138.0,873.722,1204.87,2275.549,22.182,9.321,-11.23,-0.207,13.408,31.77,285.168,80.855,111.5,206.792,2.053,0.847,4.477,253.17,5907.47,23.93,33.0,4283.854,1.196,28.857,1770.712,2441.826,0.608,17.547,116.041,37.133,8.82,23.23,21.875,26.927,7.895,84.148,0.684,0.233,0.345,3938.795,33852.566,10.084,234.316,2852.832,792.867,1093.37,2068.757,20.13,8.474,132.963,12.152,21.417,6.07,8.37,15.53,0.154,0.064,34.172,88.024,353.617,100.26,138.26,256.428,2.545,1.05,CHN,1379008046.0,15925464006656.0,748.323,0.543,9956.329,177.037,1.81,9973.596,178.159,1.819,7.232,0.626,0.295,7.22,0.625,0.294,7493.408,5.434,8724.485,6.327,0.548,9314.142,166255.125,235599.578,127725.094,122.53,2836.365,74280.375,22717.439,3539.575,24600.359,2.126,3.632,0.003,320.127,0.232,8.244,8.685,17.266,0.013,1651.454,1.198,451.293,0.327,1234.621,0.895,0.113,156.217,33852.562,51.444,28.204,24.676,49.951,28.457,11.473,10.6,18.578,0.775,1.446,9.546,4.459,48.593,0.943,4.859,0.337,10.664,53.04,10.712,0.05,0.095,0.153,0.007,11976.409,11367.93,-1231.844,-12.372,2.4548491664135263e-05,7.2199208908749125e-06,2.125687891156667e-09,6.251829771389255e-10,32624.18,31336.537,29055.609,9779.292,9532.332,8620.576,2.2083416982501507e-09,2.2887539253658128e-09,2.25958804519425e-09,6.61963559021686e-10,6.96221228366432e-10,6.704024160116026e-10
China,2014,CHN,1387951920.0,17103948087296.0,4.44,1.571,26.625,36.955,33.337,46.27,0.799,0.107,693.728,-0.425,-97.428,16430.471,22804.703,3028.246,4203.06,-1.604,-353.375,15620.687,21680.762,72.536,66.074,5783.04,4166.6,5794.45,17.945,2.589,876.5,25021.809,2.03,0.991,302.465,3149.965,4372.0,22213.199,30830.852,75.452,89.328,9.591,164.846,1883.631,96.026,133.28,1357.13,7.692,93.701,945.14,1311.809,2.3,5.458,4019.77,16.499,370.042,2696.416,763.492,1059.69,1942.73,18.288,7.812,17.669,545.283,3683.283,1024.855,1422.45,2653.754,24.548,10.672,-11.41,-0.197,19.477,53.808,338.976,95.983,133.22,244.227,2.299,0.982,3.979,235.047,6142.517,25.693,35.66,4425.598,0.7,17.093,1771.617,2458.919,0.615,17.797,144.588,46.268,8.82,24.601,28.548,33.336,7.895,104.174,0.798,0.233,0.419,4174.82,34729.066,17.49,491.476,3344.307,928.872,1289.23,2409.527,22.249,9.69,180.78,38.411,59.827,16.939,23.51,43.105,0.406,0.173,15.549,52.904,406.521,115.105,159.76,292.893,2.757,1.178,CHN,1387951973.0,17103948087296.0,770.284,0.555,9990.257,33.927,0.341,9859.565,-114.031,-1.143,7.104,0.576,0.284,7.198,0.584,0.288,7424.993,5.35,8806.582,6.345,0.515,10084.425,176245.391,245459.141,135150.078,126.46,3206.586,74149.688,23973.047,3704.798,25071.705,2.03,3.93,0.003,370.222,0.267,8.23,8.648,-130.691,-0.094,1670.111,1.203,454.229,0.327,1255.605,0.905,0.119,165.223,34729.066,51.268,28.181,24.138,49.441,29.459,11.872,10.844,19.237,0.781,1.581,9.464,4.6,48.815,1.016,5.583,-2.422,10.818,54.104,10.95,0.052,0.1,0.159,0.008,12002.595,11422.511,-1183.674,-11.848,2.502180767183922e-05,7.1978405552509655e-06,2.0304707324149973e-09,5.840906993526417e-10,33852.566,32624.18,31336.537,9956.329,9779.292,9532.332,2.125687891156667e-09,2.2083416982501507e-09,2.2887539253658128e-09,6.251829771389255e-10,6.61963559021686e-10,6.96221228366432e-10
China,2015,CHN,1396134112.0,18301224747008.0,-26.129,-9.656,19.553,27.299,38.728,54.07,0.93,0.078,667.715,-2.086,-475.66,15993.479,22329.043,2898.124,4046.17,-1.876,-406.803,15237.762,21273.959,69.587,63.967,5802.14,4155.862,5814.58,17.903,1.172,406.922,25166.629,1.92,0.178,54.983,3043.791,4249.54,22122.398,30885.834,73.084,88.48,3.359,63.264,1946.895,119.552,166.91,1394.49,3.421,44.88,971.747,1356.689,2.871,5.577,3882.48,5.174,125.142,2821.558,798.29,1114.52,2020.979,19.168,8.083,9.108,338.214,4021.498,1120.981,1565.04,2880.452,26.916,11.52,-12.44,-0.214,28.645,94.893,433.869,122.753,171.38,310.764,2.947,1.243,7.609,467.379,6609.896,26.115,36.46,4734.427,1.481,36.414,1787.316,2495.333,0.627,18.936,168.97,54.07,8.82,16.863,24.381,38.729,7.895,121.027,0.93,0.233,0.484,4164.772,35135.988,7.146,243.322,3587.629,998.228,1393.66,2569.688,23.968,10.278,67.916,40.123,99.951,28.278,39.48,71.591,0.679,0.286,16.167,63.331,469.852,132.931,185.59,336.538,3.192,1.346,CHN,1396134164.0,18301224747008.0,718.559,0.515,9863.457,-126.8,-1.269,9828.97,-30.596,-0.31,7.04,0.537,0.28,7.065,0.539,0.281,7266.92,5.205,8860.397,6.346,0.484,10802.984,186108.859,255288.109,142417.0,130.361,3586.638,74115.203,25301.852,3870.017,25210.303,1.92,3.901,0.003,380.052,0.272,8.089,8.547,-34.488,-0.025,1671.582,1.197,457.125,0.327,1328.805,0.952,0.118,165.219,35135.988,49.516,27.859,24.01,49.544,30.274,12.245,11.078,19.857,0.787,1.711,9.393,4.748,49.03,1.016,5.616,-0.623,11.231,54.416,11.172,0.053,0.104,0.165,0.008,11932.706,11292.773,-1003.059,-10.169,2.5166628118316453e-05,7.064834637196081e-06,1.91987085485873e-09,5.389506514645988e-10,34729.066,33852.566,32624.18,9990.257,9956.329,9779.292,2.0304707324149973e-09,2.125687891156667e-09,2.2083416982501507e-09,5.840906993526417e-10,6.251829771389255e-10,6.61963559021686e-10
China,2016,CHN,1404052581.0,19545710395392.0,1.889,0.516,19.81,27.815,44.25,62.13,1.013,0.079,651.666,-2.926,-653.264,15438.011,21675.779,2960.252,4156.35,-7.534,-1602.727,14010.324,19671.232,67.768,61.893,6120.44,4359.125,6133.16,18.954,0.403,141.723,25125.633,1.805,-0.946,-292.065,3131.784,4397.19,21789.617,30593.77,71.695,87.357,7.577,147.516,2094.411,134.098,188.28,1491.69,1.675,22.727,982.453,1379.416,3.07,5.98,3996.77,3.477,76.099,2897.657,821.387,1153.27,2063.781,18.804,8.274,10.767,406.102,4427.6,1236.4,1735.97,3153.443,28.305,12.643,-12.72,-0.208,24.391,101.755,535.624,151.832,213.18,381.484,3.476,1.529,3.233,213.683,6823.579,37.434,52.56,4859.917,-6.933,-172.996,1654.024,2322.336,0.857,19.484,194.171,62.135,8.82,14.915,25.201,44.254,7.895,138.293,1.013,0.233,0.554,4368.184,35277.711,9.124,304.347,3891.976,1084.568,1522.79,2771.958,24.829,11.113,68.508,67.205,167.156,47.384,66.53,119.052,1.085,0.477,29.78,135.325,605.177,171.546,240.86,431.022,3.927,1.728,CHN,1404052626.0,19545710395392.0,740.776,0.528,9762.714,-100.743,-1.021,9618.938,-210.032,-2.137,6.851,0.492,0.273,6.953,0.499,0.277,7071.355,5.036,8860.693,6.311,0.453,11543.76,195871.578,264907.031,149488.359,133.452,4008.365,73971.422,26659.688,4037.945,25164.398,1.805,3.09,0.002,421.726,0.3,7.935,8.326,-143.776,-0.102,1621.114,1.155,456.86,0.325,1357.838,0.967,0.12,167.928,35277.711,49.703,27.565,24.154,49.325,31.053,12.594,11.3,20.435,0.788,1.851,9.323,4.893,49.281,0.826,6.066,-3.263,11.35,55.884,11.379,0.054,0.108,0.171,0.008,11690.258,11141.771,-902.02,-9.239,2.512563380986369e-05,6.9532393723823234e-06,1.804882518279658e-09,4.994811548165376e-10,35135.988,34729.066,33852.566,9863.457,9990.257,9956.329,1.91987085485873e-09,2.0304707324149973e-09,2.125687891156667e-09,5.389506514645988e-10,5.840906993526417e-10,6.251829771389255e-10
China,2017,CHN,1412354694.0,20894363680768.0,-6.755,-1.879,18.364,25.936,56.36,79.6,1.205,0.071,644.167,1.106,239.664,15516.954,21915.443,3136.627,4430.03,3.329,654.877,14391.646,20326.109,67.077,60.249,6591.39,4666.951,6604.44,19.743,3.888,1371.672,25949.135,1.754,2.999,917.368,3320.186,4689.28,22311.064,31511.137,71.002,86.629,15.189,318.111,2412.522,143.873,203.2,1708.156,8.161,112.579,1056.388,1491.995,3.077,6.632,4254.36,1.023,15.005,2912.662,824.906,1165.06,2062.274,17.641,8.007,10.053,435.995,4863.595,1356.005,1915.16,3443.607,28.998,13.371,-13.05,-0.198,16.381,84.626,620.25,175.664,248.1,439.16,3.757,1.705,5.27,359.593,7183.172,39.685,56.05,5085.955,-4.096,-95.122,1576.952,2227.215,0.849,19.748,248.747,79.599,8.82,28.107,54.575,56.359,7.895,176.122,1.205,0.233,0.684,4676.191,36649.383,9.183,351.369,4243.345,1180.341,1667.06,3004.447,25.242,11.666,77.068,127.344,294.5,83.407,117.8,208.517,1.784,0.81,26.463,156.323,761.5,215.668,304.6,539.171,4.612,2.093,CHN,1412354742.0,20894363680768.0,753.439,0.533,10006.343,243.629,2.496,9826.776,207.838,2.161,6.958,0.47,0.268,7.085,0.479,0.273,7163.255,5.072,9134.99,6.468,0.437,12297.199,205877.906,274733.812,156651.625,136.421,4494.724,73791.859,28090.275,4207.678,25987.383,1.754,2.969,0.002,486.359,0.344,8.082,8.451,-179.566,-0.127,1639.649,1.161,453.819,0.321,1430.587,1.013,0.12,169.733,36649.383,49.913,27.803,24.432,49.357,31.789,12.938,11.522,20.997,0.787,2.009,9.251,5.043,49.523,0.767,6.823,-4.244,11.775,56.054,11.588,0.055,0.113,0.176,0.008,11935.866,11414.804,-871.352,-8.708,2.5949135267291415e-05,7.084865227152679e-06,1.7540320231782673e-09,4.789015426782408e-10,35277.711,35135.988,34729.066,9762.714,9863.457,9990.257,1.804882518279658e-09,1.91987085485873e-09,2.0304707324149973e-09,4.994811548165376e-10,5.389506514645988e-10,5.840906993526417e-10
China,2018,CHN,1419008910.0,22294286041088.0,29.818,7.733,23.727,33.669,66.053,93.73,1.308,0.088,636.876,1.993,436.703,15751.942,22352.146,3357.216,4763.92,5.052,1026.842,15047.792,21352.951,66.478,58.647,7150.92,5039.376,7166.14,20.543,4.803,1760.438,27068.061,1.723,3.837,1209.011,3548.829,5035.82,23058.451,32720.148,70.272,85.85,17.688,426.738,2839.26,151.867,215.5,2000.875,8.19,122.194,1137.546,1614.188,3.007,7.45,4563.94,2.903,69.644,2982.306,844.878,1198.89,2101.682,16.73,7.825,11.486,529.323,5392.917,1501.273,2130.32,3800.482,29.728,14.15,-15.22,-0.213,18.904,113.581,733.831,207.892,295.0,517.143,4.117,1.925,4.811,345.569,7528.741,39.746,56.4,5305.633,-1.139,-25.377,1551.673,2201.838,0.787,19.754,293.112,93.796,8.82,17.835,44.365,66.099,7.895,206.561,1.309,0.233,0.769,5050.102,38409.82,10.399,415.742,4659.087,1293.382,1835.32,3283.339,25.611,12.224,50.17,145.55,440.05,124.664,176.9,310.111,2.469,1.155,20.092,148.45,909.95,257.786,365.8,641.258,5.105,2.388,CHN,1419008963.0,22294286041088.0,765.836,0.54,10332.992,326.65,3.264,10156.673,329.897,3.357,7.158,0.456,0.264,7.282,0.463,0.269,7316.367,5.156,9595.094,6.762,0.43,13063.035,216210.891,284890.5,163967.969,139.829,5070.093,73615.539,29590.75,4379.217,27104.984,1.723,3.408,0.002,575.369,0.405,8.305,8.654,-176.319,-0.124,1677.521,1.182,449.692,0.317,1500.474,1.057,0.121,171.539,38409.645,49.265,28.132,25.032,49.615,32.464,13.28,11.748,21.552,0.788,2.193,9.184,5.198,49.766,0.837,7.702,-4.586,12.25,56.584,11.801,0.057,0.117,0.183,0.008,12279.784,11785.06,-737.898,-7.141,2.706806118645159e-05,7.281837021067494e-06,1.7228549023373674e-09,4.634816284745099e-10,36649.383,35277.711,35135.988,10006.343,9762.714,9863.457,1.7540320231782673e-09,1.804882518279658e-09,1.91987085485873e-09,4.789015426782408e-10,4.994811548165376e-10,5.389506514645988e-10
China,2019,CHN,1423520298.0,23631939764224.0,7.079,2.383,25.327,36.053,79.191,112.73,1.502,0.09,619.617,2.55,570.09,16102.501,22922.236,3410.692,4855.19,3.754,801.488,15563.136,22154.439,64.706,57.512,7486.63,5259.236,7503.43,20.672,4.631,1778.902,28231.928,1.701,3.598,1177.367,3610.879,5140.16,23812.457,33897.516,68.504,85.048,8.612,244.508,3083.768,163.327,232.5,2166.297,9.492,153.226,1241.58,1767.414,3.099,7.737,4649.25,6.143,167.541,3149.846,893.939,1272.54,2212.716,16.959,7.903,10.875,566.26,5959.178,1660.159,2363.27,4186.226,31.496,14.952,-16.8,-0.224,18.203,129.288,863.119,244.956,348.7,606.327,4.647,2.166,4.818,362.769,7891.51,36.859,52.47,5543.658,1.217,26.796,1565.579,2228.634,0.699,19.8,352.487,112.796,8.82,20.257,59.375,79.237,7.895,247.616,1.503,0.233,0.884,5271.039,40188.723,9.718,436.972,5096.059,1415.203,2014.57,3579.899,26.849,12.786,26.625,114.406,554.455,157.356,224.0,389.496,2.985,1.391,10.798,93.268,1003.218,284.717,405.3,704.744,5.402,2.517,CHN,1423520354.0,23631939764224.0,819.965,0.576,10713.984,380.991,3.687,10488.223,331.55,3.264,7.368,0.444,0.261,7.526,0.453,0.267,7523.024,5.285,9931.447,6.977,0.42,13883.0,226924.891,295378.719,171491.0,143.668,5700.265,73389.773,31150.477,4556.474,28264.688,1.701,3.839,0.003,630.171,0.443,8.571,8.861,-225.761,-0.159,1699.523,1.194,418.188,0.294,1559.728,1.096,0.125,177.257,40188.543,50.518,28.875,25.649,51.195,33.164,13.628,11.979,22.114,0.79,2.387,9.113,5.355,50.045,0.882,8.255,-5.962,12.566,58.074,12.017,0.058,0.122,0.189,0.009,12614.095,12201.056,-782.537,-7.304,2.8231928309321494e-05,7.526400286370611e-06,1.7006104196677513e-09,4.533687926972344e-10,38409.82,36649.383,35277.711,10332.992,10006.343,9762.714,1.7228549023373674e-09,1.7540320231782673e-09,1.804882518279658e-09,4.634816284745099e-10,4.789015426782408e-10,4.994811548165376e-10
China,2020,CHN,1426106040.0,24151844716544.0,-23.742,-8.56,19.279,27.493,95.105,135.63,1.744,0.067,606.258,2.095,480.316,16410.107,23402.553,3451.328,4921.96,0.95,210.496,15682.52,22364.936,63.272,56.879,7762.03,5442.814,7779.07,20.851,3.248,1305.168,29095.936,1.718,2.451,830.877,3665.878,5227.93,24351.9,34728.391,67.205,84.407,9.158,282.404,3366.173,177.056,252.5,2360.394,9.77,172.678,1360.412,1940.092,3.246,8.181,4716.12,3.864,113.633,3263.479,926.796,1321.71,2288.385,16.991,7.932,7.473,456.586,6415.764,1788.885,2551.14,4498.798,32.795,15.593,-17.04,-0.22,5.019,41.079,904.198,256.783,366.2,634.032,4.708,2.198,0.864,68.157,7959.667,37.494,53.47,5581.399,1.639,36.53,1588.355,2265.163,0.687,19.346,424.051,135.696,8.82,20.303,71.564,95.152,7.895,297.349,1.744,0.233,1.031,5454.763,41493.891,7.891,415.507,5511.566,1532.102,2184.94,3864.766,28.087,13.396,16.563,90.236,644.691,183.086,261.1,452.064,3.356,1.567,15.1,148.634,1151.852,327.115,466.5,807.69,5.997,2.8,CHN,1426106083.0,24151844716544.0,849.976,0.596,10905.693,191.709,1.789,10653.655,165.432,1.577,7.47,0.441,0.257,7.647,0.452,0.263,7679.484,5.385,9972.824,6.993,0.413,14732.977,237830.578,306032.375,179170.484,148.838,6376.738,73137.742,32673.529,4728.013,29119.828,1.718,5.17,0.004,676.473,0.474,8.709,9.004,-252.038,-0.177,1732.467,1.215,418.821,0.294,1523.052,1.068,0.12,171.539,41493.711,51.883,31.047,27.625,53.827,33.869,13.988,12.219,22.686,0.801,2.588,9.043,5.513,50.299,1.289,8.943,-7.329,13.896,58.136,12.246,0.059,0.127,0.195,0.009,12841.301,12420.61,-932.869,-8.554,2.909593665278914e-05,7.647182162675055e-06,1.7180423063740845e-09,4.5154699891431504e-10,40188.723,38409.82,36649.383,10713.984,10332.992,10006.343,1.7006104196677513e-09,1.7228549023373674e-09,1.7540320231782673e-09,4.533687926972344e-10,4.634816284745099e-10,4.789015426782408e-10
China,2021,CHN,1426437224.0,26180600201216.0,4.063,1.117,20.057,28.61,116.325,165.93,1.944,0.066,599.005,3.901,912.924,17046.299,24315.477,3739.295,5333.87,3.635,813.039,16248.857,23177.975,62.5,55.941,8520.02,5972.937,8534.26,21.784,5.671,2353.289,30738.947,1.675,4.503,1563.858,3980.568,5678.03,25442.586,36292.25,66.532,83.496,12.967,436.507,3802.679,201.271,287.1,2665.858,7.837,152.037,1466.681,2092.129,3.364,8.749,5112.06,-1.642,-61.509,3201.97,911.362,1300.0,2244.733,15.233,7.367,11.875,757.938,7173.702,2002.352,2856.23,5029.104,33.468,16.504,-14.24,-0.167,11.278,99.497,1003.695,285.677,407.5,703.637,4.775,2.309,2.694,214.428,8174.095,40.002,57.06,5730.427,2.111,47.823,1621.513,2312.986,0.669,18.806,518.737,165.996,8.82,22.329,94.686,116.371,7.895,363.659,1.945,0.233,1.193,5982.92,43847.18,11.973,658.441,6170.007,1716.676,2448.73,4325.467,28.693,14.195,25.239,160.727,805.419,229.242,327.0,564.637,3.832,1.853,40.579,463.419,1615.271,459.747,655.8,1132.381,7.684,3.716,CHN,1426437276.0,26180600201216.0,843.777,0.592,11447.913,542.22,4.972,11169.235,515.58,4.839,7.83,0.427,0.255,8.026,0.437,0.261,8141.342,5.707,10400.611,7.291,0.397,15576.753,249278.5,317201.625,187311.828,153.651,7142.07,72859.055,34194.641,4899.551,30750.547,1.675,4.812,0.003,765.333,0.537,9.123,9.413,-278.678,-0.195,1778.4,1.247,425.25,0.298,1521.11,1.066,0.12,171.539,43847.004,49.742,30.947,27.548,53.793,34.465,14.349,12.464,23.271,0.809,2.809,8.969,5.659,50.504,1.187,9.66,-7.844,13.192,56.906,12.477,0.061,0.132,0.202,0.009,13427.619,13012.948,-1047.302,-9.148,3.073894824270232e-05,8.025528491587171e-06,1.6747965922478525e-09,4.3726701878547014e-10,41493.891,40188.723,38409.82,10905.693,10713.984,10332.992,1.7180423063740845e-09,1.7006104196677513e-09,1.7228549023373674e-09,4.5154699891431504e-10,4.533687926972344e-10,4.634816284745099e-10
China,2022,CHN,1425179509.0,26966017179648.0,2.003,0.573,20.477,29.183,128.075,182.53,2.063,0.066,586.7,0.338,82.303,17119.092,24397.779,3797.894,5412.68,9.439,2187.658,17798.201,25365.633,61.169,55.309,8835.76,6199.752,8848.71,22.407,1.526,669.312,31235.709,1.651,0.222,80.396,4041.835,5760.34,25521.449,36372.648,65.098,82.455,-0.689,-26.204,3776.475,193.393,275.62,2649.824,6.036,126.285,1556.586,2218.414,3.115,8.561,5191.54,-0.144,-12.481,3189.489,910.847,1298.12,2237.956,14.67,7.23,8.067,565.754,7739.456,2167.004,3088.37,5430.513,34.902,17.545,-12.95,-0.147,2.523,22.792,1026.486,293.142,417.78,720.251,4.721,2.327,0.297,24.298,8198.393,50.548,72.04,5752.533,2.937,67.931,1670.608,2380.917,0.814,18.585,570.612,182.596,8.82,10.0,51.875,128.121,7.895,400.379,2.064,0.233,1.294,6208.839,44516.492,8.979,542.962,6712.969,1873.862,2670.59,4710.262,30.181,15.218,30.664,244.385,1049.803,299.801,427.27,736.611,4.829,2.38,16.296,258.611,1873.882,535.14,762.67,1314.839,8.619,4.248,CHN,1425179562.0,26966017179648.0,756.02,0.53,11350.538,-97.375,-0.851,11064.459,-104.776,-0.938,7.764,0.41,0.249,7.964,0.421,0.255,8168.899,5.732,10309.728,7.234,0.382,16332.773,260629.031,328266.094,195480.734,158.329,7902.129,72572.984,35683.984,5071.09,31220.076,1.651,4.678,0.003,760.059,0.533,9.123,9.405,-286.079,-0.201,1864.384,1.308,420.098,0.295,1489.342,1.045,0.12,171.539,44516.312,47.218,30.435,27.096,53.792,34.901,14.687,12.695,23.837,0.817,3.014,8.895,5.792,50.697,1.161,9.63,-8.079,12.505,56.908,12.705,0.063,0.137,0.209,0.009,13403.84,13001.626,-1040.811,-9.17,3.1235708708186295e-05,7.964286257425289e-06,1.6508367440186097e-09,4.209200759749781e-10,43847.18,41493.891,40188.723,11447.913,10905.693,10713.984,1.6747965922478525e-09,1.7180423063740845e-09,1.7006104196677513e-09,4.3726701878547014e-10,4.5154699891431504e-10,4.533687926972344e-10
China,2023,CHN,1422584878.0,26966017179648.0,8.564,2.499,22.271,31.683,139.275,198.13,2.095,0.068,583.608,3.211,783.43,17701.023,25181.209,4044.666,5753.88,2.24,568.186,18230.068,25933.818,60.846,54.028,9443.07,6637.966,9456.45,22.687,5.741,2555.52,33089.07,1.651,5.356,1948.171,4307.356,6127.58,26937.455,38320.816,64.798,82.22,7.2,271.906,4048.381,209.337,297.8,2845.792,5.597,124.169,1646.709,2342.583,3.149,8.686,5518.86,-5.556,-199.256,2990.233,861.812,1226.0,2101.971,12.965,6.416,7.794,547.529,8286.984,2340.015,3328.87,5825.301,35.202,17.78,-13.38,-0.142,4.055,33.806,1060.293,305.585,434.72,745.328,4.597,2.275,10.89,892.835,9091.228,53.354,75.9,6390.64,2.102,50.056,1708.842,2430.972,0.803,19.506,619.362,198.196,8.82,8.543,48.75,139.321,7.895,435.378,2.096,0.233,1.329,6647.372,47072.012,8.373,513.723,7226.692,2034.43,2894.15,5079.972,30.605,15.505,36.717,374.953,1424.756,410.626,584.15,1001.526,6.177,3.057,16.154,286.776,2160.658,622.719,885.87,1518.826,9.368,4.636,CHN,1422584937.0,26966017179648.0,718.017,0.505,11902.503,551.965,4.863,11605.929,541.47,4.894,8.158,0.41,0.245,8.367,0.421,0.251,8550.844,6.011,10309.728,7.234,0.382,17050.791,272531.531,339872.0,204031.578,162.823,8716.913,72276.414,37326.809,5242.629,33266.828,1.651,4.494,0.003,814.783,0.573,9.546,9.819,-296.574,-0.208,1886.24,1.326,410.853,0.289,1642.827,1.155,0.121,171.539,47427.562,45.753,31.495,28.022,55.521,35.253,15.037,12.936,24.421,0.823,3.228,8.82,5.941,50.88,1.094,10.314,-8.182,13.456,56.965,12.938,0.064,0.142,0.216,0.009,13968.915,13579.422,-1040.811,-9.17,3.308907097773886e-05,8.366813601373028e-06,1.7456049102989726e-09,4.4138898676453966e-10,44516.492,43847.18,41493.891,11350.538,11447.913,10905.693,1.6508367440186097e-09,1.6747965922478525e-09,1.7180423063740845e-09,4.209200759749781e-10,4.3726701878547014e-10,4.5154699891431504e-10
China,2024,CHN,1419321230.0,26966017179648.0,17.503,5.546,26.23,37.228,146.76,208.3,2.068,0.077,559.552,1.66,418.098,18036.303,25599.307,4128.643,5859.87,1.2,311.205,18491.25,26245.023,58.176,52.807,10058.67,7086.958,10072.6,23.546,4.068,1915.09,34514.457,1.651,1.53,586.456,4395.763,6239.0,27412.592,38907.273,61.94,80.259,7.3,295.532,4343.913,213.419,302.91,3060.557,6.032,141.313,1750.059,2483.896,3.007,8.961,5636.14,10.462,312.826,3303.059,954.28,1354.43,2327.21,13.447,6.814,15.661,1282.732,9569.717,2701.01,3833.6,6742.46,38.06,19.741,-13.93,-0.138,3.71,39.341,1099.634,313.65,445.17,774.761,4.42,2.268,-1.399,-127.174,8964.054,53.702,76.22,6315.733,1.849,44.95,1744.441,2475.922,0.757,18.491,651.551,208.496,8.82,5.197,32.189,146.899,7.895,459.058,2.07,0.233,1.344,7096.772,48987.102,17.436,1243.39,8470.082,2387.359,3388.43,5967.699,33.64,17.472,43.634,621.683,2046.439,587.675,834.1,1441.843,8.281,4.221,12.549,271.146,2431.805,698.644,991.6,1713.358,9.845,5.016,CHN,1422584937.0,26966017179648.0,718.017,0.505,11902.503,551.965,4.863,11605.929,541.47,4.894,8.158,0.41,0.245,8.367,0.421,0.251,8550.844,6.011,10309.728,7.234,0.382,17050.791,272531.531,339872.0,204031.578,162.823,8716.913,72276.414,37326.809,5242.629,33266.828,1.651,4.494,0.003,814.783,0.573,9.546,9.819,-296.574,-0.208,1886.24,1.326,410.853,0.289,1642.827,1.155,0.121,171.539,47427.562,45.753,31.495,28.022,55.521,35.253,15.037,12.936,24.421,0.823,3.228,8.82,5.941,50.88,1.094,10.314,-8.182,13.456,56.965,12.938,0.064,0.142,0.216,0.009,13968.915,13579.422,-1040.811,-9.17,3.451445730858261e-05,8.366813601373028e-06,1.8166235552564997e-09,4.4138898676453966e-10,47072.012,44516.492,43847.18,11902.503,11350.538,11447.913,1.7456049102989726e-09,1.6508367440186097e-09,1.6747965922478525e-09,4.4138898676453966e-10,4.209200759749781e-10,4.3726701878547014e-10
France,1993,FRA,57801206.0,1671995850752.0,399.575,0.289,6.261,0.362,25.605,1.48,0.316,0.013,79.766,-21.2,-45.837,2947.492,170.369,362.622,20.96,-8.049,-6.407,1266.249,73.191,4.478,6.041,406.64,7035.147,468.07,22.895,-0.142,-4.053,49374.199,1.707,-4.519,-76.226,598.776,34.61,27864.125,1610.58,7.394,57.11,2.273,7.525,338.515,60.552,3.5,5856.534,3.605,1.298,645.344,37.302,0.748,12.004,42.48,-5.889,-11.281,180.264,1095.133,63.3,3118.687,13.524,6.392,6.302,71.134,1209.55,7499.151,433.46,20926.039,92.606,42.89,-61.43,-15.107,8.788,82.619,1022.744,6369.937,368.19,17694.17,78.661,36.266,-3.327,-37.914,1101.697,175.602,10.15,19060.098,-4.692,-2.002,703.508,40.664,2.168,39.065,6.169,1.97,0.49,-7.498,-0.5,34.082,8.477,106.724,0.421,0.105,0.219,8097.928,2853.888,-5.522,-11.485,186.806,1129.215,65.27,3231.868,13.944,6.624,13.105,0.001,0.005,0.0,0.0,0.081,0.0,0.0,390.637,0.005,0.007,0.0,0.0,0.115,0.0,0.0,FRA,57801260.0,1671995850752.0,8.592,0.149,387.699,-19.617,-4.816,379.222,-23.467,-5.828,6.561,0.227,0.133,6.707,0.232,0.136,63.036,1.091,503.652,8.714,0.301,484.342,28705.832,24517.395,17677.867,68.108,1281.955,-3867.635,9174.797,18.765,50021.062,1.707,4.218,0.073,67.874,1.174,7.851,9.387,-8.477,-0.147,89.625,1.551,60.284,1.043,239.495,4.143,0.078,4.484,2853.888,1.556,1.704,1.368,0.741,3.491,3.272,1.591,3.813,0.763,1.41,-0.579,3.084,0.748,1.804,1.686,-0.17,2.598,2.074,1.677,0.004,0.012,0.017,0.001,542.568,453.8,115.953,29.908,4.937419471835848e-05,6.707448937964213e-06,1.7068750491913181e-09,2.3187796777463758e-10,2857.941,2834.176,2649.823,407.316,417.859,393.717,1.6997218108610584e-09,1.7134557112715711e-09,1.6194906164024331e-09,2.4224568985597777e-10,2.5262470998845074e-10,2.4062776533304933e-10
France,1994,FRA,57999814.0,1712086450176.0,202.173,0.732,18.854,1.094,28.621,1.66,0.351,0.039,79.766,-0.872,-1.486,2911.775,168.882,360.346,20.9,-11.906,-8.714,1111.669,64.477,4.42,6.055,409.67,7063.299,472.84,23.612,-1.021,-29.129,48702.906,1.65,-2.997,-48.264,580.519,33.67,26936.578,1562.317,7.121,56.017,-4.539,-15.364,323.15,62.586,3.63,5571.574,3.216,1.2,663.819,38.501,0.768,11.587,42.48,21.418,38.608,218.872,1328.108,77.03,3773.671,16.291,7.848,1.518,17.122,1226.672,7571.921,439.17,21149.582,92.879,43.983,-63.17,-15.42,-2.229,-22.797,999.947,6206.572,359.98,17240.523,76.131,35.853,-2.851,-31.413,1070.284,157.587,9.14,18453.229,1.782,0.725,713.595,41.388,1.933,38.375,6.741,2.16,0.5,9.271,0.572,37.241,8.621,116.218,0.457,0.106,0.242,8152.44,2824.76,22.036,39.919,226.725,1365.349,79.19,3909.059,16.748,8.129,11.616,0.001,0.005,0.0,0.0,0.09,0.0,0.0,95.822,0.006,0.013,0.0,0.0,0.225,0.0,0.0,FRA,57999868.0,1712086450176.0,8.775,0.151,380.793,-6.906,-1.781,371.402,-7.82,-2.062,6.403,0.217,0.131,6.565,0.222,0.135,61.766,1.065,491.447,8.473,0.287,493.118,29086.627,24888.797,17739.633,72.588,1349.417,-3877.026,9408.376,23.496,49357.965,1.65,4.48,0.077,67.462,1.163,7.689,8.984,-9.391,-0.162,89.162,1.537,60.253,1.039,233.579,4.027,0.082,4.73,2824.76,1.489,1.656,1.286,0.722,3.41,3.231,1.586,3.757,0.785,1.42,-0.575,3.067,0.862,1.424,1.661,-0.159,2.525,2.186,1.665,0.004,0.012,0.017,0.001,521.044,445.985,110.654,29.059,4.8702914805898374e-05,6.565411493695011e-06,1.6498933215140036e-09,2.2241458657701254e-10,2853.888,2857.941,2834.176,387.699,407.316,417.859,1.7068750491913181e-09,1.6997218108610584e-09,1.7134557112715711e-09,2.3187796777463758e-10,2.4224568985597777e-10,2.5262470998845074e-10
France,1995,FRA,58192155.0,1748659601408.0,58.925,0.644,29.865,1.738,31.276,1.82,0.372,0.061,79.766,6.516,11.004,3091.245,179.886,415.52,24.18,-4.789,-3.088,1054.928,61.389,4.941,6.271,419.57,7210.079,489.41,23.746,2.812,79.438,49907.035,1.661,2.949,46.078,661.945,38.52,27639.369,1608.394,7.871,56.073,6.445,20.828,343.978,65.988,3.84,5911.076,-6.178,-2.379,620.748,36.123,0.785,11.992,42.48,-7.202,-15.764,203.108,1225.767,71.33,3490.304,14.575,7.081,2.803,33.335,1260.007,7748.295,450.89,21652.521,92.129,43.927,-69.84,-16.646,4.792,47.917,1047.864,6482.489,377.23,18006.959,77.079,36.531,1.331,14.246,1084.53,180.437,10.5,18637.049,-10.09,-4.176,639.474,37.212,2.145,37.81,7.278,2.33,0.51,7.974,0.537,40.04,8.764,125.071,0.476,0.104,0.254,8410.24,2904.198,-5.921,-14.582,212.143,1265.806,73.66,3645.563,15.051,7.396,8.597,0.0,0.006,0.0,0.0,0.097,0.0,0.0,0.217,0.0,0.013,0.0,0.0,0.225,0.0,0.0,FRA,58192206.0,1748659601408.0,8.635,0.148,385.81,5.017,1.317,374.323,2.921,0.786,6.433,0.214,0.129,6.63,0.221,0.133,62.935,1.082,501.696,8.621,0.287,501.753,29472.436,25263.119,17802.568,76.949,1418.056,-3888.512,9644.725,28.387,50577.844,1.661,4.361,0.075,68.639,1.18,7.785,8.889,-11.487,-0.197,89.163,1.532,62.784,1.079,236.348,4.062,0.084,4.891,2904.198,1.385,1.64,1.292,0.715,3.326,3.19,1.58,3.701,0.804,1.429,-0.572,3.052,0.963,1.336,1.627,-0.211,2.531,2.188,1.653,0.004,0.013,0.018,0.001,517.262,453.038,115.886,30.037,4.9907036438158204e-05,6.629925663928145e-06,1.660813801417711e-09,2.2063184835364776e-10,2824.76,2853.888,2857.941,380.793,387.699,407.316,1.6498933215140036e-09,1.7068750491913181e-09,1.6997218108610584e-09,2.2241458657701254e-10,2.3187796777463758e-10,2.4224568985597777e-10
France,1996,FRA,58380593.0,1773843120128.0,49.895,0.867,44.622,2.605,33.059,1.93,0.38,0.088,79.766,5.106,9.185,3238.589,189.071,480.297,28.04,-0.892,-0.547,1042.148,60.841,5.522,6.352,438.98,7519.28,507.79,23.659,3.724,108.15,51598.453,1.698,4.404,70.835,742.541,43.35,28763.482,1679.229,8.537,56.414,10.515,36.168,380.147,70.571,4.12,6511.522,-13.849,-5.003,533.053,31.12,0.811,12.771,42.48,-9.676,-19.653,183.456,1107.731,64.67,3142.406,12.736,6.163,3.08,37.376,1297.383,7955.383,464.44,22222.842,91.463,43.586,-68.81,-15.675,5.331,55.858,1103.722,6806.029,397.34,18905.635,78.249,37.08,2.35,25.482,1110.012,191.673,11.19,19013.373,-11.732,-4.366,562.626,32.846,2.204,37.291,7.572,2.42,0.49,4.036,0.294,41.452,8.393,129.699,0.477,0.096,0.254,8697.925,3012.348,-7.916,-18.483,193.661,1149.354,67.1,3317.207,13.214,6.506,29.917,0.002,0.007,0.0,0.0,0.126,0.0,0.0,57.613,0.008,0.021,0.171,0.01,0.354,0.002,0.001,FRA,58380637.0,1773843120128.0,8.436,0.144,402.156,16.347,4.237,390.171,15.848,4.234,6.683,0.22,0.13,6.889,0.227,0.134,65.29,1.118,504.19,8.636,0.284,510.189,29874.594,25653.291,17867.857,81.479,1493.811,-3900.498,9888.084,33.172,52276.672,1.698,4.531,0.078,75.755,1.298,8.056,9.042,-11.985,-0.205,89.258,1.529,64.752,1.109,243.36,4.169,0.082,4.785,3012.348,1.326,1.658,1.289,0.723,3.245,3.151,1.575,3.646,0.821,1.442,-0.569,3.036,1.046,1.293,1.72,-0.199,2.53,2.155,1.642,0.004,0.013,0.018,0.001,527.9,470.327,102.034,25.372,5.1598448134981234e-05,6.888516821082188e-06,1.6982042920360566e-09,2.2671452477205568e-10,2904.198,2824.76,2853.888,385.81,380.793,387.699,1.660813801417711e-09,1.6498933215140036e-09,1.7068750491913181e-09,2.2063184835364776e-10,2.2241458657701254e-10,2.3187796777463758e-10
France,1997,FRA,58568614.0,1816394858496.0,30.777,0.802,58.168,3.407,36.88,2.16,0.433,0.116,79.766,-12.087,-22.853,2837.999,166.218,378.701,22.18,-17.473,-10.631,857.289,50.21,4.442,5.672,433.91,7408.576,499.31,23.702,-1.549,-46.669,50635.984,1.633,-2.16,-36.277,666.569,39.04,28051.75,1642.952,7.819,56.065,-4.124,-15.677,364.469,83.663,4.9,6222.945,-11.595,-3.608,469.733,27.512,0.981,12.437,42.48,-3.452,-6.333,177.122,1060.466,62.11,3024.183,12.439,6.044,-0.657,-9.89,1287.493,7858.646,460.27,21982.639,92.181,43.935,-65.4,-15.072,-0.467,-5.158,1098.564,6752.422,395.48,18756.869,79.205,37.488,0.203,2.253,1112.265,204.205,11.96,18990.805,-17.619,-5.787,462.008,27.059,2.395,37.956,8.359,2.67,0.51,10.4,0.787,45.588,8.708,142.728,0.535,0.102,0.285,8525.215,2965.679,-1.719,-4.732,188.929,1106.224,64.79,3225.769,12.976,6.447,28.544,0.002,0.009,0.0,0.0,0.162,0.0,0.0,49.773,0.01,0.031,0.171,0.01,0.528,0.002,0.001,FRA,58568662.0,1816394858496.0,8.111,0.138,394.845,-7.311,-1.818,380.699,-9.472,-2.428,6.5,0.21,0.128,6.742,0.217,0.133,61.266,1.046,489.657,8.36,0.27,518.3,30269.438,26033.99,17929.123,85.955,1568.852,-3914.644,10129.034,38.173,51274.414,1.633,4.476,0.076,75.041,1.281,7.808,8.636,-14.146,-0.242,88.324,1.508,59.042,1.008,240.95,4.114,0.085,5.001,2965.679,1.225,1.618,1.197,0.682,3.163,3.112,1.568,3.593,0.837,1.452,-0.565,3.02,1.125,1.269,1.697,-0.191,2.468,2.235,1.629,0.003,0.013,0.018,0.002,505.816,457.31,94.812,24.012,5.0635977146393624e-05,6.7415745300787865e-06,1.6327281406508842e-09,2.1737839553616505e-10,3012.348,2904.198,2824.76,402.156,385.81,380.793,1.6982042920360566e-09,1.660813801417711e-09,1.6498933215140036e-09,2.2671452477205568e-10,2.2063184835364776e-10,2.2241458657701254e-10
France,1998,FRA,58778760.0,1882050265088.0,-14.133,-0.482,49.768,2.925,36.238,2.13,0.421,0.097,79.766,18.436,30.644,3349.192,196.861,570.444,33.53,-17.215,-8.644,707.165,41.566,6.627,6.556,448.37,7628.096,505.93,23.043,2.412,71.542,51672.098,1.614,5.981,98.27,927.206,54.5,29623.322,1741.222,10.772,57.988,6.619,24.125,388.595,84.554,4.97,6611.143,-13.636,-3.752,404.229,23.76,0.982,12.941,42.48,-2.621,-4.642,172.481,1033.877,60.77,2934.403,12.012,5.744,-2.076,-25.981,1261.512,7680.155,451.43,21462.037,89.228,42.012,-57.56,-12.838,-1.895,-20.814,1077.75,6600.854,387.99,18335.703,76.688,35.892,3.911,43.501,1155.766,272.207,16.0,19662.988,-10.531,-2.85,411.877,24.21,3.162,38.49,8.291,2.65,0.52,-0.822,-0.069,45.084,8.847,141.048,0.524,0.103,0.276,8607.36,3037.222,-3.1,-5.167,183.762,1079.301,63.44,3126.333,12.539,6.12,20.01,0.002,0.011,0.0,0.0,0.193,0.0,0.0,75.202,0.023,0.054,0.34,0.02,0.921,0.004,0.002,FRA,58778817.0,1882050265088.0,8.686,0.148,413.259,18.414,4.663,399.012,18.313,4.81,6.788,0.212,0.131,7.031,0.22,0.136,71.286,1.213,509.447,8.667,0.271,526.986,30682.697,26433.002,18000.41,90.348,1645.679,-3928.89,10376.065,43.208,52293.457,1.614,4.393,0.075,76.827,1.307,7.922,8.651,-14.246,-0.242,88.023,1.498,48.953,0.833,247.031,4.203,0.086,5.035,3037.222,1.316,1.7,1.31,0.816,3.092,3.078,1.563,3.545,0.852,1.463,-0.562,3.005,1.195,1.305,1.72,-0.232,2.499,2.283,1.617,0.003,0.013,0.018,0.002,508.495,465.621,96.188,23.276,5.1672100602325545e-05,7.030747148245481e-06,1.613783678544838e-09,2.1957915134677716e-10,2965.679,3012.348,2904.198,394.845,402.156,385.81,1.6327281406508842e-09,1.6982042920360566e-09,1.660813801417711e-09,2.1737839553616505e-10,2.2671452477205568e-10,2.2063184835364776e-10
France,1999,FRA,59084162.0,1949849354240.0,4.348,0.127,51.664,3.053,39.605,2.34,0.45,0.1,79.766,-10.334,-20.344,2987.559,176.517,495.564,29.28,-10.567,-4.392,629.17,37.174,5.636,5.804,456.4,7724.574,519.54,23.576,1.343,40.794,52095.453,1.579,-0.493,-8.585,873.161,51.59,29324.902,1732.637,9.93,56.971,1.96,7.617,396.212,130.323,7.7,6705.884,-9.161,-2.177,365.298,21.583,1.482,13.028,42.48,16.783,28.947,201.428,1198.629,70.82,3409.167,13.631,6.623,3.735,47.121,1308.633,7920.059,467.95,22148.633,90.07,43.029,-63.14,-13.834,1.612,17.372,1095.122,6672.516,394.24,18534.953,75.883,36.009,0.358,4.142,1159.908,247.274,14.61,19631.459,-7.289,-1.765,379.881,22.445,2.812,38.139,8.916,2.85,0.51,7.539,0.625,48.236,8.632,150.897,0.549,0.098,0.293,8793.219,3078.016,15.904,29.749,213.511,1247.542,73.71,3613.678,14.188,7.02,11.227,0.001,0.013,0.0,0.0,0.214,0.0,0.0,89.486,0.048,0.103,0.677,0.04,1.737,0.008,0.003,FRA,59084208.0,1949849354240.0,8.386,0.142,412.021,-1.238,-0.3,394.482,-4.53,-1.135,6.677,0.202,0.128,6.973,0.211,0.134,66.37,1.123,513.286,8.687,0.263,535.373,31094.719,26827.482,18066.779,94.432,1726.343,-3946.429,10623.676,48.114,52748.922,1.579,4.084,0.069,80.664,1.365,7.816,8.421,-17.539,-0.297,87.827,1.486,46.585,0.788,247.611,4.191,0.083,4.906,3078.016,1.211,1.658,1.278,0.749,3.018,3.043,1.558,3.497,0.863,1.474,-0.56,2.989,1.255,1.238,1.748,-0.292,2.443,2.237,1.606,0.003,0.013,0.018,0.002,497.546,461.779,101.265,24.578,5.209544987707447e-05,6.973453888050646e-06,1.5785916964850496e-09,2.1130914503935868e-10,3037.222,2965.679,3012.348,413.259,394.845,402.156,1.613783678544838e-09,1.6327281406508842e-09,1.6982042920360566e-09,2.1957915134677716e-10,2.1737839553616505e-10,2.2671452477205568e-10
France,2000,FRA,59483672.0,2031676030976.0,19.585,0.598,61.368,3.65,41.692,2.48,0.466,0.118,79.766,-3.035,-5.357,2877.441,171.161,453.906,27.0,-31.412,-11.677,428.637,25.497,5.07,5.555,463.08,7784.993,532.56,24.022,1.296,39.893,52416.219,1.535,-0.135,-2.331,833.338,49.57,29088.762,1730.306,9.308,56.16,4.985,19.752,415.964,193.498,11.51,6992.902,-9.865,-2.129,327.051,19.454,2.161,13.501,42.48,-8.483,-17.086,184.342,1089.038,64.78,3099.03,12.164,5.983,3.281,42.065,1350.699,8119.707,482.99,22707.051,90.692,43.84,-69.48,-15.004,5.306,58.105,1153.228,6979.395,415.16,19387.297,77.956,37.43,-1.442,-16.726,1143.182,185.933,11.06,19218.42,-3.907,-0.877,362.587,21.568,2.077,37.104,9.331,2.99,0.51,4.662,0.416,50.266,8.574,156.871,0.561,0.096,0.303,8953.045,3117.909,-6.893,-16.04,197.471,1140.313,67.83,3319.753,12.737,6.409,14.86,0.002,0.015,0.168,0.01,0.244,0.002,0.0,29.925,0.031,0.133,0.841,0.05,2.242,0.009,0.004,FRA,59483716.0,2031676030976.0,8.561,0.144,406.139,-5.882,-1.428,387.421,-7.061,-1.79,6.513,0.191,0.124,6.828,0.2,0.13,65.668,1.104,519.261,8.729,0.256,543.934,31500.857,27214.906,18132.447,98.66,1810.504,-3965.147,10862.392,52.922,53147.277,1.535,4.227,0.071,84.16,1.415,7.662,8.171,-18.718,-0.315,89.975,1.513,45.816,0.77,238.715,4.013,0.081,4.808,3117.909,1.182,1.592,1.258,0.714,2.946,3.008,1.553,3.448,0.874,1.486,-0.558,2.97,1.306,1.218,1.772,-0.353,2.324,2.222,1.595,0.003,0.013,0.018,0.002,486.069,455.778,113.122,27.853,5.2416215999576285e-05,6.827734165094749e-06,1.5346487099629674e-09,1.9990342643600233e-10,3078.016,3037.222,2965.679,412.021,413.259,394.845,1.5785916964850496e-09,1.613783678544838e-09,1.6327281406508842e-09,2.1130914503935868e-10,2.1957915134677716e-10,2.1737839553616505e-10
France,2001,FRA,59905084.0,2077786767360.0,1.373,0.05,61.773,3.7,47.575,2.85,0.525,0.119,68.633,-15.848,-27.125,2404.399,144.036,341.874,20.48,-34.996,-8.923,276.671,16.574,3.774,4.637,474.21,7916.022,542.6,24.398,0.806,25.137,52467.105,1.513,-0.418,-7.241,758.366,45.43,28763.264,1723.066,8.373,55.477,4.981,20.72,436.684,252.9,15.15,7289.598,2.823,0.549,333.917,20.003,2.792,14.06,37.24,11.912,20.819,205.16,1212.251,72.62,3424.755,13.384,6.605,2.929,32.153,1382.852,8299.296,497.17,23084.047,91.627,44.523,-68.39,-14.422,1.425,9.966,1163.193,7029.119,421.08,19417.273,77.604,37.451,-0.073,-0.836,1142.346,163.592,9.8,19069.266,-3.434,-0.741,347.673,20.827,1.806,36.78,10.419,3.33,0.48,11.654,1.088,55.588,8.013,173.921,0.614,0.088,0.335,9057.661,3143.046,11.481,22.187,219.658,1270.176,76.09,3666.773,14.023,7.072,17.944,0.003,0.017,0.167,0.01,0.284,0.002,0.001,172.917,0.229,0.362,2.17,0.13,6.041,0.024,0.012,FRA,59905130.0,2077786767360.0,8.655,0.144,410.445,4.306,1.06,388.564,1.143,0.295,6.486,0.187,0.124,6.852,0.198,0.131,56.01,0.935,518.898,8.662,0.25,552.589,31911.303,27603.471,18188.457,102.848,1898.778,-3987.027,11111.075,57.555,53258.633,1.513,4.188,0.07,88.274,1.474,7.666,8.067,-21.881,-0.365,89.813,1.499,45.166,0.754,248.684,4.151,0.077,4.633,3143.046,1.143,1.597,1.275,0.605,2.875,2.974,1.548,3.399,0.885,1.499,-0.558,2.955,1.35,1.248,1.841,-0.459,2.403,2.172,1.584,0.003,0.014,0.019,0.002,483.233,459.258,108.453,26.423,5.246709945352798e-05,6.851583495436754e-06,1.5126893911224103e-09,1.9753951966953005e-10,3117.909,3078.016,3037.222,406.139,412.021,413.259,1.5346487099629674e-09,1.5785916964850496e-09,1.613783678544838e-09,1.9990342643600233e-10,2.1130914503935868e-10,2.1957915134677716e-10
France,2002,FRA,60327203.0,2107316502528.0,4.849,0.179,64.315,3.88,50.392,3.04,0.551,0.126,75.212,7.326,10.552,2562.487,154.588,392.195,23.66,-27.661,-4.585,198.741,11.99,4.292,5.017,474.21,7860.633,551.24,24.981,-0.768,-24.127,51700.051,1.48,-1.145,-19.722,858.485,51.79,28235.088,1703.344,9.395,55.284,-0.17,-0.741,435.943,304.506,18.37,7226.305,-2.471,-0.494,323.388,19.509,3.332,14.149,41.46,-18.677,-39.689,165.471,976.011,58.88,2742.896,10.681,5.371,0.464,-5.099,1377.753,8279.019,499.45,22837.998,90.605,44.716,-77.03,-16.244,3.725,33.409,1196.603,7239.852,436.76,19835.211,79.232,38.837,-2.585,-29.532,1112.813,161.784,9.76,18446.297,-3.027,-0.631,334.788,20.197,1.771,36.117,11.053,3.53,0.49,6.089,0.634,58.514,8.122,183.22,0.64,0.089,0.359,9137.503,3118.919,-16.397,-38.509,181.15,1039.166,62.69,3002.787,11.373,5.879,15.306,0.002,0.019,0.166,0.01,0.323,0.002,0.001,102.29,0.364,0.726,4.476,0.27,12.035,0.049,0.024,FRA,60327247.0,2107316502528.0,8.643,0.143,405.947,-4.499,-1.096,382.666,-5.899,-1.518,6.343,0.182,0.123,6.729,0.193,0.13,58.579,0.971,511.329,8.476,0.243,561.232,32317.25,27986.135,18247.037,106.79,1986.651,-4010.308,11353.326,62.214,52531.129,1.48,3.942,0.065,87.873,1.457,7.53,7.881,-23.281,-0.386,88.445,1.466,43.734,0.725,242.252,4.016,0.077,4.659,3118.919,1.101,1.545,1.218,0.605,2.806,2.94,1.542,3.35,0.894,1.51,-0.557,2.938,1.389,1.214,1.78,-0.454,2.345,2.154,1.573,0.003,0.014,0.019,0.002,475.422,454.285,105.383,25.96,5.1700043179524636e-05,6.729082134313096e-06,1.480042981801002e-09,1.9263693873844476e-10,3143.046,3117.909,3078.016,410.445,406.139,412.021,1.5126893911224103e-09,1.5346487099629674e-09,1.5785916964850496e-09,1.9753951966953005e-10,1.9990342643600233e-10,2.1130914503935868e-10
France,2003,FRA,60741072.0,2130940657664.0,-8.113,-0.315,58.694,3.565,53.177,3.23,0.578,0.114,80.858,5.968,9.226,2696.924,163.814,432.327,26.26,9.883,1.185,216.894,13.174,4.697,5.256,492.72,8111.81,559.13,24.915,1.094,34.122,51909.551,1.48,2.037,34.703,931.66,56.59,28614.031,1738.047,10.121,55.765,4.892,21.326,457.268,318.895,19.37,7528.156,-13.657,-2.664,277.32,16.845,3.464,14.671,45.21,-2.407,-4.864,160.608,944.172,57.35,2644.135,10.257,5.153,0.564,0.94,1378.692,8273.479,502.54,22697.859,89.879,44.235,-66.41,-13.478,0.987,5.223,1201.826,7261.479,441.07,19786.045,78.885,38.56,0.373,4.151,1116.965,180.438,10.96,18388.951,-12.772,-2.58,290.04,17.617,1.96,35.838,11.616,3.72,0.49,5.089,0.563,61.244,8.067,191.232,0.665,0.088,0.373,9205.139,3153.042,-2.152,-4.283,176.867,1012.001,61.47,2911.815,10.994,5.675,9.345,0.002,0.021,0.165,0.01,0.348,0.002,0.001,46.415,0.331,1.057,6.421,0.39,17.405,0.07,0.034,FRA,60741121.0,2130940657664.0,8.556,0.141,411.965,6.018,1.483,389.806,7.14,1.866,6.417,0.183,0.124,6.782,0.193,0.131,59.184,0.974,521.3,8.582,0.245,569.787,32729.213,28375.941,18306.221,110.693,2078.214,-4032.467,11597.447,66.852,52789.781,1.48,3.903,0.064,91.564,1.507,7.583,7.91,-22.159,-0.365,87.194,1.436,43.46,0.715,244.12,4.019,0.076,4.638,3153.042,0.991,1.489,1.155,0.563,2.731,2.904,1.535,3.297,0.901,1.52,-0.555,2.921,1.422,1.133,1.789,-0.365,2.302,2.098,1.56,0.003,0.014,0.019,0.002,480.439,460.629,109.335,26.54,5.190955470789103e-05,6.782308150025634e-06,1.4796479614108343e-09,1.933254211084452e-10,3118.919,3143.046,3117.909,405.947,410.445,406.139,1.480042981801002e-09,1.5126893911224103e-09,1.5346487099629674e-09,1.9263693873844476e-10,1.9753951966953005e-10,1.9990342643600233e-10
France,2004,FRA,61175198.0,2196883505152.0,9.061,0.323,63.558,3.888,54.107,3.31,0.584,0.124,77.185,-3.732,-6.113,2577.862,157.701,398.364,24.37,-90.783,-11.96,19.85,1.214,4.303,5.015,504.39,8245.008,566.3,24.993,0.859,27.088,51983.973,1.448,0.764,13.28,909.519,55.64,28628.062,1751.327,9.825,55.689,2.112,9.657,466.925,344.094,21.05,7632.59,-13.56,-2.284,238.015,14.561,3.717,14.847,43.71,1.038,0.788,161.396,948.751,58.04,2638.253,10.249,5.132,1.65,14.791,1393.483,8347.501,510.66,22778.564,90.175,44.311,-61.91,-12.274,1.626,12.92,1214.745,7327.152,448.24,19856.826,79.152,38.627,0.872,9.736,1126.701,167.061,10.22,18417.609,-3.196,-0.563,278.777,17.054,1.805,35.827,11.819,3.78,0.47,1.749,0.203,61.79,7.683,193.195,0.667,0.083,0.376,9257.02,3180.13,1.813,1.871,178.738,1020.348,62.42,2921.739,11.022,5.684,8.763,0.002,0.023,0.163,0.01,0.374,0.002,0.001,53.351,0.555,1.612,9.644,0.59,26.358,0.104,0.051,FRA,61175243.0,2196883505152.0,9.065,0.148,413.379,1.415,0.343,388.982,-0.824,-0.211,6.358,0.177,0.122,6.757,0.188,0.13,58.254,0.952,542.344,8.865,0.247,578.852,33142.594,28764.924,18364.473,114.622,2171.408,-4056.865,11841.648,71.589,52906.543,1.448,3.929,0.064,93.194,1.523,7.539,7.864,-24.398,-0.399,86.452,1.413,43.065,0.704,244.202,3.992,0.077,4.736,3180.13,1.004,1.444,1.143,0.536,2.659,2.868,1.528,3.244,0.907,1.529,-0.555,2.902,1.451,1.147,1.764,-0.451,2.22,2.045,1.548,0.003,0.014,0.019,0.002,481.08,461.221,128.965,31.198,5.198397559743e-05,6.757292324935976e-06,1.4475642393154435e-09,1.8816609939970338e-10,3153.042,3118.919,3143.046,411.965,405.947,410.445,1.4796479614108343e-09,1.480042981801002e-09,1.5126893911224103e-09,1.933254211084452e-10,1.9263693873844476e-10,1.9753951966953005e-10
France,2005,FRA,61624978.0,2238790500352.0,69.319,2.695,106.83,6.583,55.01,3.39,0.596,0.211,85.533,3.184,5.021,2640.517,162.722,446.41,27.51,-100.0,-1.214,0.0,0.0,4.834,5.219,508.81,8256.555,569.14,25.213,-0.819,-26.051,51181.828,1.409,-0.403,-7.061,1016.309,62.63,28304.543,1744.267,11.004,55.947,2.185,10.201,477.126,374.361,23.07,7742.408,-19.248,-2.803,190.799,11.758,4.053,15.304,48.68,-13.559,-23.009,138.387,813.631,50.14,2245.633,8.81,4.439,-0.316,-20.011,1373.472,8219.232,506.51,22287.592,88.996,44.053,-60.33,-11.857,0.734,-0.958,1213.788,7327.062,451.53,19696.357,79.335,38.932,-1.978,-22.282,1104.419,195.538,12.05,17921.617,-13.125,-2.238,240.421,14.816,2.117,35.424,12.1,3.87,0.48,2.38,0.281,62.799,7.789,196.349,0.68,0.084,0.388,9235.541,3154.079,-7.255,-19.053,159.685,892.171,54.98,2591.234,9.66,5.122,24.299,0.005,0.028,0.162,0.01,0.458,0.002,0.001,61.681,0.974,2.586,15.578,0.96,41.964,0.169,0.083,FRA,61625030.0,2238790500352.0,9.108,0.148,415.795,2.416,0.584,391.601,2.62,0.673,6.355,0.175,0.124,6.747,0.186,0.132,62.071,1.007,551.581,8.951,0.246,587.96,33558.387,29156.523,18426.547,118.553,2266.316,-4081.059,12082.93,76.085,52124.855,1.409,3.931,0.064,94.908,1.54,7.511,7.801,-24.194,-0.393,85.606,1.389,41.583,0.675,241.28,3.915,0.073,4.496,3154.079,0.941,1.404,1.135,0.538,2.586,2.832,1.521,3.19,0.913,1.537,-0.554,2.883,1.47,1.13,1.757,-0.495,2.173,1.856,1.535,0.003,0.014,0.019,0.002,480.763,462.856,135.786,32.657,5.118182760243661e-05,6.747177242753363e-06,1.4088316881387926e-09,1.8572304998374145e-10,3180.13,3153.042,3118.919,413.379,411.965,405.947,1.4475642393154435e-09,1.4796479614108343e-09,1.480042981801002e-09,1.8816609939970338e-10,1.933254211084452e-10,1.9263693873844476e-10
France,2006,FRA,62049790.0,2297018187776.0,21.103,1.389,128.489,7.973,54.472,3.38,0.596,0.258,76.573,-7.587,-12.346,2423.466,150.376,368.897,22.89,-100.0,0.0,0.0,0.0,4.035,4.862,503.96,8121.865,567.3,25.415,-0.797,-25.148,50426.129,1.362,-1.791,-31.236,905.724,56.2,27607.352,1713.03,9.907,55.382,-3.421,-16.32,460.805,350.686,21.76,7426.383,10.316,1.213,209.04,12.971,3.836,14.898,43.44,9.369,12.156,150.543,884.451,54.88,2426.161,9.674,4.867,1.179,6.632,1380.104,8236.934,511.1,22241.879,90.093,44.618,-63.34,-12.568,-0.296,-10.068,1203.719,7255.303,450.19,19399.248,79.357,38.916,-0.233,-2.57,1101.849,186.141,11.55,17757.504,-5.652,-0.837,225.28,13.979,2.036,35.622,12.003,3.84,0.46,-0.801,-0.097,61.886,7.413,193.443,0.677,0.081,0.388,9142.657,3128.931,11.768,16.7,176.385,981.631,60.91,2842.632,10.737,5.702,13.383,0.004,0.032,0.161,0.01,0.513,0.002,0.001,126.819,3.248,5.834,35.133,2.18,94.025,0.384,0.189,FRA,62049831.0,2297018187776.0,9.307,0.15,406.157,-9.638,-2.318,383.037,-8.564,-2.187,6.173,0.167,0.122,6.546,0.177,0.13,59.521,0.959,550.908,8.878,0.24,597.267,33964.547,29539.561,18486.064,122.784,2358.628,-4104.178,12319.118,80.681,51362.02,1.362,4.231,0.068,92.313,1.488,7.274,7.54,-23.12,-0.373,84.648,1.364,40.298,0.649,236.189,3.806,0.074,4.596,3128.931,0.881,1.326,1.065,0.488,2.51,2.794,1.513,3.134,0.921,1.542,-0.553,2.863,1.486,1.217,1.661,-0.434,2.105,1.817,1.522,0.003,0.014,0.019,0.002,467.879,451.332,144.751,35.639,5.0426133593682586e-05,6.5456584402299736e-06,1.3621707553954842e-09,1.7681923554695314e-10,3154.079,3180.13,3153.042,415.795,413.379,411.965,1.4088316881387926e-09,1.4475642393154435e-09,1.4796479614108343e-09,1.8572304998374145e-10,1.8816609939970338e-10,1.933254211084452e-10
France,2007,FRA,62432388.0,2354672041984.0,101.496,8.092,257.314,16.065,60.065,3.75,0.667,0.528,80.112,3.445,5.18,2491.58,155.555,391.624,24.45,-100.0,0.0,0.0,0.0,4.352,5.114,505.03,8089.231,561.84,25.552,-1.698,-53.141,49265.93,1.306,-2.006,-34.357,925.962,57.81,26887.861,1678.673,10.289,55.193,-2.864,-13.196,447.609,352.221,21.99,7169.504,-10.988,-1.425,184.931,11.546,3.914,14.717,45.01,2.311,2.659,153.202,896.81,55.99,2453.889,9.965,5.037,0.231,-17.295,1362.809,8073.213,504.03,21828.557,89.711,44.807,-56.81,-11.249,-2.324,-34.224,1169.495,7043.3,439.73,18732.18,78.266,38.451,-2.391,-26.341,1075.509,182.117,11.37,17226.777,-7.476,-1.045,207.161,12.934,2.024,35.361,13.175,4.22,0.47,9.763,1.172,67.593,7.528,211.028,0.751,0.084,0.433,8999.176,3075.79,16.587,16.929,193.314,1029.914,64.3,3096.377,11.445,6.356,51.184,0.016,0.048,0.32,0.02,0.767,0.004,0.002,86.526,4.99,10.824,65.191,4.07,173.379,0.724,0.356,FRA,62432438.0,2354672041984.0,9.478,0.152,396.01,-10.147,-2.498,370.074,-12.964,-3.385,5.928,0.157,0.12,6.343,0.168,0.129,61.413,0.984,550.392,8.816,0.234,606.745,34360.559,29909.635,18547.479,127.311,2447.809,-4130.115,12545.981,85.231,50151.977,1.306,4.527,0.073,89.18,1.428,7.055,7.354,-25.937,-0.415,84.603,1.355,40.849,0.654,226.863,3.634,0.073,4.549,3075.79,0.836,1.256,1.024,0.48,2.434,2.755,1.504,3.078,0.931,1.542,-0.553,2.841,1.498,1.319,1.548,-0.565,2.016,1.752,1.509,0.003,0.015,0.02,0.002,459.152,440.482,154.382,38.984,4.92659354948901e-05,6.343016750362907e-06,1.3062498493031753e-09,1.6818053339875299e-10,3128.931,3154.079,3180.13,406.157,415.795,413.379,1.3621707553954842e-09,1.4088316881387926e-09,1.4475642393154435e-09,1.7681923554695314e-10,1.8572304998374145e-10,1.8816609939970338e-10
France,2008,FRA,62780134.0,2362451689472.0,62.277,10.005,415.249,26.069,63.237,3.97,0.7,0.856,76.034,-5.22,-8.119,2348.448,147.436,367.314,23.06,-100.0,0.0,0.0,0.0,4.067,4.838,518.99,8266.787,566.98,25.743,0.294,9.055,49137.273,1.306,-0.836,-14.026,879.259,55.2,26515.506,1664.647,9.736,54.63,3.632,16.255,463.865,348.518,21.88,7388.715,-13.164,-1.52,159.698,10.026,3.859,15.223,43.11,10.503,14.75,167.952,990.122,62.16,2675.249,10.963,5.512,3.381,19.701,1382.51,8151.942,511.78,22021.451,90.264,45.37,-47.99,-9.247,-0.064,-10.004,1159.491,6999.826,439.45,18469.07,77.507,38.052,-2.061,-22.162,1053.347,163.428,10.26,16778.344,-1.361,-0.176,203.21,12.758,1.81,34.568,13.862,4.44,0.47,5.218,0.687,70.723,7.486,220.81,0.783,0.083,0.455,9031.2,3084.845,21.864,29.705,223.019,1152.116,72.33,3552.381,12.757,7.319,133.333,0.063,0.111,0.637,0.04,1.765,0.007,0.004,39.902,4.199,15.024,90.634,5.69,239.307,1.004,0.493,FRA,62780187.0,2362451689472.0,8.88,0.141,389.094,-6.917,-1.747,360.98,-9.093,-2.457,5.75,0.153,0.117,6.198,0.165,0.126,56.225,0.896,543.899,8.664,0.23,615.625,34749.648,30270.615,18603.705,132.114,2539.794,-4158.229,12768.786,89.627,49980.469,1.306,4.803,0.077,91.986,1.465,6.903,7.204,-28.114,-0.448,84.82,1.351,39.535,0.63,222.805,3.549,0.07,4.396,3084.845,0.773,1.213,0.977,0.426,2.361,2.716,1.494,3.021,0.943,1.543,-0.553,2.82,1.507,1.435,1.552,-0.576,1.989,1.691,1.496,0.003,0.015,0.02,0.002,452.273,433.362,154.805,39.786,4.913727963689837e-05,6.197719672290779e-06,1.3057811991446276e-09,1.6469924093430294e-10,3075.79,3128.931,3154.079,396.01,406.157,415.795,1.3062498493031753e-09,1.3621707553954842e-09,1.4088316881387926e-09,1.6818053339875299e-10,1.7681923554695314e-10,1.8572304998374145e-10
France,2009,FRA,63106403.0,2295353049088.0,6.992,1.823,441.984,27.892,65.445,4.13,0.781,0.97,75.595,-12.773,-18.833,2037.879,128.603,343.388,21.67,-100.0,0.0,0.0,0.0,4.097,4.473,502.94,7969.714,528.87,25.276,-5.703,-175.934,46095.328,1.267,-4.688,-78.034,807.842,50.98,25141.877,1586.613,9.639,55.186,-3.569,-16.554,447.311,324.848,20.5,7088.199,-4.893,-0.491,151.098,9.535,3.876,15.558,39.98,-10.463,-18.362,149.591,879.309,55.49,2370.449,10.492,5.203,-5.944,-94.075,1288.434,7572.766,477.89,20416.857,90.361,44.814,-25.93,-5.156,-6.761,-84.068,1075.422,6492.843,409.74,17041.416,77.475,37.405,-4.049,-42.647,1010.699,139.605,8.81,16015.799,-6.919,-0.883,188.171,11.875,1.666,35.154,14.306,4.58,0.45,3.201,0.444,72.576,7.131,226.7,0.866,0.085,0.498,8380.607,2908.91,-2.348,-10.007,213.012,1079.922,68.15,3375.441,12.886,7.409,314.286,0.346,0.457,2.694,0.17,7.237,0.032,0.016,38.953,5.743,20.766,125.344,7.91,329.07,1.496,0.722,FRA,63106461.0,2295353049088.0,7.679,0.122,370.876,-18.218,-4.682,342.905,-18.075,-5.007,5.434,0.149,0.118,5.877,0.162,0.127,45.205,0.716,505.082,8.004,0.22,623.304,35120.523,30613.52,18648.908,136.632,2630.473,-4186.199,12987.705,93.502,46847.41,1.267,4.518,0.072,90.679,1.437,6.559,6.85,-27.971,-0.443,83.14,1.317,38.003,0.602,218.919,3.469,0.061,3.875,2908.91,0.65,1.176,0.931,0.347,2.287,2.679,1.484,2.965,0.953,1.543,-0.553,2.801,1.51,1.368,1.568,-0.53,1.998,1.588,1.484,0.003,0.015,0.02,0.002,432.272,413.893,134.206,36.186,4.609532253010766e-05,5.87698936246788e-06,1.2673039562065545e-09,1.615768868964877e-10,3084.845,3075.79,3128.931,389.094,396.01,406.157,1.3057811991446276e-09,1.3062498493031753e-09,1.3621707553954842e-09,1.6469924093430294e-10,1.6818053339875299e-10,1.7681923554695314e-10
France,2010,FRA,63417312.0,2342490472448.0,-1.998,-0.557,431.031,27.335,70.012,4.44,0.79,0.923,78.562,7.42,9.543,2178.364,138.146,368.354,23.36,-100.0,0.0,0.0,0.0,4.154,4.662,531.65,8383.358,562.36,26.205,3.174,92.32,47325.102,1.281,1.693,26.857,901.331,57.16,25442.117,1613.471,10.164,54.455,10.805,48.334,495.645,374.661,23.76,7815.603,-15.446,-1.473,127.133,8.062,4.225,16.728,44.18,10.036,13.727,163.318,965.036,61.2,2575.286,10.883,5.512,5.276,61.037,1349.471,7966.279,505.2,21279.225,89.836,45.545,-30.71,-5.776,4.585,40.518,1115.94,6757.145,428.52,17596.773,76.2,37.663,-3.069,-31.019,979.68,158.316,10.04,15448.151,-0.348,-0.041,186.598,11.834,1.785,33.064,15.366,4.92,0.48,7.405,1.059,77.581,7.569,242.294,0.875,0.085,0.519,8867.61,3001.231,8.181,20.519,233.531,1209.134,76.68,3682.451,13.635,7.882,256.322,1.158,1.615,9.777,0.62,25.46,0.11,0.054,25.695,5.132,25.898,156.74,9.94,408.381,1.768,0.874,FRA,63417366.0,2342490472448.0,7.888,0.124,376.457,5.581,1.505,347.973,5.068,1.478,5.487,0.149,0.116,5.936,0.161,0.125,49.122,0.775,503.333,7.937,0.215,631.192,35496.98,30961.494,18698.031,140.752,2726.572,-4214.684,13202.926,97.511,48062.32,1.281,4.119,0.065,96.099,1.515,6.624,6.952,-28.484,-0.449,83.148,1.311,38.572,0.608,215.221,3.394,0.063,4.009,3001.231,0.624,1.129,0.896,0.352,2.213,2.641,1.473,2.908,0.959,1.543,-0.553,2.779,1.515,1.207,1.543,-0.519,1.901,1.629,1.471,0.003,0.015,0.02,0.002,440.891,420.071,126.876,33.703,4.732510580076231e-05,5.936181581555974e-06,1.2812137489138169e-09,1.6070801756840734e-10,2908.91,3084.845,3075.79,370.876,389.094,396.01,1.2673039562065545e-09,1.3057811991446276e-09,1.3062498493031753e-09,1.615768868964877e-10,1.6469924093430294e-10,1.6818053339875299e-10
France,2011,FRA,63733716.0,2393401982976.0,-1.221,-0.334,423.655,27.001,79.079,5.04,0.888,0.943,74.623,-10.421,-14.396,1941.671,123.75,272.854,17.39,-100.0,0.0,0.0,0.0,3.064,4.323,511.24,8021.5,567.65,27.646,-3.449,-103.521,45465.883,1.211,-5.923,-95.569,929.492,59.24,23816.305,1517.902,10.436,53.03,-13.206,-65.454,430.19,462.706,29.49,6749.809,-17.361,-1.4,104.54,6.663,5.195,15.029,42.36,-28.487,-47.13,116.188,717.674,45.74,1823.022,8.058,4.059,0.064,-5.03,1344.441,7977.097,508.41,21094.656,89.564,46.97,-56.41,-11.034,3.236,30.142,1146.082,6941.224,442.39,17982.355,77.934,40.04,-1.604,-15.719,963.961,193.932,12.36,15124.825,-1.353,-0.16,183.159,11.673,2.177,33.677,17.245,5.58,0.54,12.231,1.879,87.552,8.473,270.579,0.983,0.095,0.602,8906.589,2897.71,-12.815,-35.173,198.359,1035.872,66.02,3112.302,11.63,6.93,235.135,3.768,5.383,36.558,2.33,84.461,0.41,0.188,26.305,6.643,32.541,194.089,12.37,510.585,2.179,1.137,FRA,63733777.0,2393401982976.0,8.065,0.127,354.375,-22.082,-5.866,327.192,-20.781,-5.972,5.134,0.137,0.113,5.56,0.148,0.122,42.131,0.661,501.746,7.873,0.21,639.257,35851.359,31288.684,18740.16,144.64,2814.2,-4241.867,13411.366,101.734,46149.176,1.21,3.888,0.061,87.628,1.375,6.22,6.521,-27.183,-0.427,80.798,1.268,37.296,0.585,208.439,3.27,0.066,4.223,2897.027,0.594,1.027,0.822,0.286,2.139,2.6,1.461,2.85,0.962,1.537,-0.553,2.757,1.515,1.082,1.367,-0.515,1.835,1.535,1.457,0.003,0.015,0.02,0.002,415.609,396.44,147.371,41.586,4.546588810230294e-05,5.560238490180716e-06,1.210707612265339e-09,1.480633017439735e-10,3001.231,2908.91,3084.845,376.457,370.876,389.094,1.2812137489138169e-09,1.2673039562065545e-09,1.3057811991446276e-09,1.6070801756840734e-10,1.615768868964877e-10,1.6469924093430294e-10
France,2012,FRA,64058423.0,2400896417792.0,9.475,2.558,461.445,29.559,82.737,5.3,0.934,1.034,77.593,11.151,13.799,2147.249,137.549,335.007,21.46,-100.0,0.0,0.0,0.0,3.781,4.812,523.06,8165.358,567.58,27.641,-0.098,-2.851,45190.91,1.206,-0.312,-4.731,888.564,56.92,23621.734,1513.171,10.029,52.932,3.313,14.253,444.443,355.145,22.75,6938.088,-12.376,-0.825,91.137,5.838,4.008,15.547,44.04,31.066,35.31,151.498,933.991,59.83,2364.999,10.541,5.3,0.849,1.085,1345.526,7971.786,510.66,21004.672,89.971,47.068,-44.52,-8.511,-3.839,-49.675,1096.407,6640.969,425.41,17115.738,74.952,38.353,-3.401,-32.783,931.179,198.413,12.71,14536.397,-8.248,-0.963,167.201,10.711,2.239,32.574,17.991,5.81,0.51,4.327,0.746,90.698,7.961,280.856,1.024,0.09,0.629,8860.35,2894.858,23.388,50.76,249.119,1330.816,85.25,3888.934,15.02,8.714,93.263,4.967,10.35,69.156,4.43,161.567,0.781,0.362,22.694,7.179,39.72,236.971,15.18,620.067,2.675,1.389,FRA,64058465.0,2400896417792.0,7.502,0.117,356.439,2.065,0.583,332.682,5.49,1.678,5.193,0.139,0.115,5.564,0.148,0.123,46.799,0.731,480.106,7.495,0.2,646.759,36207.797,31621.367,18786.959,147.955,2904.603,-4265.625,13615.648,105.871,45884.934,1.205,3.315,0.052,90.402,1.411,6.214,6.581,-23.758,-0.371,79.995,1.249,37.961,0.593,204.283,3.189,0.065,4.138,2894.028,0.538,1.018,0.818,0.314,2.068,2.561,1.449,2.794,0.96,1.532,-0.552,2.734,1.515,0.879,1.38,-0.42,1.777,1.495,1.442,0.003,0.015,0.02,0.002,421.587,398.053,123.666,34.695,4.519090331024782e-05,5.564276321638279e-06,1.2057404803253757e-09,1.4846079879106216e-10,2897.71,3001.231,2908.91,354.375,376.457,370.876,1.210707612265339e-09,1.2812137489138169e-09,1.2673039562065545e-09,1.480633017439735e-10,1.6070801756840734e-10,1.615768868964877e-10
France,2013,FRA,64387684.0,2414733688832.0,1.852,0.547,467.587,30.107,88.216,5.68,0.985,1.044,76.272,6.22,8.555,2269.143,146.105,370.257,23.84,-100.0,0.0,0.0,0.0,4.134,5.065,528.29,8204.83,576.75,27.862,1.043,30.195,45428.77,1.211,0.239,3.61,833.079,53.64,23557.012,1516.781,9.3,52.58,1.572,6.989,451.432,285.614,18.39,7011.147,-35.904,-2.096,58.117,3.742,3.189,15.649,43.99,20.519,29.684,181.182,1116.984,71.92,2813.929,12.47,6.281,2.398,22.428,1367.954,8124.379,523.11,21245.58,90.7,47.42,-48.46,-9.173,-0.405,-12.815,1083.593,6580.14,423.68,16829.189,73.46,37.563,-1.282,-11.934,919.245,177.208,11.41,14276.722,-1.732,-0.185,163.465,10.525,1.978,31.866,19.053,6.18,0.5,5.901,1.062,95.981,7.765,295.908,1.072,0.087,0.66,8957.458,2925.053,12.898,35.242,284.361,1544.239,99.43,4416.391,17.24,9.857,17.891,1.758,12.108,80.605,5.19,188.045,0.9,0.42,6.332,2.191,41.911,250.669,16.14,650.922,2.798,1.453,FRA,64387736.0,2414733688832.0,7.3,0.113,358.703,2.263,0.635,337.58,4.899,1.472,5.243,0.14,0.115,5.571,0.149,0.123,49.56,0.77,467.194,7.256,0.193,654.058,36566.5,31958.947,18836.521,151.013,2995.618,-4286.747,13819.125,110.164,46169.375,1.211,3.058,0.047,91.016,1.414,6.213,6.668,-21.122,-0.328,79.921,1.241,38.785,0.602,203.476,3.16,0.067,4.293,2924.146,0.502,1.016,0.835,0.33,1.998,2.523,1.438,2.74,0.956,1.527,-0.551,2.712,1.512,0.794,1.382,-0.413,1.757,1.458,1.429,0.003,0.015,0.02,0.002,429.351,400.068,108.491,30.245,4.542876553845227e-05,5.570983269236154e-06,1.211335648948866e-09,1.485476438494978e-10,2894.858,2897.71,3001.231,356.439,354.375,376.457,1.2057404803253757e-09,1.210707612265339e-09,1.2812137489138169e-09,1.4846079879106216e-10,1.480633017439735e-10,1.6070801756840734e-10
France,2014,FRA,64692449.0,2437822808064.0,7.831,2.358,501.829,32.465,92.592,5.99,1.058,1.177,52.198,-26.623,-38.897,1657.191,107.208,174.054,11.26,-100.0,0.0,0.0,0.0,1.988,3.886,499.12,7715.274,566.31,29.211,-4.351,-127.271,43247.43,1.148,-9.3,-141.064,553.388,35.8,21265.496,1375.717,6.322,49.861,-16.026,-72.348,379.084,203.424,13.16,5859.78,-94.74,-3.545,3.042,0.197,2.324,13.74,29.56,-11.312,-21.313,159.87,985.741,63.77,2471.224,11.261,5.794,1.814,15.406,1383.36,8200.493,530.51,21383.633,93.678,50.139,-67.19,-13.462,3.02,27.041,1110.634,6747.001,436.48,17167.9,77.074,40.254,-3.244,-29.819,889.426,175.909,11.38,13748.525,-3.975,-0.418,156.228,10.107,2.01,32.236,20.57,6.55,0.56,7.961,1.517,101.248,8.656,317.961,1.157,0.099,0.746,8753.881,2797.782,-2.17,-11.635,272.726,1453.493,94.03,4215.732,16.604,9.885,24.911,2.939,15.047,98.775,6.39,232.593,1.128,0.545,7.38,2.864,44.775,267.728,17.32,692.124,3.058,1.623,FRA,64692495.0,2437822808064.0,6.975,0.108,326.842,-31.86,-8.882,306.303,-31.277,-9.265,4.735,0.126,0.11,5.052,0.134,0.117,39.554,0.611,434.562,6.717,0.178,661.033,36893.344,32265.25,18876.074,153.979,3071.909,-4307.286,14015.96,114.386,43983.484,1.147,2.966,0.046,76.291,1.179,5.67,6.148,-20.539,-0.317,78.972,1.221,38.765,0.599,196.836,3.043,0.065,4.221,2796.844,0.464,0.922,0.75,0.263,1.931,2.485,1.425,2.687,0.951,1.514,-0.55,2.69,1.507,0.767,1.15,-0.381,1.696,1.382,1.414,0.003,0.016,0.021,0.002,397.709,366.821,107.72,32.958,4.324742753207499e-05,5.0522398309107565e-06,1.1476560112348208e-09,1.34071270036054e-10,2925.053,2894.858,2897.71,358.703,356.439,354.375,1.211335648948866e-09,1.2057404803253757e-09,1.210707612265339e-09,1.485476438494978e-10,1.4846079879106216e-10,1.480633017439735e-10
France,2015,FRA,64916292.0,2464953663488.0,0.873,0.283,504.463,32.748,100.591,6.53,1.137,1.175,59.149,-4.597,-4.928,1575.565,102.28,183.159,11.89,-100.0,0.0,0.0,0.0,2.071,3.671,510.08,7857.503,574.14,29.078,0.917,25.645,43493.348,1.145,2.67,36.736,691.198,44.87,21758.07,1412.453,7.815,50.689,7.501,28.434,407.518,325.65,21.14,6277.586,25.719,0.051,3.812,0.247,3.682,14.625,33.96,-13.166,-21.751,138.119,855.871,55.56,2127.646,9.677,4.957,-0.174,-9.325,1374.035,8153.115,529.27,21166.256,92.185,49.311,-64.06,-12.559,0.217,-3.221,1107.412,6738.37,437.43,17059.078,76.189,39.742,1.487,13.23,902.656,182.389,11.84,13904.918,5.508,0.557,164.266,10.664,2.062,32.394,22.233,7.11,0.58,8.084,1.663,109.526,8.935,342.482,1.238,0.101,0.798,8844.313,2823.427,-1.535,-6.103,266.623,1414.745,91.84,4107.178,15.996,9.568,22.824,3.341,18.388,119.385,7.75,283.253,1.35,0.66,23.765,10.36,55.136,329.963,21.42,849.334,3.731,1.979,FRA,64916336.0,2464953663488.0,6.606,0.102,331.49,4.648,1.422,317.279,10.976,3.583,4.888,0.129,0.112,5.106,0.134,0.117,38.043,0.586,422.408,6.507,0.171,667.639,37224.832,32582.529,18914.117,156.845,3153.167,-4321.498,14214.679,118.386,44229.48,1.145,2.865,0.044,81.258,1.252,5.701,6.224,-14.211,-0.219,77.569,1.195,39.494,0.608,198.718,3.061,0.062,4.0,2822.273,0.455,0.936,0.775,0.259,1.871,2.449,1.414,2.637,0.946,1.504,-0.548,2.667,1.5,0.746,1.201,-0.257,1.68,1.317,1.401,0.003,0.016,0.021,0.002,404.058,370.096,90.918,27.427,4.3493349866624494e-05,5.106418821912483e-06,1.145428022368886e-09,1.344812297732727e-10,2797.782,2925.053,2894.858,326.842,358.703,356.439,1.1476560112348208e-09,1.211335648948866e-09,1.2057404803253757e-09,1.34071270036054e-10,1.485476438494978e-10,1.4846079879106216e-10
France,2016,FRA,65086802.0,2491956330496.0,0.605,0.198,506.186,32.946,115.538,7.52,1.346,1.207,68.606,-2.704,-2.766,1528.941,99.514,157.175,10.23,-100.0,0.0,0.0,0.0,1.831,3.647,517.34,7948.463,558.84,28.397,-2.013,-56.83,42506.27,1.11,1.441,20.358,870.222,56.64,22013.857,1432.812,10.135,52.511,9.271,37.782,445.299,537.283,34.97,6841.623,-4.762,-0.012,3.621,0.236,6.258,16.32,38.34,9.836,12.442,150.561,934.752,60.84,2313.24,10.887,5.518,-4.851,-78.243,1295.792,7715.85,502.2,19908.67,89.865,47.489,-41.5,-8.022,-7.826,-94.358,1013.054,6194.805,403.2,15564.661,72.149,37.127,-1.624,-14.657,887.998,175.765,11.44,13643.293,-1.222,-0.13,161.833,10.533,2.047,32.544,24.103,8.12,0.6,8.414,1.871,124.756,9.218,370.325,1.453,0.107,0.883,8586.073,2766.597,5.688,16.115,282.738,1521.046,99.0,4344.009,17.715,10.362,12.416,2.127,20.515,133.053,8.66,315.193,1.55,0.752,-0.197,-0.524,54.612,328.484,21.38,839.065,3.826,2.001,FRA,65086852.0,2491956330496.0,6.639,0.102,334.2,2.71,0.817,315.775,-1.504,-0.474,4.852,0.127,0.114,5.135,0.134,0.121,35.924,0.552,429.541,6.6,0.172,674.278,37559.035,32898.305,18950.041,159.72,3242.108,-4339.922,14410.701,122.184,43217.41,1.11,2.876,0.044,88.941,1.366,5.731,6.252,-18.425,-0.283,77.6,1.192,38.028,0.584,196.022,3.012,0.058,3.798,2765.453,0.445,0.944,0.793,0.251,1.814,2.415,1.403,2.59,0.943,1.497,-0.547,2.645,1.491,0.769,1.279,-0.418,1.639,1.264,1.388,0.003,0.016,0.021,0.002,406.95,373.022,95.341,28.528,4.250626724600723e-05,5.13467758434522e-06,1.1102108677198752e-09,1.3411149943124431e-10,2823.427,2797.782,2925.053,331.49,326.842,358.703,1.145428022368886e-09,1.1476560112348208e-09,1.211335648948866e-09,1.344812297732727e-10,1.34071270036054e-10,1.485476438494978e-10
France,2017,FRA,65284727.0,2549057585152.0,0.781,0.257,508.595,33.204,119.17,7.78,1.398,1.22,78.263,9.579,9.532,1670.317,109.046,196.217,12.81,-100.0,0.0,0.0,0.0,2.302,4.008,516.33,7908.895,556.46,28.07,-0.375,-10.368,42218.59,1.081,1.774,25.419,1002.838,65.47,22336.469,1458.23,11.765,53.594,0.529,2.358,447.657,620.359,40.5,6856.994,-4.762,-0.012,3.621,0.236,7.278,16.453,43.55,-18.288,-28.15,122.411,765.876,50.0,1875.035,8.985,4.499,-2.017,-33.162,1262.629,7520.748,490.99,19340.346,88.235,46.406,-40.13,-7.772,-1.2,-17.156,995.898,6101.886,398.36,15254.684,71.588,36.602,1.524,13.529,901.527,186.261,12.16,13809.158,-1.222,-0.13,161.833,10.533,2.185,33.134,25.77,8.43,0.65,6.917,1.667,129.127,9.956,394.739,1.515,0.117,0.947,8523.587,2756.229,-4.545,-16.006,266.731,1418.862,92.63,4085.662,16.646,9.803,11.484,2.242,22.757,146.895,9.59,348.574,1.723,0.836,15.184,7.978,62.59,376.964,24.61,958.719,4.423,2.3,FRA,65284775.0,2549057585152.0,6.483,0.099,337.101,2.902,0.868,345.109,29.334,9.289,5.286,0.135,0.125,5.164,0.132,0.122,39.939,0.612,427.657,6.551,0.168,680.761,37896.133,33243.414,18989.982,162.544,3331.271,-4331.915,14605.676,125.901,42948.914,1.081,2.824,0.043,89.163,1.366,5.766,6.438,8.007,0.123,77.388,1.185,39.444,0.604,194.975,2.987,0.057,3.718,2754.919,0.429,0.937,0.858,0.275,1.76,2.381,1.394,2.545,0.938,1.489,-0.543,2.622,1.482,0.729,1.251,0.189,1.605,1.228,1.376,0.003,0.016,0.021,0.002,420.275,376.423,90.556,26.863,4.221858812398737e-05,5.163546937245243e-06,1.0812737287908882e-09,1.3224534508893753e-10,2766.597,2823.427,2797.782,334.2,331.49,326.842,1.1102108677198752e-09,1.145428022368886e-09,1.1476560112348208e-09,1.3411149943124431e-10,1.344812297732727e-10,1.34071270036054e-10
France,2018,FRA,65519483.0,2596599234560.0,-1.137,-0.378,501.01,32.826,127.901,8.38,1.455,1.193,59.924,-8.108,-8.841,1529.388,100.205,126.833,8.31,-100.0,0.0,0.0,0.0,1.443,3.641,512.93,7828.664,575.9,29.27,1.241,34.2,42589.297,1.075,-3.428,-49.99,754.737,49.45,21493.453,1408.24,8.587,51.165,-4.305,-19.273,428.384,466.273,30.55,6538.267,-4.762,-0.012,3.621,0.236,5.305,15.564,34.51,30.535,36.583,158.994,993.75,65.11,2426.674,11.306,5.777,6.661,81.469,1344.098,8035.015,526.45,20514.482,91.413,48.835,-62.97,-12.277,3.661,31.321,1027.218,6302.553,412.94,15678.06,71.703,37.322,-2.427,-21.876,879.651,161.631,10.59,13425.799,-1.222,-0.13,161.833,10.533,1.839,31.96,26.973,8.99,0.61,4.667,1.203,137.211,9.31,411.68,1.561,0.106,0.98,8789.752,2790.429,16.259,50.149,316.88,1732.462,113.51,4836.422,19.71,11.513,13.461,2.935,25.691,164.989,10.81,392.118,1.877,0.933,16.245,9.805,72.395,436.511,28.6,1104.94,4.966,2.63,FRA,65519539.0,2596599234560.0,6.701,0.102,321.94,-15.162,-4.498,303.05,-42.059,-12.187,4.625,0.117,0.109,4.914,0.124,0.115,35.138,0.536,426.777,6.514,0.164,687.463,38218.07,33546.465,19025.119,165.457,3415.929,-4350.805,14794.19,129.915,43389.094,1.074,2.913,0.044,84.658,1.292,5.52,6.033,-18.89,-0.288,77.368,1.181,37.828,0.577,188.516,2.877,0.061,4.014,2788.956,0.431,0.876,0.747,0.238,1.708,2.347,1.383,2.501,0.933,1.478,-0.543,2.599,1.476,0.716,1.133,-0.491,1.539,1.324,1.363,0.003,0.016,0.021,0.002,395.309,361.677,104.838,32.564,4.258930126173245e-05,4.913648736142589e-06,1.0746475477848799e-09,1.239852479793839e-10,2756.229,2766.597,2823.427,337.101,334.2,331.49,1.0812737287908882e-09,1.1102108677198752e-09,1.145428022368886e-09,1.3224534508893753e-10,1.3411149943124431e-10,1.344812297732727e-10
France,2019,FRA,65729405.0,2644453883904.0,4.13,1.356,520.034,34.182,131.448,8.64,1.527,1.269,59.788,-20.739,-20.782,1208.334,79.423,55.379,3.64,-100.0,0.0,0.0,0.0,0.643,2.95,508.0,7728.657,565.67,29.238,-2.117,-59.081,41554.422,1.033,-1.406,-19.799,815.617,53.61,21123.592,1388.441,9.477,51.566,1.923,8.237,436.62,596.993,39.24,6642.695,-4.762,-0.012,3.621,0.236,6.937,16.216,33.82,-12.341,-20.312,138.682,865.823,56.91,2109.9,10.061,5.151,-2.296,-39.964,1304.135,7790.425,512.06,19840.963,90.523,48.434,-57.67,-11.352,-3.373,-39.566,987.652,6070.495,399.01,15026.036,70.538,36.681,-0.825,-7.254,872.398,163.245,10.73,13272.562,-1.222,-0.13,161.833,10.533,1.897,32.4,27.386,9.25,0.61,1.532,0.413,140.729,9.28,416.653,1.635,0.108,1.017,8606.041,2731.347,0.778,-0.398,316.482,1719.93,113.05,4814.927,19.985,11.754,12.78,3.14,28.831,185.153,12.17,438.638,2.151,1.071,21.328,15.005,87.4,528.226,34.72,1329.701,6.138,3.246,FRA,65729460.0,2644453883904.0,6.807,0.104,315.015,-6.924,-2.151,292.145,-10.904,-3.598,4.445,0.11,0.107,4.793,0.119,0.115,29.451,0.448,414.815,6.311,0.157,694.269,38533.086,33838.609,19054.57,167.969,3501.85,-4373.675,14980.611,133.82,42384.668,1.032,2.511,0.038,85.921,1.307,5.375,5.854,-22.87,-0.348,75.042,1.142,37.17,0.565,186.42,2.836,0.059,3.905,2729.562,0.419,0.849,0.714,0.2,1.659,2.314,1.372,2.457,0.924,1.466,-0.543,2.575,1.47,0.577,1.126,-0.604,1.502,1.28,1.35,0.003,0.016,0.021,0.002,384.757,353.267,99.8,31.681,4.155441540966267e-05,4.792599847922e-06,1.0328586240905514e-09,1.191228941133752e-10,2790.429,2756.229,2766.597,321.94,337.101,334.2,1.0746475477848799e-09,1.0812737287908882e-09,1.1102108677198752e-09,1.239852479793839e-10,1.3224534508893753e-10,1.3411149943124431e-10
France,2020,FRA,65905226.0,2438594035712.0,-26.939,-9.208,378.931,24.974,132.918,8.76,1.661,1.037,59.08,-29.514,-23.441,849.437,55.982,46.886,3.09,-100.0,0.0,0.0,0.0,0.586,2.325,482.38,7319.298,527.42,30.997,-10.511,-287.082,37087.582,1.002,-13.751,-190.926,734.236,48.39,18170.254,1197.515,9.175,49.74,-7.052,-30.792,405.828,534.859,35.25,6157.757,-4.762,-0.012,3.621,0.236,6.683,16.856,31.16,10.131,13.673,152.355,949.697,62.59,2311.729,11.867,6.328,-7.773,-94.1,1210.035,7268.468,479.03,18360.223,90.825,50.26,-45.04,-9.337,-11.323,-113.991,873.661,5368.77,353.83,13256.329,67.087,36.288,-15.669,-136.694,735.704,152.492,10.05,11163.06,-1.222,-0.13,161.833,10.533,1.906,30.558,27.539,9.37,0.61,0.557,0.153,142.174,9.256,417.858,1.777,0.116,1.144,8002.704,2444.265,1.932,19.891,336.373,1899.698,125.2,5103.894,23.738,13.972,9.172,2.567,31.398,200.136,13.19,476.411,2.501,1.304,14.823,12.707,100.108,607.691,40.05,1518.964,7.594,4.158,FRA,65905273.0,2438594035712.0,6.197,0.094,280.49,-34.525,-10.96,258.027,-34.118,-11.678,3.915,0.106,0.106,4.256,0.115,0.115,23.937,0.363,375.194,5.693,0.154,700.467,38813.578,34096.637,19078.506,170.108,3581.855,-4396.138,15145.113,137.529,37859.246,1.001,2.139,0.032,80.005,1.214,4.803,5.277,-22.463,-0.341,72.295,1.097,36.527,0.554,164.503,2.496,0.056,3.709,2441.166,0.378,0.799,0.669,0.168,1.61,2.283,1.361,2.416,0.916,1.454,-0.544,2.555,1.463,0.533,1.058,-0.653,1.501,1.257,1.336,0.003,0.016,0.021,0.002,347.789,316.514,94.704,33.764,3.708757481538661e-05,4.255956879201392e-06,1.0023255056827629e-09,1.150211949559308e-10,2731.347,2790.429,2756.229,315.015,321.94,337.101,1.0328586240905514e-09,1.0746475477848799e-09,1.0812737287908882e-09,1.191228941133752e-10,1.239852479793839e-10,1.3224534508893753e-10
France,2021,FRA,66083491.0,2604822691840.0,14.103,3.522,431.204,28.495,144.817,9.57,1.739,1.112,59.787,34.163,19.125,1136.559,75.108,82.32,5.44,-100.0,0.0,0.0,0.0,0.988,2.932,505.56,7650.322,550.45,30.135,6.272,153.295,39307.254,0.997,8.266,98.991,739.065,48.84,19619.201,1296.505,8.873,50.611,6.058,24.586,430.414,504.059,33.31,6513.184,-4.762,-0.012,3.621,0.236,6.051,16.802,32.91,-4.944,-7.889,144.466,902.192,59.62,2186.109,10.831,5.639,5.081,55.178,1265.213,7590.549,501.61,19145.672,91.127,49.389,-44.89,-8.879,7.215,60.726,934.387,5740.617,379.36,14139.499,68.918,36.475,7.514,55.28,790.984,152.686,10.09,11969.459,-1.222,-0.13,161.833,10.533,1.833,30.877,28.878,10.15,0.58,4.862,1.339,153.594,8.777,436.994,1.844,0.105,1.127,8329.614,2597.561,0.006,-5.548,330.825,1849.932,122.25,5006.173,22.209,12.914,17.021,5.254,36.652,232.433,15.36,554.627,2.79,1.431,-7.537,-7.773,92.334,561.714,37.12,1397.239,6.744,3.604,FRA,66083547.0,2604822691840.0,6.495,0.098,305.607,25.117,8.955,281.798,23.77,9.212,4.264,0.108,0.109,4.625,0.117,0.118,30.505,0.462,413.098,6.251,0.159,706.961,39119.184,34378.434,19109.012,171.814,3666.144,-4419.947,15323.652,141.603,40191.641,0.996,1.706,0.026,84.289,1.275,5.179,5.634,-23.81,-0.36,71.252,1.078,35.506,0.537,178.538,2.702,0.062,4.074,2593.625,0.383,0.826,0.695,0.202,1.564,2.252,1.351,2.374,0.905,1.442,-0.544,2.536,1.46,0.421,1.064,-0.67,1.548,1.351,1.323,0.003,0.016,0.021,0.002,372.31,342.242,107.491,35.173,3.9307260568300804e-05,4.624555034856035e-06,9.972122126151818e-10,1.173235325987293e-10,2444.265,2731.347,2790.429,280.49,315.015,321.94,1.0023255056827629e-09,1.0328586240905514e-09,1.0746475477848799e-09,1.150211949559308e-10,1.191228941133752e-10,1.239852479793839e-10
France,2022,FRA,66277365.0,2671568748544.0,8.774,2.5,467.664,30.996,145.751,9.66,2.062,1.361,78.55,-14.255,-10.707,971.689,64.401,62.767,4.16,-100.0,0.0,0.0,0.0,0.888,2.828,483.43,7294.043,468.49,27.896,-11.217,-291.369,34796.07,0.863,-4.335,-56.209,910.567,60.35,18713.727,1240.297,12.882,54.471,-10.217,-43.974,386.44,690.13,45.74,5830.652,-4.762,-0.012,3.621,0.236,9.763,16.972,36.8,-24.522,-35.694,108.772,686.811,45.52,1641.162,9.716,4.777,-17.124,-228.52,1036.693,6158.061,408.14,15641.728,87.118,45.529,14.94,3.09,-22.309,-210.233,724.155,4446.918,294.73,10926.127,62.911,31.803,-0.193,-1.528,789.455,157.671,10.45,11911.387,-1.222,-0.13,161.833,10.533,2.231,34.671,30.251,10.26,0.6,4.755,1.373,154.804,9.053,456.433,2.19,0.128,1.329,7068.627,2306.192,-3.903,-18.288,312.538,1711.142,113.41,4715.601,24.208,13.726,28.651,10.385,47.037,296.18,19.63,709.698,4.19,2.066,3.664,3.148,95.482,573.348,38.0,1440.643,8.111,4.193,FRA,66277412.0,2671568748544.0,6.397,0.097,293.502,-12.106,-3.961,268.743,-13.055,-4.633,4.055,0.101,0.117,4.428,0.11,0.128,25.994,0.392,408.252,6.16,0.153,713.358,39412.688,34647.176,19135.004,173.406,3742.498,-4444.706,15503.093,145.328,35566.758,0.86,1.592,0.024,76.353,1.152,4.97,5.386,-24.759,-0.374,70.111,1.058,34.549,0.521,179.441,2.707,0.056,3.725,2298.56,0.4,0.787,0.658,0.171,1.524,2.221,1.34,2.333,0.895,1.427,-0.545,2.516,1.453,0.395,0.967,-0.699,1.507,1.236,1.309,0.003,0.016,0.022,0.002,356.965,329.368,114.751,39.097,3.479607253547218e-05,4.428386551967291e-06,8.632351315147216e-10,1.0986129410293412e-10,2597.561,2444.265,2731.347,305.607,280.49,315.015,9.972122126151818e-10,1.0023255056827629e-09,1.0328586240905514e-09,1.173235325987293e-10,1.150211949559308e-10,1.191228941133752e-10
France,2023,FRA,66438774.0,2671568748544.0,5.321,1.649,491.353,32.645,149.009,9.9,1.913,1.379,55.275,-23.584,-15.188,740.726,49.213,29.802,1.98,-100.0,0.0,0.0,0.0,0.383,2.079,467.12,7030.834,517.59,30.906,4.35,100.322,36221.523,0.863,-5.922,-73.45,637.881,42.38,17562.73,1166.846,8.188,49.289,-11.873,-45.884,340.557,449.135,29.84,5125.871,-4.762,-0.012,3.621,0.236,5.765,14.386,28.61,25.865,27.132,135.904,852.815,56.66,2045.554,10.947,5.741,16.247,163.81,1200.503,7152.6,475.21,18069.312,91.812,50.711,-50.47,-10.805,14.749,100.729,824.884,5090.401,338.2,12415.695,65.341,34.844,-1.568,-12.379,777.077,158.943,10.56,11696.133,-1.222,-0.13,161.833,10.533,2.04,32.825,29.732,10.48,0.58,-1.716,-0.519,157.739,8.73,447.509,2.025,0.112,1.256,7790.481,2406.514,19.333,63.082,375.619,2062.199,137.01,5653.617,26.471,15.867,11.326,4.944,51.981,328.423,21.82,782.395,4.216,2.196,32.256,29.875,125.357,723.222,48.05,1886.806,9.283,5.295,FRA,66438828.0,2671568748544.0,6.397,0.096,272.476,-21.026,-7.164,246.976,-21.768,-8.1,3.717,0.101,0.103,4.101,0.11,0.113,19.636,0.296,408.252,6.16,0.153,719.755,39685.164,34894.152,19154.641,174.974,3809.149,-4470.206,15677.646,148.999,37164.297,0.86,1.569,0.024,66.651,1.003,4.62,5.031,-25.5,-0.384,67.723,1.019,33.85,0.509,174.553,2.627,0.055,3.671,2406.633,0.408,0.721,0.596,0.127,1.488,2.19,1.328,2.293,0.884,1.41,-0.545,2.495,1.446,0.382,0.844,-0.703,1.43,1.219,1.295,0.003,0.017,0.022,0.002,334.278,306.971,114.751,39.097,3.622152931358974e-05,4.101156028820916e-06,9.007868509135488e-10,1.019910118908596e-10,2306.192,2597.561,2444.265,293.502,305.607,280.49,8.632351315147216e-10,9.972122126151818e-10,1.0023255056827629e-09,1.0986129410293412e-10,1.173235325987293e-10,1.150211949559308e-10
France,2024,FRA,66548479.0,2671568748544.0,4.208,1.374,511.184,34.019,146.359,9.74,1.746,1.371,44.179,0.317,0.156,741.852,49.369,25.696,1.71,-100.0,0.0,0.0,0.0,0.307,1.99,466.71,7013.083,557.73,32.723,4.712,113.387,37865.637,0.863,-1.896,-22.122,482.205,32.09,17201.357,1144.724,5.754,46.136,-6.129,-20.871,319.686,287.009,19.1,4803.799,-4.762,-0.012,3.621,0.236,3.425,12.884,24.64,27.256,37.042,172.946,1041.196,69.29,2598.799,12.424,6.97,11.11,135.964,1336.467,7898.603,525.64,20082.611,94.246,53.864,-91.02,-19.502,12.492,103.046,927.929,5699.153,379.27,13943.661,68.002,37.399,-0.181,-1.407,775.669,169.5,11.28,11655.706,-1.222,-0.13,161.833,10.533,2.022,31.262,30.04,10.32,0.58,1.034,0.308,155.075,8.715,451.393,1.85,0.104,1.211,8380.808,2519.901,8.371,32.918,408.538,2199.449,146.37,6138.95,26.244,16.465,8.78,4.564,56.545,354.178,23.57,849.686,4.226,2.279,-8.271,-10.369,114.988,649.001,43.19,1727.889,7.744,4.634,FRA,66438828.0,2671568748544.0,6.397,0.096,272.476,-21.026,-7.164,246.976,-21.768,-8.1,3.717,0.101,0.103,4.101,0.11,0.113,19.636,0.296,408.252,6.16,0.153,719.755,39685.164,34894.152,19154.641,174.974,3809.149,-4470.206,15677.646,148.999,37164.297,0.86,1.569,0.024,66.651,1.003,4.62,5.031,-25.5,-0.384,67.723,1.019,33.85,0.509,174.553,2.627,0.055,3.671,2406.633,0.408,0.721,0.596,0.127,1.488,2.19,1.328,2.293,0.884,1.41,-0.545,2.495,1.446,0.382,0.844,-0.703,1.43,1.219,1.295,0.003,0.017,0.022,0.002,334.278,306.971,114.751,39.097,3.786564378127954e-05,4.101156028820916e-06,9.432289554118123e-10,1.019910118908596e-10,2406.514,2306.192,2597.561,272.476,293.502,305.607,9.007868509135488e-10,8.632351315147216e-10,9.972122126151818e-10,1.019910118908596e-10,1.0986129410293412e-10,1.173235325987293e-10
Germany,1993,DEU,81486723.0,2206290935808.0,0.004,0.0,0.63,0.051,24.176,1.97,0.378,0.001,573.126,-5.659,-68.724,14060.871,1145.774,3598.746,293.25,-10.022,-113.799,12538.146,1021.692,56.316,28.797,521.59,6400.92,520.72,14.202,-0.444,-17.811,48983.766,1.809,-0.144,-5.02,4257.381,346.92,42862.938,3492.76,66.623,87.786,5.817,38.486,700.113,402.52,32.8,8591.747,-0.484,-0.756,1907.103,155.404,6.299,17.596,326.08,1.744,0.903,52.667,219.422,17.88,646.322,3.434,1.324,-2.536,-12.598,485.979,2132.863,173.8,5963.901,33.377,12.214,0.87,0.167,-3.338,-14.722,426.389,1881.043,153.28,5232.618,29.436,10.717,1.555,25.218,1646.873,256.115,20.87,20210.32,-3.439,-1.378,474.958,38.703,4.008,41.392,5.197,1.97,0.0,6.466,0.316,24.176,0.0,63.776,0.378,0.0,0.131,6390.243,3991.527,3.664,2.124,59.59,251.82,20.52,731.284,3.941,1.498,50.0,0.003,0.008,0.0,0.0,0.102,0.0,0.0,118.182,0.903,1.667,8.222,0.67,20.453,0.129,0.042,DEU,81486770.0,2206290935808.0,14.531,0.178,959.386,-10.078,-1.04,946.954,-6.247,-0.655,11.621,0.429,0.237,11.774,0.435,0.24,430.776,5.286,1160.223,14.238,0.526,821.847,69740.172,69695.234,54964.609,17.458,2457.677,194.567,11437.812,40.773,49538.949,1.809,3.318,0.041,136.252,1.672,13.261,13.788,-12.432,-0.153,131.406,1.613,64.321,0.789,364.629,4.475,0.121,9.88,3991.526,2.631,4.216,3.415,5.061,5.924,7.949,4.523,11.855,0.196,2.703,0.029,3.845,1.625,1.419,3.385,-0.25,3.956,4.57,3.833,0.007,0.031,0.04,0.002,1123.537,1080.62,200.837,20.934,4.8983771258048395e-05,1.177351857240124e-05,1.809157140256392e-09,4.3484111022223293e-10,4009.338,4090.643,4192.642,969.464,1016.93,1054.796,1.8183331069176368e-09,1.9103403673584848e-09,2.0801504405969783e-09,4.3967569887218287e-10,4.749088174592267e-10,5.233297677550171e-10
Germany,1994,DEU,81773563.0,2283952930816.0,459.86,0.236,3.517,0.288,25.314,2.07,0.397,0.007,573.126,-2.996,-34.323,13591.821,1111.452,3549.925,290.29,-7.856,-80.261,11512.666,941.432,55.713,28.201,523.39,6400.479,521.05,14.351,-0.936,-37.354,48355.141,1.731,-1.042,-36.409,4242.447,346.92,42267.348,3456.352,66.581,87.697,1.83,12.814,712.927,441.463,36.1,8718.31,4.837,7.517,1992.343,162.921,6.928,18.089,326.08,6.514,3.431,56.097,243.722,19.93,686.007,3.825,1.423,-0.158,-1.102,484.877,2129.417,174.13,5929.51,33.419,12.303,2.34,0.447,-1.498,-6.389,420.0,1842.894,150.7,5136.134,28.922,10.657,-0.905,-14.9,1631.973,251.059,20.53,19957.217,-3.979,-1.54,454.458,37.163,3.94,41.408,5.956,2.07,0.0,14.612,0.759,25.314,0.0,72.838,0.397,0.0,0.151,6371.864,3954.172,9.514,5.287,64.877,286.523,23.43,793.376,4.497,1.646,33.333,0.003,0.011,0.0,0.0,0.136,0.0,0.0,51.5,0.858,2.525,17.487,1.43,30.878,0.274,0.064,DEU,81773612.0,2283952930816.0,15.341,0.188,943.228,-16.158,-1.684,930.641,-16.314,-1.723,11.381,0.407,0.235,11.535,0.413,0.239,418.185,5.114,1134.81,13.877,0.497,837.188,70683.398,70625.867,55382.793,20.679,2599.826,181.98,11791.625,51.293,48888.086,1.731,3.22,0.039,142.15,1.738,13.013,13.605,-12.587,-0.154,127.507,1.559,68.145,0.833,353.812,4.327,0.129,10.519,3954.172,2.603,4.102,3.222,4.885,5.789,7.851,4.499,11.728,0.224,2.737,0.027,3.845,1.882,1.023,3.5,-0.214,3.825,4.861,3.806,0.007,0.032,0.04,0.002,1112.542,1064.133,191.583,20.311,4.835513893408254e-05,1.153462561981472e-05,1.7312843652111833e-09,4.129804897787486e-10,3991.527,4009.338,4090.643,959.386,969.464,1016.93,1.809157140256392e-09,1.8183331069176368e-09,1.9103403673584848e-09,4.3484111022223293e-10,4.3967569887218287e-10,4.749088174592267e-10
Germany,1995,DEU,82019850.0,2347761139712.0,24.985,0.072,4.383,0.359,29.627,2.43,0.458,0.009,573.126,-5.175,-57.512,12849.81,1053.939,3525.244,289.14,-2.346,-22.086,11208.824,919.346,54.481,26.606,535.54,6529.395,530.72,14.573,0.522,20.623,48461.379,1.693,0.176,6.091,4288.108,351.71,42214.691,3462.443,66.27,87.406,9.04,64.446,777.374,501.098,41.1,9477.871,3.189,5.196,2049.713,168.117,7.744,19.624,326.08,6.739,3.781,59.878,265.545,21.78,730.04,4.104,1.512,2.904,13.999,498.876,2182.52,179.01,6082.387,33.73,12.594,4.82,0.9,1.918,8.056,428.056,1866.499,153.09,5218.926,28.846,10.806,-0.052,-0.843,1631.13,261.766,21.47,19887.012,0.73,0.271,456.4,37.434,4.045,41.176,6.403,2.43,0.0,7.503,0.447,29.627,0.0,78.068,0.458,0.0,0.162,6470.628,3974.795,9.303,5.944,70.821,316.021,25.92,863.461,4.884,1.788,25.0,0.003,0.014,0.0,0.0,0.169,0.0,0.0,65.017,1.642,4.167,20.849,1.71,50.801,0.322,0.105,DEU,82019890.0,2347761139712.0,15.562,0.19,939.934,-3.294,-0.349,923.512,-7.128,-0.766,11.26,0.393,0.232,11.46,0.4,0.236,406.046,4.951,1140.176,13.901,0.486,852.75,71623.336,71549.383,55788.84,23.739,2752.797,165.558,12143.325,61.887,48996.98,1.693,3.06,0.037,152.97,1.865,12.874,13.529,-16.421,-0.2,125.756,1.533,64.823,0.79,351.7,4.288,0.129,10.594,3974.795,2.496,3.994,3.188,4.612,5.653,7.752,4.475,11.598,0.248,2.775,0.024,3.842,2.099,0.938,3.626,-0.302,3.767,4.739,3.779,0.007,0.032,0.04,0.002,1109.631,1055.898,200.243,21.304,4.846137855653176e-05,1.1459830048540524e-05,1.6930150741346662e-09,4.003533341195441e-10,3954.172,3991.527,4009.338,943.228,959.386,969.464,1.7312843652111833e-09,1.809157140256392e-09,1.8183331069176368e-09,4.129804897787486e-10,4.3484111022223293e-10,4.3967569887218287e-10
Germany,1996,DEU,82263144.0,2391519789056.0,57.075,0.205,6.864,0.565,30.39,2.5,0.456,0.014,573.126,-0.431,-4.538,12756.646,1049.402,3598.087,295.99,-6.404,-58.872,10460.019,860.474,53.99,25.643,542.96,6600.283,548.23,14.56,3.297,131.051,49911.121,1.717,3.343,115.747,4396.379,361.66,43496.879,3578.19,65.969,87.437,11.904,92.536,869.91,553.832,45.56,10574.724,8.295,13.945,2213.163,182.062,8.31,21.257,326.08,-12.702,-7.606,52.272,266.948,21.96,635.427,4.006,1.277,3.123,15.243,514.12,2267.966,186.57,6249.699,34.031,12.563,-5.27,-0.971,4.875,20.869,448.925,1945.221,160.02,5457.183,29.188,10.97,1.701,27.748,1658.878,244.459,20.11,20165.508,0.831,0.311,458.832,37.745,3.668,40.536,6.697,2.5,0.0,4.588,0.294,30.39,0.0,81.408,0.456,0.0,0.164,6664.345,4105.846,-7.483,-5.626,65.195,322.745,26.55,792.516,4.843,1.593,20.0,0.003,0.017,0.122,0.01,0.203,0.002,0.0,35.467,1.478,5.644,25.285,2.08,68.615,0.379,0.138,DEU,82263195.0,2391519789056.0,14.811,0.18,959.69,19.757,2.102,942.895,19.383,2.099,11.462,0.394,0.23,11.666,0.401,0.234,400.613,4.87,1124.011,13.664,0.47,867.561,72583.031,72492.281,56189.453,26.952,2922.753,148.764,12504.383,71.927,50501.871,1.717,3.213,0.039,169.956,2.066,13.068,13.693,-16.795,-0.204,122.739,1.492,66.69,0.811,361.057,4.389,0.122,10.04,4105.846,2.327,3.956,3.115,4.439,5.518,7.655,4.45,11.466,0.272,2.821,0.022,3.84,2.268,0.917,3.859,-0.279,3.753,4.522,3.751,0.006,0.032,0.041,0.002,1126.448,1074.993,164.321,17.122,4.991112423322831e-05,1.166609198682337e-05,1.716835469557495e-09,4.0128875554018167e-10,3974.795,3954.172,3991.527,939.934,943.228,959.386,1.6930150741346662e-09,1.7312843652111833e-09,1.809157140256392e-09,4.003533341195441e-10,4.129804897787486e-10,4.3484111022223293e-10
Germany,1997,DEU,82389580.0,2461046145024.0,63.568,0.359,11.21,0.924,32.164,2.65,0.485,0.023,573.126,-3.105,-32.584,12341.589,1016.818,3451.165,284.34,-4.217,-36.283,10003.587,824.191,52.042,25.175,544.02,6603.02,546.37,14.802,-1.283,-52.659,49195.383,1.647,-2.275,-81.411,4284.401,352.99,42442.004,3496.779,64.606,86.577,-4.469,-38.876,831.034,583.812,48.1,10086.635,-1.7,-3.095,2172.203,178.967,8.804,20.576,326.08,0.712,0.372,52.644,210.706,17.36,638.97,3.177,1.303,5.563,28.029,542.149,2347.142,193.38,6580.31,35.394,13.423,-2.35,-0.432,5.393,24.208,473.133,2067.373,170.33,5742.636,31.175,11.714,-0.6,-9.951,1648.927,249.425,20.55,20013.783,-5.867,-2.215,431.249,35.53,3.761,40.826,7.178,2.65,0.0,7.186,0.481,32.164,0.0,87.124,0.485,0.0,0.178,6631.542,4053.187,6.73,3.821,69.016,279.768,23.05,837.674,4.219,1.709,83.333,0.014,0.031,0.121,0.01,0.371,0.002,0.001,45.965,2.594,8.239,36.776,3.03,99.999,0.555,0.204,DEU,82389631.0,2461046145024.0,15.275,0.185,931.508,-28.182,-2.937,918.808,-24.087,-2.555,11.152,0.373,0.227,11.306,0.379,0.23,386.864,4.696,1078.285,13.088,0.438,882.836,73514.531,73411.086,56576.316,30.191,3085.63,136.064,12857.451,82.11,49771.383,1.647,3.239,0.039,162.876,1.977,12.606,13.181,-12.7,-0.154,118.067,1.433,63.268,0.768,353.069,4.285,0.124,10.183,4053.187,2.306,3.817,2.889,4.309,5.388,7.559,4.42,11.337,0.294,2.856,0.02,3.833,2.419,0.918,3.684,-0.171,3.616,4.551,3.721,0.006,0.033,0.041,0.002,1086.017,1038.613,146.777,15.757,4.919538368808229e-05,1.1306131471810923e-05,1.6469366119750158e-09,3.7850082652185133e-10,4105.846,3974.795,3954.172,959.69,939.934,943.228,1.716835469557495e-09,1.6930150741346662e-09,1.7312843652111833e-09,4.0128875554018167e-10,4.003533341195441e-10,4.129804897787486e-10
Germany,1998,DEU,82011883.0,2535903723520.0,11.093,0.102,12.511,1.026,37.312,3.06,0.557,0.026,573.126,-2.39,-24.306,12102.055,992.512,3563.63,292.26,-8.268,-68.144,9218.756,756.048,53.21,24.778,548.62,6689.519,549.26,14.969,-0.828,-33.555,49012.793,1.585,-0.426,-14.899,4423.018,362.74,42455.797,3481.88,66.042,86.926,0.917,7.617,838.65,618.691,50.74,10225.96,-2.289,-4.097,2132.248,174.87,9.238,20.937,326.08,0.264,0.139,52.783,209.97,17.22,643.606,3.135,1.318,-3.39,-18.446,523.703,2274.305,186.52,6385.698,33.958,13.074,-0.64,-0.117,-5.124,-24.244,448.889,1970.934,161.64,5473.461,29.429,11.207,0.109,1.79,1650.717,240.697,19.74,20127.781,5.357,1.903,456.444,37.434,3.594,41.21,8.494,3.06,0.0,18.328,1.316,37.312,0.0,103.567,0.557,0.0,0.212,6697.322,4019.632,8.352,5.799,74.814,303.371,24.88,912.237,4.53,1.868,36.364,0.011,0.042,0.122,0.01,0.508,0.002,0.001,51.349,4.231,12.469,55.968,4.59,152.044,0.836,0.311,DEU,82011933.0,2535903723520.0,15.545,0.19,923.499,-8.009,-0.86,906.401,-12.407,-1.35,11.052,0.357,0.225,11.261,0.364,0.23,377.48,4.603,1080.433,13.174,0.426,898.38,74438.031,74317.484,56953.797,33.36,3251.007,118.966,13209.365,92.125,49305.879,1.585,3.168,0.039,165.377,2.017,12.331,12.867,-17.098,-0.208,113.085,1.379,47.956,0.585,351.914,4.291,0.122,10.015,4019.631,2.355,3.8,2.977,4.321,5.271,7.467,4.394,11.217,0.314,2.89,0.017,3.825,2.548,0.942,3.702,-0.278,3.561,4.54,3.692,0.006,0.033,0.041,0.002,1055.215,1011.309,156.934,16.993,4.901279976707706e-05,1.1260544242994356e-05,1.5850885673295547e-09,3.641695823996516e-10,4053.187,4105.846,3974.795,931.508,959.69,939.934,1.6469366119750158e-09,1.716835469557495e-09,1.6930150741346662e-09,3.7850082652185133e-10,4.0128875554018167e-10,4.003533341195441e-10
Germany,1999,DEU,81678226.0,2613176696832.0,30.201,0.31,16.356,1.336,42.974,3.51,0.639,0.034,573.126,-3.721,-36.931,11699.344,955.582,3443.635,281.27,-2.659,-20.102,9010.302,735.945,51.208,24.201,550.31,6737.536,549.27,15.288,-1.395,-56.071,48526.523,1.517,-2.556,-89.0,4291.964,350.56,41539.586,3392.88,63.823,85.928,-0.293,-2.459,836.191,634.196,51.8,10237.623,6.813,11.914,2286.817,186.783,9.431,21.177,326.08,8.862,4.678,57.461,240.578,19.65,703.506,3.577,1.455,6.176,31.923,555.626,2432.839,198.71,6802.623,36.177,14.072,1.04,0.189,5.2,23.344,472.233,2081.338,170.0,5781.63,30.95,11.96,-3.005,-49.61,1601.107,214.133,17.49,19602.621,-6.78,-2.538,427.237,34.896,3.184,40.55,9.188,3.51,0.0,8.168,0.694,42.974,0.0,112.484,0.639,0.0,0.233,6724.804,3963.56,11.959,8.579,83.393,351.501,28.71,1020.993,5.227,2.112,26.667,0.011,0.053,0.245,0.02,0.646,0.004,0.001,23.145,2.886,15.356,67.705,5.53,188.001,1.007,0.389,DEU,81678279.0,2613176696832.0,15.771,0.193,895.442,-28.057,-3.038,876.646,-29.754,-3.283,10.733,0.335,0.221,10.963,0.343,0.226,360.052,4.408,1090.038,13.346,0.417,914.152,75333.477,75194.133,57313.848,36.473,3416.634,100.17,13550.212,102.157,48598.668,1.517,3.113,0.038,165.627,2.028,11.971,12.493,-18.796,-0.23,109.713,1.343,45.762,0.56,340.846,4.173,0.123,10.032,3963.56,2.277,3.603,2.841,4.063,5.154,7.373,4.366,11.094,0.333,2.917,0.014,3.812,2.664,0.943,3.59,-0.313,3.363,4.575,3.662,0.006,0.034,0.042,0.002,1020.397,977.753,194.596,21.732,4.852651917293051e-05,1.0963037063990894e-05,1.5167592780102062e-09,3.4266416086044243e-10,4019.632,4053.187,4105.846,923.499,931.508,959.69,1.5850885673295547e-09,1.6469366119750158e-09,1.716835469557495e-09,3.641695823996516e-10,3.7850082652185133e-10,4.0128875554018167e-10
Germany,2000,DEU,81797200.0,2718560681984.0,92.32,1.233,31.41,2.569,52.936,4.33,0.761,0.065,573.126,3.821,36.514,12128.726,992.096,3627.019,296.68,-4.057,-29.859,8632.162,706.087,52.145,24.979,572.01,6993.027,568.95,15.807,0.621,24.619,48756.914,1.467,-0.033,-1.103,4449.174,363.93,41465.68,3391.776,63.965,85.4,-0.831,-6.945,829.246,601.488,49.2,10137.827,-5.423,-10.129,2159.664,176.654,8.648,20.879,326.08,20.371,11.706,69.167,265.657,21.73,845.587,3.819,1.742,4.719,24.251,579.878,2506.443,205.02,7089.211,36.035,14.6,3.06,0.535,-0.234,-1.106,471.128,2073.543,169.61,5759.706,29.811,11.862,-1.916,-30.672,1570.435,220.668,18.05,19199.127,16.35,5.706,496.369,40.602,3.173,39.541,10.625,4.33,0.0,15.646,1.438,52.936,0.0,129.894,0.761,0.0,0.268,6955.617,3988.179,32.32,25.357,108.75,432.9,35.41,1329.505,6.224,2.738,-100.0,-0.053,0.0,0.0,0.0,0.0,0.0,0.0,71.852,11.033,26.389,114.307,9.35,322.614,1.643,0.664,DEU,81797255.0,2718560681984.0,15.253,0.186,898.976,3.534,0.395,880.787,4.14,0.472,10.768,0.324,0.221,10.99,0.331,0.225,373.461,4.566,1083.82,13.25,0.399,929.404,76232.453,76074.914,57687.309,39.465,3583.054,81.981,13880.986,112.232,48903.699,1.467,2.993,0.037,166.421,2.035,11.956,12.449,-18.189,-0.222,105.166,1.286,44.866,0.548,330.774,4.044,0.123,10.075,3988.179,2.107,3.524,2.859,4.058,5.034,7.28,4.34,10.971,0.35,2.94,0.012,3.795,2.771,0.862,3.504,-0.343,3.22,4.657,3.631,0.006,0.034,0.042,0.002,1018.299,977.961,184.844,20.562,4.8756913439579243e-05,1.0990295456736159e-05,1.4670185684762554e-09,3.3068086578223045e-10,3963.56,4019.632,4053.187,895.442,923.499,931.508,1.5167592780102062e-09,1.5850885673295547e-09,1.6469366119750158e-09,3.4266416086044243e-10,3.641695823996516e-10,3.7850082652185133e-10
Germany,2001,DEU,81933833.0,2793372909568.0,40.003,1.028,43.902,3.597,56.021,4.59,0.793,0.089,565.447,0.286,2.84,12143.165,994.936,3585.088,293.74,-4.045,-28.559,8269.21,677.528,50.738,24.586,582.6,7110.615,578.94,15.761,1.871,74.62,49586.344,1.454,2.023,68.605,4512.91,369.76,42233.852,3460.381,63.868,85.509,5.455,45.236,874.482,677.376,55.5,10673.026,0.951,1.679,2176.559,178.334,9.586,21.609,327.36,-6.827,-5.078,64.088,277.419,22.73,782.197,3.926,1.584,1.87,6.558,586.435,2553.036,209.18,7157.427,36.132,14.491,3.66,0.628,1.002,2.09,473.218,2090.711,171.3,5775.614,29.589,11.694,1.307,20.529,1590.963,250.446,20.52,19417.66,1.36,0.552,502.28,41.154,3.544,39.314,16.25,4.59,0.0,52.941,5.625,56.021,0.0,198.331,0.793,0.0,0.402,7065.945,4062.799,5.519,4.467,113.217,462.324,37.88,1381.813,6.543,2.798,-100.0,0.276,0.276,1.22,0.1,3.372,0.017,0.007,10.526,2.617,29.006,127.664,10.46,354.012,1.807,0.717,DEU,81933883.0,2793372909568.0,13.504,0.165,915.255,16.279,1.811,895.807,15.02,1.705,10.933,0.321,0.22,11.171,0.328,0.225,376.52,4.595,1080.515,13.188,0.387,942.908,77147.711,76970.727,58063.832,42.435,3756.854,62.534,14219.856,121.823,49841.387,1.454,2.97,0.036,173.799,2.121,12.074,12.566,-19.448,-0.237,100.988,1.233,43.606,0.532,338.871,4.136,0.117,9.591,4062.799,1.783,3.56,2.94,4.067,4.906,7.19,4.316,10.851,0.365,2.966,0.009,3.781,2.857,0.885,3.625,-0.408,3.275,4.495,3.601,0.006,0.034,0.042,0.002,1029.552,989.292,165.26,18.056,4.958634121267036e-05,1.1170653293704984e-05,1.454442042479863e-09,3.27652279029779e-10,3988.179,3963.56,4019.632,898.976,895.442,923.499,1.4670185684762554e-09,1.5167592780102062e-09,1.5850885673295547e-09,3.3068086578223045e-10,3.4266416086044243e-10,3.641695823996516e-10
Germany,2002,DEU,82068282.0,2822441533440.0,57.137,2.055,68.873,5.652,64.702,5.31,0.91,0.142,569.566,0.222,2.213,12150.233,997.149,3650.619,299.6,0.285,1.934,8279.226,679.462,51.322,24.966,593.76,7234.951,583.76,16.112,-1.257,-51.076,48882.746,1.421,-1.512,-52.325,4562.42,374.43,41527.086,3408.057,64.141,85.327,-0.155,-1.354,873.128,686.014,56.3,10639.041,-0.261,-0.466,2167.315,177.868,9.644,21.86,332.49,2.155,0.843,64.932,281.717,23.12,791.189,3.961,1.626,1.259,-0.394,586.041,2550.681,209.33,7140.899,35.859,14.673,10.0,1.684,-3.773,-21.596,451.622,2008.571,164.84,5503.001,28.238,11.307,-3.343,-53.183,1537.78,225.788,18.53,18737.811,6.166,2.538,532.379,43.691,3.174,38.501,20.0,5.31,0.0,23.077,3.75,64.702,0.0,243.7,0.91,0.0,0.501,7113.102,4011.723,21.493,21.202,134.419,542.11,44.49,1637.897,7.621,3.365,100.0,0.272,0.548,2.437,0.2,6.677,0.034,0.014,50.476,14.282,43.288,193.254,15.86,527.459,2.717,1.084,DEU,82068328.0,2822441533440.0,12.823,0.156,898.834,-16.42,-1.794,884.17,-11.638,-1.299,10.774,0.313,0.22,10.952,0.318,0.224,375.786,4.579,1027.282,12.517,0.364,955.731,78046.547,77854.898,58439.613,45.401,3930.463,47.869,14544.271,131.059,49257.789,1.421,2.966,0.036,173.61,2.115,11.829,12.338,-14.665,-0.179,98.229,1.197,43.042,0.524,324.413,3.953,0.113,9.237,4011.723,1.633,3.421,2.815,3.882,4.778,7.1,4.29,10.728,0.38,2.987,0.007,3.764,2.925,0.914,3.516,-0.286,3.14,4.27,3.57,0.006,0.035,0.043,0.002,1012.541,970.757,128.448,14.29,4.8882746199073e-05,1.0952264069520083e-05,1.4213662010247207e-09,3.1845974109674413e-10,4062.799,3988.179,3963.56,915.255,898.976,895.442,1.454442042479863e-09,1.4670185684762554e-09,1.5167592780102062e-09,3.27652279029779e-10,3.3068086578223045e-10,3.4266416086044243e-10
Germany,2003,DEU,82111559.0,2831676080128.0,43.285,2.447,98.633,8.099,108.998,8.95,1.487,0.203,569.955,1.652,16.471,12344.424,1013.62,3709.953,304.63,-1.069,-7.261,8186.428,672.2,50.6,25.381,598.76,7292.031,602.03,16.608,-0.031,-1.252,48841.734,1.416,-0.088,-3.0,4753.289,390.3,41468.664,3405.057,64.831,85.262,1.213,10.592,883.72,762.256,62.59,10762.428,4.098,7.289,2254.94,185.157,10.396,22.128,343.13,-22.695,-15.01,49.922,223.111,18.32,607.972,3.043,1.25,1.493,2.559,588.601,2578.565,211.73,7168.305,35.169,14.738,-3.27,-0.546,0.132,-1.867,449.755,2010.192,165.06,5477.362,27.417,11.262,-1.955,-30.063,1507.717,281.081,23.08,18361.814,4.99,2.18,558.649,45.872,3.834,37.753,27.965,8.95,0.0,39.823,7.965,108.998,0.0,340.568,1.487,0.0,0.7,7331.855,4010.471,5.829,4.427,138.846,568.373,46.67,1690.943,7.752,3.477,56.5,0.305,0.853,3.775,0.31,10.387,0.051,0.021,20.804,8.721,52.008,232.489,19.09,633.384,3.171,1.302,DEU,82111619.0,2831676080128.0,13.507,0.164,894.501,-4.333,-0.482,882.331,-1.839,-0.208,10.746,0.312,0.22,10.894,0.316,0.223,378.305,4.607,1063.152,12.948,0.375,969.238,78941.047,78737.227,58817.922,48.404,4107.05,35.699,14858.117,140.311,49300.902,1.416,3.003,0.037,176.587,2.151,11.75,12.287,-12.17,-0.148,95.747,1.166,42.559,0.518,313.847,3.822,0.113,9.252,4010.471,1.564,3.233,2.615,3.596,4.645,7.005,4.259,10.593,0.394,3.004,0.005,3.743,2.984,0.872,3.45,-0.2,2.96,4.186,3.536,0.006,0.035,0.043,0.002,1008.919,964.83,168.651,18.854,4.884173493770775e-05,1.089372016888364e-05,1.4162887585004832e-09,3.1589100401609706e-10,4011.723,4062.799,3988.179,898.834,915.255,898.976,1.4213662010247207e-09,1.454442042479863e-09,1.4670185684762554e-09,3.1845974109674413e-10,3.27652279029779e-10,3.3068086578223045e-10
Germany,2004,DEU,82092658.0,2894624980992.0,33.295,2.697,131.502,10.795,129.61,10.64,1.745,0.27,554.659,-2.517,-25.51,12036.521,988.11,3639.424,298.77,1.063,7.144,8275.34,679.345,49.011,24.753,606.98,7393.84,609.6,16.921,-0.014,-0.578,48845.941,1.385,-1.123,-38.246,4684.463,384.56,41012.324,3366.811,63.084,84.342,0.508,4.491,888.211,763.406,62.67,10819.609,-7.465,-13.821,2087.095,171.335,10.281,22.251,338.12,13.233,6.3,56.221,252.763,20.75,684.854,3.404,1.408,7.273,36.425,625.025,2741.292,225.04,7613.655,36.916,15.658,-2.62,-0.432,1.215,2.996,452.751,2035.139,167.07,5515.118,27.406,11.342,-1.143,-17.227,1490.49,281.633,23.12,18156.193,-5.825,-2.672,526.23,43.2,3.793,37.338,33.236,10.64,0.0,18.85,5.271,129.61,0.0,404.859,1.745,0.0,0.833,7425.755,4009.893,25.533,33.429,172.275,706.153,57.97,2098.537,9.51,4.316,77.955,0.657,1.509,6.822,0.56,18.388,0.092,0.038,36.318,18.504,70.512,316.959,26.02,858.934,4.268,1.766,DEU,82092706.0,2894624980992.0,14.068,0.171,876.57,-17.931,-2.005,864.374,-17.956,-2.035,10.529,0.299,0.216,10.678,0.303,0.219,374.908,4.567,1044.238,12.72,0.361,983.307,79817.609,79601.609,59192.828,51.332,4281.377,23.503,15159.325,149.442,49342.406,1.385,2.928,0.036,174.327,2.124,11.512,12.051,-12.196,-0.149,92.884,1.131,42.538,0.518,301.208,3.669,0.111,9.13,4009.893,1.559,3.061,2.54,3.448,4.517,6.908,4.228,10.455,0.406,3.015,0.003,3.715,3.029,0.855,3.299,-0.226,2.739,3.943,3.501,0.006,0.036,0.043,0.002,989.282,945.068,167.668,19.128,4.884593942615369e-05,1.0677806137855772e-05,1.3852892952736811e-09,3.0282679302366686e-10,4010.471,4011.723,4062.799,894.501,898.834,915.255,1.4162887585004832e-09,1.4213662010247207e-09,1.454442042479863e-09,3.1589100401609706e-10,3.1845974109674413e-10,3.27652279029779e-10
Germany,2005,DEU,82046684.0,2945460994048.0,84.707,9.144,243.03,19.94,179.288,14.71,2.398,0.506,546.271,-4.324,-42.723,11522.553,945.387,3511.903,288.14,-3.152,-21.414,8018.981,657.931,46.979,23.974,608.77,7419.8,613.34,17.254,-1.179,-47.258,48297.324,1.345,-1.739,-58.555,4715.12,386.86,40321.621,3308.255,63.074,83.893,1.644,14.6,902.81,879.865,72.19,11003.619,-3.448,-5.908,2016.251,165.427,11.77,22.894,335.05,-5.34,-3.431,52.79,239.376,19.64,643.418,3.202,1.339,4.49,10.12,635.145,2760.38,226.48,7741.265,36.926,16.107,-4.57,-0.751,-2.41,-14.474,438.277,1987.283,163.05,5341.799,26.584,11.114,-2.042,-30.432,1460.058,323.353,26.53,17795.449,-1.706,-0.737,517.543,42.463,4.325,37.025,45.961,14.71,0.0,38.286,12.725,179.288,0.0,560.177,2.398,0.0,1.166,7475.5,3962.635,21.257,24.594,196.868,773.096,63.43,2399.466,10.342,4.992,134.829,2.007,3.516,15.967,1.31,42.855,0.214,0.089,6.745,4.149,74.661,338.466,27.77,909.985,4.528,1.893,DEU,82046731.0,2945460994048.0,13.05,0.159,867.881,-8.689,-0.991,853.164,-11.21,-1.297,10.399,0.29,0.215,10.578,0.295,0.219,361.975,4.412,1050.789,12.807,0.357,996.356,80685.492,80454.773,59554.805,54.286,4457.281,8.786,15464.513,158.252,48793.613,1.345,2.954,0.036,175.904,2.144,11.389,11.926,-14.717,-0.179,90.885,1.108,42.141,0.514,305.188,3.72,0.107,8.811,3962.635,1.348,2.931,2.473,3.135,4.382,6.808,4.197,10.309,0.418,3.024,0.001,3.69,3.058,0.849,3.256,-0.301,2.748,3.637,3.466,0.005,0.036,0.043,0.002,978.504,934.426,182.908,21.075,4.829732058397329e-05,1.0577886399885809e-05,1.3453360978153982e-09,2.946503117012103e-10,4009.893,4010.471,4011.723,876.57,894.501,898.834,1.3852892952736811e-09,1.4162887585004832e-09,1.4213662010247207e-09,3.0282679302366686e-10,3.1589100401609706e-10,3.1845974109674413e-10
Germany,2006,DEU,81701921.0,3086359199744.0,59.473,11.859,389.204,31.799,231.818,18.94,3.005,0.787,536.163,4.011,37.924,12035.351,983.311,3536.392,288.93,-5.696,-37.477,7594.111,620.453,45.847,24.325,613.22,7505.576,630.2,17.35,2.517,99.752,49722.051,1.316,1.583,52.362,4777.978,390.37,41132.66,3360.617,61.944,83.134,1.912,17.258,920.069,914.666,74.73,11261.289,-1.212,-2.005,2000.224,163.422,11.858,22.76,337.89,2.001,0.769,53.559,245.159,20.03,655.539,3.178,1.325,10.269,46.671,681.816,2935.427,239.83,8345.169,38.056,16.866,-16.98,-2.769,2.648,9.199,447.476,2047.32,167.27,5476.933,26.542,11.069,-0.193,-2.82,1457.237,326.92,26.71,17836.021,0.937,0.398,524.599,42.861,4.238,36.049,59.173,18.94,0.0,28.747,13.212,231.818,0.0,724.251,3.005,0.0,1.464,7713.405,4062.387,25.174,37.472,234.34,888.106,72.56,2868.237,11.514,5.797,73.165,2.54,6.056,27.784,2.27,74.125,0.36,0.15,12.782,9.093,83.754,383.345,31.32,1025.117,4.97,2.072,DEU,81701971.0,3086359199744.0,13.34,0.163,886.434,18.554,2.138,873.586,20.423,2.394,10.692,0.283,0.215,10.85,0.287,0.218,367.653,4.5,1048.868,12.838,0.34,1009.697,81571.93,81328.352,59922.457,57.355,4637.479,-4.062,15777.704,167.236,50043.066,1.316,3.069,0.038,180.197,2.206,11.641,12.176,-12.848,-0.157,87.773,1.074,41.164,0.504,313.191,3.833,0.11,8.984,4062.387,1.263,2.894,2.429,3.015,4.244,6.71,4.164,10.158,0.43,3.032,-0.001,3.666,3.081,0.883,3.243,-0.241,2.791,3.551,3.43,0.005,0.036,0.044,0.002,994.823,951.114,162.433,18.324,4.972204998704927e-05,1.0849603616049717e-05,1.3162392116695158e-09,2.87210250859176e-10,3962.635,4009.893,4010.471,867.881,876.57,894.501,1.3453360978153982e-09,1.3852892952736811e-09,1.4162887585004832e-09,2.946503117012103e-10,3.0282679302366686e-10,3.1589100401609706e-10
Germany,2007,DEU,81298499.0,3220275724288.0,13.672,4.348,444.613,36.146,302.835,24.62,3.901,0.933,551.783,2.54,24.975,12402.28,1008.287,3654.434,297.1,1.996,12.382,7784.103,632.836,47.077,26.032,614.54,7559.057,631.1,18.134,-4.159,-168.964,47890.469,1.209,-4.36,-146.51,4934.04,401.13,39534.645,3214.107,63.56,82.981,-3.664,-33.707,886.362,952.662,77.45,10902.562,-8.398,-13.725,1841.33,149.697,12.272,22.884,348.23,5.686,2.744,56.303,260.398,21.17,692.549,3.354,1.454,-2.061,-22.607,659.21,2828.711,229.97,8108.509,36.44,17.019,-16.56,-2.695,-16.027,-73.715,373.761,1728.568,140.53,4597.387,22.267,9.65,-9.455,-137.779,1319.459,326.943,26.58,16229.803,-1.829,-0.784,517.559,42.077,4.212,34.065,76.925,24.62,0.0,30.001,17.752,302.835,0.0,946.203,3.901,0.0,1.986,7762.75,3893.423,20.337,51.109,285.449,1100.143,89.44,3511.122,14.172,7.37,38.499,2.287,8.343,38.623,3.14,102.623,0.498,0.215,29.316,23.977,107.731,498.287,40.51,1325.134,6.419,2.781,DEU,81298546.0,3220275724288.0,14.449,0.178,846.116,-40.318,-4.548,834.271,-39.316,-4.501,10.262,0.259,0.214,10.408,0.263,0.217,376.715,4.634,1037.784,12.765,0.322,1024.146,82418.039,82162.625,60299.168,60.344,4811.33,-15.907,16046.628,176.424,47958.113,1.209,2.989,0.037,173.851,2.138,11.175,11.727,-11.846,-0.146,86.156,1.06,41.613,0.512,268.924,3.308,0.113,9.188,3893.423,1.274,2.683,2.309,2.947,4.108,6.608,4.131,10.005,0.441,3.031,-0.002,3.634,3.102,0.871,3.018,-0.258,2.39,3.539,3.394,0.005,0.037,0.044,0.002,953.408,908.547,191.668,22.653,4.789046597280907e-05,1.0407517005285551e-05,1.2090340496731323e-09,2.627464454731048e-10,4062.387,3962.635,4009.893,886.434,867.881,876.57,1.3162392116695158e-09,1.3453360978153982e-09,1.3852892952736811e-09,2.87210250859176e-10,2.946503117012103e-10,3.0282679302366686e-10
Germany,2008,DEU,81110734.0,3289020366848.0,-12.259,-4.431,391.012,31.715,345.454,28.02,4.432,0.811,525.408,-7.585,-76.479,11488.1,931.808,3393.016,275.21,-7.936,-50.22,7182.968,582.616,43.526,23.814,612.19,7547.583,632.29,18.063,1.059,41.243,48509.809,1.196,0.366,11.777,4801.214,389.43,39771.355,3225.884,61.59,82.445,0.975,8.644,895.006,1090.854,88.48,11034.376,-8.916,-13.347,1681.044,136.351,13.994,22.874,332.21,-3.434,-2.364,53.939,252.001,20.44,665.008,3.233,1.379,3.289,27.69,686.899,2994.178,242.86,8468.663,38.41,17.555,-20.1,-3.283,5.865,18.791,392.551,1830.707,148.49,4839.698,23.484,10.033,6.034,79.611,1399.069,317.344,25.74,17248.881,-9.279,-3.904,470.623,38.173,4.071,35.756,87.604,28.04,0.02,13.882,10.679,345.7,0.247,1080.052,4.435,0.003,2.239,7795.392,3934.666,0.405,8.899,294.348,1163.471,94.37,3628.966,14.925,7.523,43.704,3.551,11.894,55.603,4.51,146.645,0.713,0.304,2.168,1.464,109.195,510.167,41.38,1346.249,6.544,2.791,DEU,81110781.0,3289020366848.0,13.579,0.167,856.607,10.491,1.24,844.444,10.174,1.219,10.411,0.257,0.215,10.561,0.26,0.218,353.581,4.359,1041.08,12.835,0.317,1037.724,83274.656,83007.07,60652.754,63.289,4992.325,-28.07,16343.059,185.501,48446.047,1.196,2.945,0.036,180.995,2.231,11.298,11.85,-12.163,-0.15,84.776,1.045,40.202,0.496,296.43,3.655,0.112,9.077,3934.666,1.182,2.671,2.285,2.678,3.98,6.509,4.097,9.848,0.452,3.032,-0.004,3.609,3.119,0.88,3.054,-0.249,2.646,3.492,3.359,0.005,0.037,0.044,0.002,961.201,916.35,184.472,21.535,4.850980635929089e-05,1.0560951200802633e-05,1.1963033247406577e-09,2.6044441944910203e-10,3893.423,4062.387,3962.635,846.116,886.434,867.881,1.2090340496731323e-09,1.3162392116695158e-09,1.3453360978153982e-09,2.627464454731048e-10,2.87210250859176e-10,2.946503117012103e-10
Germany,2009,DEU,80935222.0,3136502104064.0,-0.639,-0.203,389.356,31.513,381.663,30.89,5.254,0.858,521.549,-10.465,-97.516,10308.15,834.292,3131.517,253.45,-7.348,-42.813,6669.565,539.803,43.107,22.722,575.69,7112.973,587.96,17.92,-6.163,-242.488,45618.93,1.177,-6.431,-207.452,4410.317,356.95,37294.418,3018.432,60.71,82.208,-5.665,-50.705,844.301,991.781,80.27,10431.814,-6.519,-8.889,1574.86,127.462,13.652,22.995,306.65,-6.907,-3.989,49.95,235.126,19.03,617.162,3.237,1.36,-4.492,-33.62,653.28,2854.258,231.01,8071.638,39.29,17.792,-12.27,-2.131,-9.306,-38.399,354.152,1667.136,134.93,4375.75,22.949,9.645,-4.234,-59.231,1339.838,287.02,23.23,16554.453,-8.584,-3.277,431.159,34.896,3.951,36.491,96.576,30.91,0.02,10.241,8.972,381.91,0.247,1193.246,5.257,0.003,2.63,7264.575,3692.178,1.188,4.779,299.128,1187.122,96.08,3695.889,16.341,8.147,48.957,5.73,17.625,83.029,6.72,217.763,1.143,0.48,-4.748,-5.731,103.465,487.056,39.42,1278.363,6.705,2.818,DEU,80935275.0,3136502104064.0,12.559,0.155,789.951,-66.657,-7.781,774.508,-69.936,-8.282,9.569,0.247,0.21,9.76,0.252,0.214,316.28,3.908,973.608,12.029,0.31,1050.283,84064.602,83781.578,60969.035,65.864,5160.724,-43.513,16625.496,193.2,45436.254,1.177,2.575,0.032,168.399,2.081,10.45,10.978,-15.443,-0.191,81.328,1.005,39.729,0.491,282.438,3.49,0.095,7.699,3692.178,1.062,2.504,2.104,2.425,3.853,6.413,4.061,9.694,0.459,3.028,-0.006,3.585,3.12,0.779,2.912,-0.293,2.578,3.155,3.324,0.005,0.037,0.044,0.002,888.503,845.804,183.657,23.249,4.5618927195874673e-05,9.76028066871942e-06,1.1771642031471954e-09,2.5185731550329647e-10,3934.666,3893.423,4062.387,856.607,846.116,886.434,1.1963033247406577e-09,1.2090340496731323e-09,1.3162392116695158e-09,2.6044441944910203e-10,2.627464454731048e-10,2.87210250859176e-10
Germany,2010,DEU,80830868.0,3301123031040.0,0.094,0.03,390.225,31.542,419.642,33.92,5.434,0.825,516.637,7.417,61.88,11087.004,896.172,3252.347,262.89,-1.113,-6.008,6603.851,533.795,42.116,23.434,609.26,7537.467,624.21,18.294,4.197,154.973,47595.078,1.165,3.846,116.097,4679.4,378.24,38778.859,3134.529,60.595,81.963,4.313,36.411,880.712,1098.095,88.76,10895.744,-12.727,-16.222,1376.206,111.24,14.22,23.029,322.49,10.099,4.615,54.565,259.183,20.95,675.053,3.356,1.427,5.713,36.495,689.775,3043.021,245.97,8533.562,39.405,18.037,-14.95,-2.454,4.168,11.879,366.031,1738.94,140.56,4528.36,22.518,9.571,1.329,17.806,1357.644,328.958,26.59,16796.111,-10.91,-3.807,384.614,31.089,4.26,35.5,106.1,33.95,0.03,9.862,9.525,420.013,0.371,1312.62,5.439,0.005,2.774,7722.421,3847.151,7.348,24.616,323.744,1304.081,105.41,4005.203,16.887,8.465,78.153,13.529,31.154,147.963,11.96,385.418,1.916,0.815,-2.215,-3.082,100.383,476.922,38.55,1241.887,6.176,2.625,DEU,80830917.0,3301123031040.0,12.431,0.154,826.68,36.729,4.65,815.229,40.721,5.258,10.086,0.247,0.212,10.227,0.25,0.215,341.311,4.223,1019.208,12.609,0.309,1062.715,84891.281,84596.805,61310.344,68.446,5345.599,-54.964,16902.65,201.527,47305.836,1.165,2.582,0.032,184.875,2.287,10.908,11.453,-11.451,-0.142,80.546,0.996,39.987,0.495,277.154,3.429,0.103,8.327,3847.151,0.984,2.478,2.099,2.446,3.726,6.315,4.025,9.537,0.466,3.026,-0.007,3.558,3.13,0.757,2.968,-0.209,2.448,3.383,3.289,0.005,0.038,0.045,0.002,925.756,881.68,192.528,23.289,4.7595072219191714e-05,1.0227274793876082e-05,1.1654067309293762e-09,2.5042386855226024e-10,3692.178,3934.666,3893.423,789.951,856.607,846.116,1.1771642031471954e-09,1.1963033247406577e-09,1.2090340496731323e-09,2.5185731550329647e-10,2.6044441944910203e-10,2.627464454731048e-10
Germany,2011,DEU,80857831.0,3467712921600.0,4.141,1.306,406.248,32.848,456.233,36.89,6.098,0.891,529.669,1.631,14.619,11264.104,910.791,3245.944,262.46,1.815,9.688,6721.458,543.482,43.382,24.701,601.23,7435.643,605.0,18.345,-3.55,-136.567,45890.234,1.07,-3.25,-101.86,4608.088,372.6,37506.191,3032.669,61.587,82.246,-8.187,-72.105,808.607,1059.514,85.67,10000.357,-5.92,-6.585,1294.303,104.655,14.16,21.929,320.45,-15.664,-8.785,45.78,218.532,17.67,566.176,2.921,1.242,-4.42,-35.134,654.641,2874.18,232.4,8096.201,38.413,17.754,-3.77,-0.627,-23.183,-86.313,279.718,1335.307,107.97,3459.383,17.846,7.586,-3.268,-44.373,1313.271,302.63,24.47,16241.728,4.082,1.269,400.179,32.358,4.045,35.616,115.342,36.91,0.02,8.71,9.241,456.48,0.247,1426.474,6.101,0.003,3.128,7482.269,3710.585,14.836,51.179,374.923,1538.874,124.43,4636.818,20.567,10.168,67.107,20.637,51.79,247.224,19.99,640.509,3.304,1.405,29.341,28.78,129.163,616.638,49.86,1597.411,8.241,3.503,DEU,80857877.0,3467712921600.0,13.393,0.166,804.514,-22.166,-2.681,791.245,-23.984,-2.942,9.786,0.228,0.213,9.95,0.232,0.217,339.624,4.2,979.797,12.118,0.283,1076.108,85695.789,85388.047,61649.969,71.119,5514.998,-68.233,17173.459,210.142,45571.484,1.07,2.673,0.033,169.399,2.095,10.613,11.132,-13.268,-0.164,79.0,0.977,38.885,0.481,270.809,3.349,0.107,8.615,3710.584,0.986,2.332,1.989,2.304,3.601,6.215,3.987,9.375,0.473,3.012,-0.009,3.531,3.13,0.744,2.642,-0.251,2.384,3.132,3.252,0.005,0.038,0.045,0.002,900.073,858.141,175.284,21.788,4.5890236654999494e-05,9.94972944936447e-06,1.0700381155796308e-09,2.3200132715392078e-10,3847.151,3692.178,3934.666,826.68,789.951,856.607,1.1654067309293762e-09,1.1771642031471954e-09,1.1963033247406577e-09,2.5042386855226024e-10,2.5185731550329647e-10,2.6044441944910203e-10
Germany,2012,DEU,80916339.0,3482225475584.0,6.528,2.144,432.453,34.993,533.885,43.2,6.97,0.936,534.164,2.776,25.283,11568.42,936.074,3413.773,276.23,2.229,12.113,6866.293,555.595,44.567,25.048,599.27,7406.044,619.81,18.611,1.383,51.332,46491.43,1.08,0.656,19.895,4658.516,376.95,37724.941,3052.564,60.817,81.681,0.308,2.493,811.101,938.624,75.95,10023.94,-9.594,-10.041,1169.278,94.614,12.254,21.704,331.08,23.111,10.29,56.07,268.796,21.75,692.933,3.509,1.5,4.755,29.975,684.616,3001.372,242.86,8460.791,39.183,18.319,-20.54,-3.428,-7.883,-23.378,256.34,1229.171,99.46,3167.966,16.047,6.859,-0.6,-7.882,1305.389,306.119,24.77,16132.58,0.274,0.089,400.985,32.446,3.996,34.93,135.09,43.23,0.03,17.122,19.749,534.255,0.371,1669.505,6.975,0.005,3.615,7659.887,3761.916,13.431,53.353,428.276,1772.201,143.4,5292.825,23.136,11.46,33.78,17.138,68.928,330.465,26.74,851.841,4.314,1.844,3.656,4.033,133.196,638.684,51.68,1646.094,8.338,3.564,DEU,80916393.0,3482225475584.0,13.289,0.164,814.09,9.576,1.19,805.595,14.35,1.814,9.956,0.231,0.214,10.061,0.234,0.216,350.039,4.326,918.394,11.35,0.264,1089.397,86509.891,86193.641,62000.008,73.776,5682.834,-76.728,17445.404,218.466,46132.684,1.08,2.657,0.033,167.837,2.074,10.717,11.254,-8.495,-0.105,78.457,0.97,39.15,0.484,271.945,3.361,0.103,8.323,3761.916,0.953,2.326,1.982,2.348,3.483,6.119,3.95,9.219,0.479,2.997,-0.01,3.504,3.126,0.705,2.562,-0.15,2.366,3.008,3.216,0.005,0.038,0.045,0.002,910.597,867.173,104.304,12.812,4.649142616301454e-05,1.0060878516915478e-05,1.0803194756850413e-09,2.337844018740544e-10,3710.585,3847.151,3692.178,804.514,826.68,789.951,1.0700381155796308e-09,1.1654067309293762e-09,1.1771642031471954e-09,2.3200132715392078e-10,2.5042386855226024e-10,2.5185731550329647e-10
Germany,2013,DEU,81041525.0,3497463119872.0,-10.518,-3.681,386.369,31.312,561.564,45.51,7.227,0.815,538.027,2.919,27.324,11887.716,963.399,3556.202,288.2,-5.551,-30.839,6475.151,524.756,45.769,25.075,597.5,7372.764,629.69,18.369,2.834,106.601,47735.0,1.106,3.107,94.84,4694.507,380.45,38836.934,3147.404,60.419,81.92,4.764,38.643,849.743,826.737,67.0,10485.283,-9.06,-8.572,1061.693,86.041,10.64,22.117,338.79,5.714,2.749,58.818,283.805,23.0,725.781,3.653,1.531,0.968,10.005,694.622,3075.46,249.24,8571.181,39.581,18.08,-32.19,-5.387,-2.182,-7.517,248.824,1200.496,97.29,3070.322,15.45,6.476,2.212,28.873,1334.262,311.569,25.25,16463.936,0.83,0.269,403.69,32.716,4.01,34.728,142.476,45.59,0.08,5.467,7.386,562.551,0.987,1758.06,7.24,0.013,3.708,7769.967,3868.517,2.724,17.522,445.798,1874.965,151.95,5500.859,24.131,11.603,14.497,9.387,78.315,377.831,30.62,966.351,4.863,2.038,2.045,1.681,134.877,650.778,52.74,1664.298,8.376,3.511,DEU,81041580.0,3497463119872.0,12.503,0.154,831.743,17.653,2.168,824.683,19.088,2.369,10.176,0.236,0.213,10.263,0.238,0.215,357.254,4.408,928.118,11.452,0.265,1101.9,87341.633,87018.32,62357.262,76.465,5853.102,-83.788,17725.801,227.1,47361.52,1.106,2.689,0.033,170.267,2.101,10.907,11.471,-7.06,-0.087,77.654,0.958,39.856,0.492,280.396,3.46,0.107,8.635,3868.517,0.86,2.356,2.04,2.381,3.367,6.027,3.915,9.07,0.484,2.983,-0.011,3.479,3.118,0.698,2.585,-0.138,2.422,2.932,3.183,0.005,0.039,0.045,0.002,929.62,883.928,96.375,11.587,4.77349975830286e-05,1.0263163674745603e-05,1.1060922924446962e-09,2.3781322961611106e-10,3761.916,3710.585,3847.151,814.09,804.514,826.68,1.0803194756850413e-09,1.0700381155796308e-09,1.1654067309293762e-09,2.337844018740544e-10,2.3200132715392078e-10,2.5042386855226024e-10
Germany,2014,DEU,81376036.0,3574741336064.0,4.852,1.519,403.452,32.831,593.418,48.29,7.804,0.891,521.681,-3.893,-37.504,11377.98,925.895,3372.123,274.41,-2.188,-11.48,6307.466,513.277,44.349,25.138,584.87,7187.251,618.75,19.009,-4.086,-158.052,45596.527,1.038,-5.854,-184.241,4420.097,359.69,36413.219,2963.163,58.132,80.45,-13.038,-110.793,738.95,744.814,60.61,9080.688,-6.06,-5.214,993.258,80.827,9.796,20.063,322.79,-14.832,-8.979,49.84,240.734,19.59,612.462,3.166,1.353,4.038,25.45,720.071,3183.492,259.06,8848.688,41.868,19.55,-33.88,-5.793,-0.165,-1.676,247.148,1193.595,97.13,3037.105,15.698,6.71,-2.694,-35.944,1298.318,303.16,24.67,15954.55,-6.742,-2.206,374.924,30.51,3.987,35.249,151.207,48.39,0.1,6.128,8.731,594.647,1.229,1858.123,7.821,0.016,4.105,7603.59,3710.465,6.269,27.126,472.924,1989.898,161.93,5811.583,26.171,12.84,15.764,11.884,90.198,435.632,35.45,1108.416,5.729,2.449,10.922,13.97,148.847,718.885,58.5,1829.13,9.455,4.041,DEU,81376078.0,3574741336064.0,12.905,0.159,792.579,-39.164,-4.709,787.677,-37.006,-4.487,9.679,0.22,0.212,9.74,0.222,0.214,344.722,4.236,904.752,11.118,0.253,1114.804,88134.203,87806.0,62701.984,78.944,6005.087,-88.69,17997.402,235.985,45327.605,1.038,2.478,0.03,151.986,1.868,10.362,10.929,-4.902,-0.06,76.622,0.942,40.656,0.5,271.602,3.338,0.109,8.885,3710.465,0.859,2.236,1.928,2.295,3.257,5.937,3.879,8.925,0.488,2.96,-0.011,3.454,3.109,0.641,2.292,-0.091,2.34,2.909,3.15,0.004,0.039,0.046,0.002,889.393,843.203,112.173,14.153,4.559653163739697e-05,9.739705076472108e-06,1.0379674083175594e-09,2.2171646155318079e-10,3868.517,3761.916,3710.585,831.743,814.09,804.514,1.1060922924446962e-09,1.0803194756850413e-09,1.0700381155796308e-09,2.3781322961611106e-10,2.337844018740544e-10,2.3200132715392078e-10
Germany,2015,DEU,82077498.0,3628073746432.0,-6.254,-2.053,374.989,30.778,613.201,50.33,7.874,0.821,503.591,-1.171,-10.839,11148.681,915.056,3316.378,272.2,-2.994,-15.367,6066.333,497.909,42.586,24.398,590.89,7199.172,639.17,19.417,1.897,70.395,46064.512,1.042,0.606,17.971,4376.839,359.24,36320.969,2981.134,56.204,79.486,4.139,30.586,769.536,748.926,61.47,9375.726,-6.907,-5.583,916.747,75.244,9.617,20.518,321.88,-3.114,-1.797,48.043,231.245,18.98,585.337,2.969,1.281,6.449,49.313,769.384,3410.557,279.93,9373.87,43.796,20.514,-48.28,-8.171,-5.501,-14.777,232.37,1118.333,91.79,2831.11,14.361,6.196,-0.137,-1.776,1296.542,311.535,25.57,15796.562,-0.051,-0.016,371.529,30.494,4.001,34.57,157.686,50.46,0.13,4.285,6.479,614.785,1.584,1921.183,7.895,0.02,4.204,7787.396,3780.86,12.408,64.09,537.013,2292.224,188.14,6542.761,29.435,14.318,7.414,6.196,96.395,463.952,38.08,1174.438,5.958,2.57,37.826,55.264,204.111,982.242,80.62,2486.813,12.613,5.442,DEU,82077546.0,3628073746432.0,12.626,0.154,800.844,8.266,1.043,794.87,7.193,0.913,9.684,0.219,0.21,9.757,0.221,0.212,341.117,4.156,895.02,10.905,0.247,1127.43,88935.047,88600.867,63043.102,81.317,6162.197,-94.664,18276.264,244.742,46066.906,1.042,2.374,0.029,157.11,1.914,10.364,10.899,-5.974,-0.073,75.533,0.92,39.768,0.485,278.861,3.398,0.107,8.757,3780.86,0.87,2.262,1.942,2.326,3.16,5.851,3.845,8.79,0.491,2.94,-0.012,3.429,3.101,0.618,2.322,-0.108,2.357,2.884,3.118,0.004,0.04,0.046,0.002,894.566,850.634,94.175,11.759,4.606451332129976e-05,9.757163061380884e-06,1.0421122237987186e-09,2.2073531465218523e-10,3710.465,3868.517,3761.916,792.579,831.743,814.09,1.0379674083175594e-09,1.1060922924446962e-09,1.0803194756850413e-09,2.2171646155318079e-10,2.3781322961611106e-10,2.337844018740544e-10
Germany,2016,DEU,82760053.0,3708980035584.0,0.235,0.072,372.772,30.851,615.393,50.93,7.939,0.81,498.301,-2.745,-25.121,10753.196,889.935,3162.758,261.75,-7.418,-36.937,5569.985,460.972,40.802,23.354,591.0,7141.126,641.52,19.063,1.603,60.591,46416.73,1.036,2.668,79.527,4443.69,367.76,36982.348,3060.661,57.326,80.318,10.306,79.311,848.847,974.141,80.62,10256.729,-7.993,-6.014,836.52,69.23,12.567,22.276,319.67,8.268,3.58,51.623,248.308,20.55,623.768,3.203,1.355,-1.959,-19.387,749.997,3307.876,273.76,9062.311,42.674,19.682,-50.52,-8.548,-7.792,-19.721,212.649,1022.595,84.63,2569.466,13.192,5.58,1.954,25.336,1321.879,306.791,25.39,15972.423,-2.805,-0.855,358.131,29.639,3.958,34.689,159.698,51.1,0.17,1.276,2.013,617.448,2.054,1929.656,7.965,0.026,4.191,7751.566,3841.451,0.487,0.335,537.348,2285.281,189.13,6492.844,29.482,14.101,-1.366,-2.033,94.362,453.842,37.56,1140.185,5.855,2.476,-0.868,-3.297,200.814,965.683,79.92,2426.461,12.458,5.27,DEU,82760100.0,3708980035584.0,12.663,0.153,798.014,-2.831,-0.353,794.372,-0.498,-0.063,9.598,0.214,0.207,9.642,0.215,0.208,329.436,3.981,906.516,10.954,0.244,1140.093,89733.062,89395.25,63372.539,83.661,6331.366,-98.306,18551.965,253.441,46658.379,1.036,2.344,0.028,169.169,2.044,10.224,10.763,-3.641,-0.044,73.409,0.887,39.219,0.474,275.703,3.331,0.105,8.699,3841.451,0.85,2.253,1.995,2.298,3.067,5.769,3.813,8.663,0.494,2.924,-0.012,3.405,3.093,0.627,2.433,-0.083,2.305,2.895,3.089,0.004,0.04,0.046,0.002,890.756,846.174,108.503,13.597,4.6416729578459235e-05,9.642496807036125e-06,1.0357162786386208e-09,2.151572648932709e-10,3780.86,3710.465,3868.517,800.844,792.579,831.743,1.0421122237987186e-09,1.0379674083175594e-09,1.1060922924446962e-09,2.2073531465218523e-10,2.2171646155318079e-10,2.3781322961611106e-10
Germany,2017,DEU,83103956.0,3808389496832.0,1.729,0.534,377.649,31.384,612.727,50.92,7.901,0.802,469.711,-6.068,-54.005,10058.844,835.93,2903.111,241.26,-0.548,-2.528,5516.518,458.444,37.436,21.349,592.0,7123.608,644.46,18.704,2.814,108.105,47525.484,1.037,2.012,61.582,4241.194,352.46,37570.328,3122.243,54.691,79.739,3.362,28.537,877.385,1035.33,86.04,10557.678,-7.899,-5.469,767.251,63.762,13.351,22.408,302.71,-1.927,-1.248,50.375,242.467,20.15,606.169,3.127,1.287,6.165,43.334,793.332,3513.671,292.0,9546.255,45.309,20.261,-52.46,-8.861,-9.819,-21.838,190.811,918.368,76.32,2296.052,11.842,4.873,6.585,87.05,1408.928,302.753,25.16,16953.807,-2.805,-0.855,358.131,29.639,3.904,35.983,159.626,51.08,0.16,-0.045,-0.072,614.652,1.925,1920.804,7.926,0.025,4.077,7754.866,3949.556,12.314,65.172,602.521,2595.303,215.68,7250.203,33.467,15.388,3.209,2.541,96.903,466.404,38.76,1166.04,6.014,2.475,32.242,63.418,264.232,1271.781,105.69,3179.542,16.4,6.748,DEU,83104012.0,3808389496832.0,13.408,0.161,784.594,-13.42,-1.682,780.026,-14.346,-1.806,9.386,0.205,0.201,9.441,0.206,0.202,312.692,3.763,896.81,10.791,0.235,1153.501,90517.656,90175.273,63685.23,85.928,6503.412,-102.873,18827.471,262.117,47057.949,1.021,2.267,0.027,172.045,2.07,10.016,10.534,-4.568,-0.055,72.975,0.878,37.98,0.457,275.505,3.315,0.104,8.676,3888.133,0.888,2.18,1.939,2.155,2.982,5.688,3.782,8.536,0.496,2.907,-0.013,3.38,3.085,0.585,2.414,-0.108,2.268,2.865,3.059,0.004,0.04,0.047,0.002,875.441,832.37,112.216,14.302,4.7525487234325555e-05,9.441108571268383e-06,1.037067244116031e-09,2.0601726810050883e-10,3841.451,3780.86,3710.465,798.014,800.844,792.579,1.0357162786386208e-09,1.0421122237987186e-09,1.0379674083175594e-09,2.151572648932709e-10,2.2073531465218523e-10,2.2171646155318079e-10
Germany,2018,DEU,83368456.0,3845758648320.0,4.25,1.334,392.449,32.718,609.223,50.79,8.033,0.859,454.545,-3.498,-29.24,9676.202,806.69,2736.767,228.16,-4.152,-19.037,5270.67,439.408,36.085,21.167,583.54,6999.53,632.28,18.966,-2.637,-104.142,46125.523,1.0,-3.846,-120.076,3998.515,333.35,36010.828,3002.167,52.722,78.776,-2.152,-18.878,858.507,978.308,81.56,10297.746,-13.086,-8.344,664.733,55.418,12.899,22.527,287.4,-12.194,-6.363,44.012,212.191,17.69,527.927,2.798,1.155,2.556,15.51,808.842,3585.649,298.93,9702.014,47.278,21.224,-48.74,-8.352,-0.419,-1.744,189.067,911.616,76.0,2267.844,12.02,4.961,-5.107,-71.958,1336.97,283.441,23.63,16036.881,-2.805,-0.855,358.131,29.639,3.737,35.082,159.286,50.97,0.18,-0.213,-0.34,611.382,2.159,1910.629,8.061,0.028,4.18,7584.164,3845.414,3.475,17.255,619.775,2674.033,222.93,7434.169,35.258,16.263,14.342,13.346,110.249,531.616,44.32,1322.428,7.01,2.893,4.029,9.277,273.51,1318.844,109.95,3280.737,17.389,7.177,DEU,83368506.0,3845758648320.0,13.228,0.159,760.046,-24.548,-3.129,751.76,-28.266,-3.624,9.017,0.195,0.198,9.117,0.198,0.201,296.871,3.561,886.542,10.634,0.231,1166.729,91277.703,90927.031,63982.102,87.935,6673.172,-111.16,19096.822,270.947,45691.598,0.985,2.007,0.024,169.76,2.036,9.672,10.138,-8.286,-0.099,70.091,0.841,36.811,0.442,269.351,3.231,0.106,8.83,3787.682,0.851,2.069,1.853,2.013,2.9,5.607,3.75,8.41,0.496,2.887,-0.014,3.354,3.079,0.493,2.272,-0.216,2.199,2.913,3.029,0.004,0.041,0.047,0.002,845.216,806.307,126.496,16.643,4.612552738172282e-05,9.11670409446933e-06,9.999103822284452e-10,1.9763226699939225e-10,3949.556,3841.451,3780.86,784.594,798.014,800.844,1.037067244116031e-09,1.0357162786386208e-09,1.0421122237987186e-09,2.0601726810050883e-10,2.151572648932709e-10,2.2073531465218523e-10
Germany,2019,DEU,83559127.0,3886392803328.0,-1.705,-0.558,384.879,32.16,599.934,50.13,8.354,0.866,392.491,-22.62,-182.472,7470.372,624.218,2051.84,171.45,-24.779,-108.88,3955.616,330.528,28.571,16.799,567.42,6790.641,600.09,18.657,-2.385,-91.71,44922.723,0.966,-4.466,-134.091,3396.996,283.85,34323.906,2868.076,47.301,77.188,3.998,34.323,892.83,1077.082,90.0,10685.013,-3.808,-2.11,637.963,53.308,14.998,24.029,235.53,11.519,4.827,48.839,236.12,19.73,584.486,3.288,1.314,5.048,38.791,847.632,3784.625,316.24,10144.104,52.699,22.812,-32.67,-5.758,-1.228,-3.247,185.82,898.406,75.07,2223.813,12.51,5.001,1.051,14.058,1351.028,268.074,22.4,16168.522,-2.805,-0.855,358.131,29.639,3.733,36.36,157.261,50.33,0.2,-1.271,-2.025,602.328,2.394,1882.036,8.387,0.033,4.232,7181.622,3753.704,6.914,42.037,661.812,2886.22,241.17,7920.29,40.189,17.811,2.033,1.684,111.933,541.174,45.22,1339.568,7.536,3.012,14.5,38.109,311.619,1506.598,125.89,3729.321,20.979,8.387,DEU,83559185.0,3886392803328.0,13.287,0.159,709.827,-50.22,-6.607,700.946,-50.814,-6.759,8.389,0.18,0.19,8.495,0.183,0.192,240.114,2.874,841.423,10.07,0.217,1180.015,91987.531,91627.977,64222.215,89.972,6845.935,-120.041,19369.934,279.462,44436.824,0.951,2.037,0.024,172.762,2.068,9.022,9.5,-8.881,-0.106,67.37,0.806,36.881,0.441,273.111,3.268,0.102,8.516,3694.84,0.819,1.913,1.714,1.634,2.819,5.524,3.716,8.281,0.495,2.867,-0.015,3.33,3.069,0.468,2.263,-0.235,2.2,2.79,2.998,0.004,0.041,0.047,0.002,793.775,753.911,131.596,18.539,4.492272878820234e-05,8.494900949548414e-06,9.658581080084401e-10,1.8264417312428125e-10,3845.414,3949.556,3841.451,760.046,784.594,798.014,9.999103822284452e-10,1.037067244116031e-09,1.0357162786386208e-09,1.9763226699939225e-10,2.0601726810050883e-10,2.151572648932709e-10
Germany,2020,DEU,83628661.0,3742720851968.0,22.111,7.111,469.588,39.271,609.002,50.93,8.986,1.135,355.659,-17.518,-109.351,6156.581,514.867,1609.496,134.6,-17.724,-58.583,3251.81,271.945,23.749,14.877,547.72,6549.429,566.75,19.119,-6.788,-254.789,41838.707,0.935,-9.027,-258.896,2999.928,250.88,31199.582,2609.179,44.266,75.39,-2.437,-21.755,871.075,1135.974,95.0,10415.986,-14.976,-7.983,541.97,45.324,16.762,25.169,201.57,-7.141,-3.6,45.24,223.847,18.72,540.957,3.303,1.307,1.818,4.116,851.749,3777.054,315.87,10184.89,55.734,24.61,-19.03,-3.474,-14.238,-26.851,158.969,769.832,64.38,1900.89,11.36,4.593,-9.459,-127.79,1223.238,254.458,21.28,14627.015,-2.805,-0.855,358.131,29.639,3.755,35.344,159.879,51.16,0.23,1.665,2.618,611.752,2.75,1911.774,9.027,0.041,4.62,6776.983,3498.915,6.228,30.967,692.78,3007.223,251.49,8283.999,44.374,20.017,9.454,10.279,122.212,591.902,49.5,1461.369,8.734,3.531,4.931,14.559,326.178,1579.722,132.11,3900.311,23.31,9.425,DEU,83628711.0,3742720851968.0,13.357,0.16,648.357,-61.47,-8.66,640.43,-60.516,-8.634,7.658,0.171,0.186,7.753,0.173,0.188,198.53,2.374,770.922,9.218,0.206,1193.373,92635.891,92268.406,64420.746,91.794,7016.898,-127.968,19625.578,287.502,41328.738,0.92,1.821,0.022,170.963,2.044,8.263,8.726,-7.927,-0.095,65.473,0.783,35.781,0.428,255.645,3.057,0.096,8.039,3443.882,0.815,1.846,1.661,1.392,2.743,5.448,3.684,8.157,0.494,2.848,-0.016,3.311,3.059,0.454,2.26,-0.231,2.332,2.725,2.969,0.004,0.041,0.047,0.002,729.728,691.065,122.566,18.904,4.183870646930432e-05,7.752803938350696e-06,9.34858659886483e-10,1.732314606522366e-10,3753.704,3845.414,3949.556,709.827,760.046,784.594,9.658581080084401e-10,9.999103822284452e-10,1.037067244116031e-09,1.8264417312428125e-10,1.9763226699939225e-10,2.0601726810050883e-10
Germany,2021,DEU,83697031.0,3841041629184.0,-11.16,-4.383,416.839,34.888,586.64,49.1,8.483,0.979,394.848,20.795,107.068,7430.783,621.935,1967.214,164.65,17.794,48.389,3827.296,320.333,28.445,17.452,560.25,6693.786,578.83,18.759,2.846,99.577,42994.266,0.937,5.361,139.888,3311.946,277.2,32845.453,2749.067,47.89,77.14,5.316,46.305,917.38,1079.011,90.31,10960.727,0.097,0.044,542.052,45.368,15.602,25.742,228.55,7.289,3.178,48.417,234.895,19.66,578.483,3.397,1.359,-4.727,-37.061,814.688,3603.832,301.63,9733.773,52.11,22.86,-18.58,-3.316,7.375,11.303,170.272,825.955,69.13,2034.386,11.943,4.778,-1.102,-13.486,1209.752,265.72,22.24,14453.942,-2.805,-0.855,358.131,29.639,3.842,33.946,157.202,49.34,0.24,-1.675,-2.678,589.507,2.867,1878.221,8.524,0.041,4.411,6915.777,3598.492,-7.41,-48.364,644.416,2777.876,232.5,7699.388,40.167,18.082,-0.315,-0.685,121.527,589.507,49.34,1451.988,8.524,3.41,-13.213,-43.796,282.382,1363.967,114.16,3373.856,19.723,7.924,DEU,83697082.0,3841041629184.0,13.64,0.163,678.777,30.42,4.692,670.231,29.801,4.653,8.008,0.174,0.189,8.11,0.177,0.191,232.149,2.774,828.381,9.897,0.216,1207.013,93314.664,92938.641,64652.895,93.665,7198.013,-136.514,19867.162,295.917,42496.609,0.923,1.872,0.022,181.116,2.164,8.631,9.069,-8.547,-0.102,64.893,0.775,34.883,0.417,241.585,2.886,0.101,8.415,3544.581,0.804,1.835,1.653,1.534,2.671,5.371,3.652,8.032,0.493,2.831,-0.017,3.288,3.05,0.462,2.286,-0.241,2.095,2.792,2.94,0.004,0.041,0.048,0.002,759.036,722.425,149.604,22.04,4.2994261050908214e-05,8.109924310144909e-06,9.368531631260846e-10,1.7671690794567125e-10,3498.915,3753.704,3845.414,648.357,709.827,760.046,9.34858659886483e-10,9.658581080084401e-10,9.999103822284452e-10,1.732314606522366e-10,1.8264417312428125e-10,1.9763226699939225e-10
Germany,2022,DEU,84086176.0,3909612732416.0,0.152,0.053,415.539,34.941,577.978,48.6,8.573,1.022,420.107,3.188,19.826,7632.174,641.76,2139.828,179.93,3.437,11.011,3940.529,331.344,31.74,18.764,539.62,6417.464,566.88,19.147,-3.975,-143.042,41094.148,0.884,-3.984,-109.516,3337.409,280.63,31391.016,2639.55,49.504,77.177,-17.612,-161.567,755.813,940.107,79.05,8988.55,-6.162,-2.795,506.299,42.573,13.945,22.099,238.15,-10.343,-5.115,43.303,209.547,17.62,514.979,3.108,1.266,-4.045,-34.128,780.56,3404.246,286.25,9282.862,50.496,22.823,-27.26,-5.052,-49.792,-84.991,85.281,412.791,34.71,1014.206,6.123,2.494,2.664,32.225,1241.977,257.474,21.65,14770.291,-2.805,-0.855,358.131,29.639,3.819,36.314,162.196,48.81,0.21,3.177,4.994,580.476,2.497,1928.921,8.61,0.037,4.742,6741.655,3455.45,7.719,50.864,695.28,2991.455,251.54,8268.656,44.373,20.329,22.221,26.64,148.167,717.121,60.3,1762.086,10.637,4.332,8.87,24.291,306.673,1484.311,124.81,3647.13,22.017,8.967,DEU,84086228.0,3909612732416.0,12.538,0.149,671.472,-7.306,-1.076,662.833,-7.397,-1.104,7.883,0.17,0.194,7.986,0.172,0.197,240.64,2.862,832.702,9.903,0.213,1219.551,93986.133,93601.469,64893.535,95.5,7358.789,-145.153,20114.604,304.159,40938.07,0.873,1.835,0.022,160.776,1.912,8.487,8.895,-8.638,-0.103,63.261,0.752,33.978,0.404,247.44,2.943,0.098,8.242,3413.0,0.783,1.8,1.623,1.585,2.606,5.296,3.62,7.913,0.493,2.807,-0.018,3.265,3.041,0.455,2.037,-0.244,2.078,2.734,2.911,0.004,0.042,0.048,0.002,747.968,713.675,161.23,24.012,4.10941508387771e-05,7.985516962420909e-06,8.838343428108942e-10,1.7174898025898705e-10,3598.492,3498.915,3753.704,678.777,648.357,709.827,9.368531631260846e-10,9.34858659886483e-10,9.658581080084401e-10,1.7671690794567125e-10,1.732314606522366e-10,1.8264417312428125e-10
Germany,2023,DEU,84548184.0,3909612732416.0,3.122,1.091,426.172,36.032,543.004,45.91,9.243,1.148,371.311,-24.049,-154.338,5765.029,487.423,1478.092,124.97,-23.198,-76.864,3009.883,254.48,25.16,15.525,505.92,5983.807,496.7,18.473,-8.004,-276.564,37598.512,0.884,-9.799,-258.645,2658.72,224.79,28160.34,2380.906,45.257,75.836,-3.684,-27.842,727.971,919.357,77.73,8610.13,-10.597,-4.512,450.172,38.061,15.649,23.187,184.43,12.887,5.223,48.525,235.25,19.89,573.937,4.004,1.546,-1.833,-21.94,758.62,3216.036,271.91,8972.638,54.743,24.164,9.22,1.822,-79.211,-67.682,17.599,85.395,7.22,208.155,1.454,0.561,-6.157,-76.465,1165.512,261.271,22.09,13785.182,-2.805,-0.855,358.131,29.639,4.447,37.124,154.91,46.1,0.19,-4.492,-7.286,545.251,2.247,1832.21,9.281,0.038,4.934,5874.757,3178.886,7.441,45.741,741.021,3130.641,264.69,8764.482,53.29,23.603,5.918,7.621,155.788,724.084,61.22,1842.592,12.325,4.962,13.578,39.093,345.766,1626.055,137.48,4089.572,27.679,11.013,DEU,84548234.0,3909612732416.0,10.604,0.125,596.151,-75.32,-11.217,587.501,-75.332,-11.365,6.949,0.17,0.185,7.051,0.172,0.188,188.477,2.229,832.702,9.903,0.213,1230.155,94582.289,94188.969,65082.012,97.319,7514.251,-153.803,20346.225,312.327,38052.27,0.873,1.819,0.022,155.461,1.839,7.539,7.932,-8.65,-0.102,61.377,0.726,33.367,0.395,231.622,2.74,0.097,8.168,3169.55,0.676,1.577,1.419,1.224,2.543,5.219,3.585,7.79,0.492,2.782,-0.019,3.238,3.031,0.443,1.968,-0.239,1.897,2.712,2.881,0.004,0.042,0.048,0.002,670.626,637.367,161.23,24.012,3.75985130561759e-05,7.051016583031088e-06,8.130948555704039e-10,1.524833892260219e-10,3455.45,3598.492,3498.915,671.472,678.777,648.357,8.838343428108942e-10,9.368531631260846e-10,9.34858659886483e-10,1.7174898025898705e-10,1.7671690794567125e-10,1.732314606522366e-10
Germany,2024,DEU,84552190.0,3909612732416.0,-15.141,-5.456,361.627,30.576,542.978,45.91,9.627,0.968,344.14,-10.091,-49.187,5183.015,438.235,1234.149,104.35,-10.106,-25.718,2705.573,228.762,21.882,13.88,502.32,5940.946,476.87,17.629,0.521,16.555,37792.531,0.884,0.823,19.587,2400.056,202.93,28390.656,2400.492,42.555,76.032,7.931,57.739,785.71,936.108,79.15,9292.599,-3.832,-1.459,432.9,36.603,16.598,24.886,164.11,11.649,5.653,54.178,276.87,23.41,640.765,4.909,1.716,-1.187,-1.899,756.721,3239.892,273.94,8949.753,57.445,23.968,25.45,5.066,-100.0,-17.599,0.0,0.0,0.0,0.0,0.0,0.0,0.947,11.035,1176.547,229.799,19.43,13915.043,-2.805,-0.855,358.131,29.639,4.074,37.265,152.472,46.1,0.19,-1.574,-2.438,545.225,2.247,1803.284,9.667,0.04,4.829,5639.948,3195.441,1.105,15.7,756.721,3239.892,273.94,8949.753,57.445,23.968,16.065,25.027,180.815,839.6,70.99,2138.497,14.887,5.727,-2.049,-7.085,338.68,1578.197,133.44,4005.579,27.982,10.727,DEU,84548234.0,3909612732416.0,10.604,0.125,596.151,-75.32,-11.217,587.501,-75.332,-11.365,6.949,0.17,0.185,7.051,0.172,0.188,188.477,2.229,832.702,9.903,0.213,1230.155,94582.289,94188.969,65082.012,97.319,7514.251,-153.803,20346.225,312.327,38052.27,0.873,1.819,0.022,155.461,1.839,7.539,7.932,-8.65,-0.102,61.377,0.726,33.367,0.395,231.622,2.74,0.097,8.168,3169.55,0.676,1.577,1.419,1.224,2.543,5.219,3.585,7.79,0.492,2.782,-0.019,3.238,3.031,0.443,1.968,-0.239,1.897,2.712,2.881,0.004,0.042,0.048,0.002,670.626,637.367,161.23,24.012,3.7792527904953875e-05,7.051016583031088e-06,8.173292903170315e-10,1.524833892260219e-10,3178.886,3455.45,3598.492,596.151,671.472,678.777,8.130948555704039e-10,8.838343428108942e-10,9.368531631260846e-10,1.524833892260219e-10,1.7174898025898705e-10,1.7671690794567125e-10
India,1993,IND,922118324.0,1944353767424.0,54.242,0.0,0.0,0.0,1.597,1.69,0.296,0.0,740.037,3.572,51.369,1615.438,1489.625,274.134,252.784,3.317,46.271,1563.106,1441.369,69.796,57.224,572.69,541.334,362.176,14.689,2.487,63.476,2837.215,1.346,2.645,61.549,308.93,284.87,2590.057,2388.339,78.655,91.747,1.61,2.324,146.671,19.388,17.878,159.059,1.61,2.324,159.059,146.671,4.936,5.634,422.85,0.959,1.866,196.479,76.707,70.732,213.074,19.53,7.548,0.827,1.807,214.827,83.836,77.306,232.971,21.345,8.253,1.3,0.227,-2.761,-0.491,17.297,6.753,6.227,18.758,1.719,0.664,1.056,7.856,752.043,15.408,14.208,815.56,-4.492,-15.247,351.567,324.186,3.923,28.89,0.788,0.252,8.82,111.111,0.415,0.273,7.895,0.854,0.07,0.233,0.03,392.765,2616.248,1.154,2.298,197.53,77.083,71.079,214.213,19.626,7.588,500.0,0.0,0.0,0.0,0.0,0.0,0.0,0.0,7.121,0.018,0.263,0.103,0.095,0.285,0.026,0.01,IND,922118380.0,1944353767424.0,26.602,0.029,677.299,21.852,3.334,809.758,-14.471,-1.756,0.878,0.416,0.31,0.735,0.348,0.259,433.121,0.47,651.711,0.707,0.335,396.295,12953.536,49396.855,9250.259,102.332,204.964,39136.434,2999.687,402.403,2824.25,1.346,3.701,0.004,26.996,0.029,1.002,1.787,132.458,0.144,700.166,0.759,160.094,0.174,186.879,0.203,0.076,24.39,2616.248,4.817,2.976,2.92,5.089,2.857,1.476,3.206,1.995,1.146,0.225,5.858,1.008,5.859999999999999,1.583,0.671,2.663,2.027,8.248,4.015,0.023,0.015,0.041,0.004,1648.045,923.905,-25.588,-3.778,2.837215064386897e-06,7.345033074820603e-07,1.345561720214201e-09,3.4834144451877577e-10,2552.772,2427.663,2300.701,655.447,615.365,577.996,1.378601421923037e-09,1.3727293511499484e-09,1.313940759367412e-09,3.539682220720021e-10,3.4795999163408926e-10,3.3009613294005896e-10
India,1994,IND,941163717.0,2055026769920.0,54.242,0.0,0.0,0.0,1.597,1.69,0.296,0.0,740.037,3.2,47.662,1633.39,1537.287,281.151,264.609,1.715,24.726,1557.747,1466.095,68.204,56.056,572.69,541.334,387.967,14.98,5.385,140.873,2929.481,1.342,4.848,115.784,321.132,302.238,2660.667,2504.123,77.903,91.312,8.112,11.898,158.569,23.25,21.882,168.482,8.112,11.898,168.482,158.569,5.64,5.782,422.85,13.402,26.332,222.811,85.227,80.212,236.74,20.675,8.125,10.895,23.441,238.268,91.088,85.729,253.163,22.097,8.688,1.3,0.227,-20.582,-3.56,13.737,5.254,4.945,14.596,1.275,0.501,7.476,56.224,808.267,16.731,15.747,858.795,16.154,52.37,400.096,376.556,4.059,29.473,1.188,0.38,8.82,50.877,0.401,0.404,7.895,1.263,0.098,0.233,0.043,412.22,2757.121,13.653,27.001,224.531,85.834,80.784,238.568,20.822,8.187,500.0,0.0,0.0,0.0,0.0,0.0,0.0,0.0,101.836,0.268,0.531,0.203,0.191,0.565,0.049,0.019,IND,941163775.0,2055026769920.0,28.54,0.03,714.064,36.764,5.428,832.008,22.25,2.748,0.884,0.405,0.302,0.759,0.347,0.259,455.72,0.484,683.17,0.726,0.332,424.835,13667.601,50228.863,9705.979,104.183,233.961,39254.375,3198.642,402.403,2916.78,1.342,1.852,0.002,28.997,0.031,1.027,1.791,117.944,0.125,707.689,0.752,165.886,0.176,198.955,0.211,0.076,24.39,2757.121,4.842,3.106,2.881,5.324,2.938,1.518,3.2,2.055,1.127,0.246,5.824,1.043,5.859999999999999,0.588,0.714,2.003,2.151,8.248,4.032,0.023,0.016,0.042,0.004,1685.871,966.196,-30.893,-4.326,2.9294807589782993e-06,7.587032341953442e-07,1.3416472429248851e-09,3.4747187260621315e-10,2616.248,2552.772,2427.663,677.299,655.447,615.365,1.345561720214201e-09,1.378601421923037e-09,1.3727293511499484e-09,3.4834144451877577e-10,3.539682220720021e-10,3.4795999163408926e-10
India,1995,IND,960300991.0,2189535739904.0,54.242,0.0,0.0,0.0,1.597,1.69,0.296,0.0,740.037,6.136,94.326,1699.065,1631.613,308.541,296.292,5.58,81.808,1611.894,1547.903,69.365,55.329,572.69,541.334,427.149,15.264,7.471,205.997,3085.614,1.353,8.371,209.62,356.713,342.552,2825.93,2713.743,80.195,92.025,14.006,22.209,180.778,30.651,29.434,188.252,14.006,22.209,188.252,180.778,6.891,6.13,422.85,-5.35,-11.92,210.891,79.059,75.921,219.61,17.774,7.151,-1.321,-3.081,235.187,88.094,84.597,244.909,19.805,7.975,1.3,0.227,53.977,7.415,21.152,7.929,7.615,22.026,1.783,0.717,11.517,93.085,901.352,17.522,16.826,938.614,13.185,49.648,443.824,426.205,3.939,30.565,1.762,0.564,8.82,48.256,0.573,0.587,7.895,1.835,0.132,0.233,0.06,444.807,2963.118,-4.706,-10.496,214.035,80.165,76.982,222.883,18.022,7.258,500.0,0.003,0.003,0.001,0.001,0.003,0.0,0.0,159.551,0.848,1.379,0.517,0.496,1.436,0.116,0.047,IND,960301048.0,2189535739904.0,31.104,0.032,760.462,46.398,6.498,846.72,14.713,1.768,0.882,0.387,0.286,0.792,0.347,0.257,471.723,0.491,719.237,0.749,0.328,455.939,14428.062,51075.582,10177.702,106.487,273.011,39340.633,3414.923,402.403,3072.884,1.353,2.303,0.002,39.051,0.041,1.065,1.796,86.259,0.09,718.587,0.748,169.379,0.176,216.281,0.225,0.076,24.39,2963.118,4.989,3.232,2.923,5.358,3.022,1.562,3.195,2.116,1.113,0.275,5.791,1.08,5.859999999999999,0.706,0.926,1.588,2.316,8.248,4.05,0.023,0.016,0.043,0.004,1725.007,1022.633,-41.225,-5.421,3.085613810430814e-06,7.918995835564257e-07,1.3533088069756366e-09,3.4731655032648264e-10,2757.121,2616.248,2552.772,714.064,677.299,655.447,1.3416472429248851e-09,1.345561720214201e-09,1.378601421923037e-09,3.4747187260621315e-10,3.4834144451877577e-10,3.539682220720021e-10
India,1996,IND,979678413.0,2345228828672.0,54.242,0.0,0.0,0.0,1.597,1.69,0.296,0.0,740.037,2.873,46.869,1713.3,1678.483,318.711,312.234,7.174,111.051,1693.366,1658.954,70.449,54.7,572.69,541.334,443.205,15.139,4.0,118.513,3145.554,1.314,4.968,134.818,371.659,364.106,2907.649,2848.561,82.153,92.831,9.149,16.539,197.317,32.688,32.024,201.41,9.149,16.539,201.41,197.317,7.226,6.43,422.85,-9.04,-19.065,191.826,70.49,69.058,195.806,15.581,6.251,-6.498,-15.204,219.983,80.74,79.099,224.546,17.847,7.169,1.3,0.227,10.331,2.185,23.337,8.576,8.401,23.821,1.896,0.761,7.923,71.41,972.761,20.26,19.848,992.939,-5.04,-21.481,413.119,404.724,4.478,31.701,2.363,0.756,8.82,34.118,0.601,0.772,7.895,2.412,0.171,0.233,0.077,452.399,3081.631,-8.163,-17.389,196.646,72.165,70.698,200.725,15.952,6.408,500.0,0.014,0.017,0.006,0.006,0.017,0.001,0.001,76.925,1.061,2.44,0.897,0.878,2.491,0.198,0.08,IND,979678464.0,2345228828672.0,34.079,0.035,823.621,63.159,8.305,986.75,140.03,16.538,1.007,0.421,0.32,0.841,0.351,0.267,504.498,0.515,768.374,0.784,0.328,490.018,15251.683,52062.332,10682.2,108.623,312.758,39503.762,3658.083,402.403,3134.029,1.314,2.136,0.002,39.747,0.041,1.114,1.858,163.13,0.167,727.114,0.742,174.295,0.178,243.16,0.248,0.076,24.39,3081.631,5.355,3.395,3.26,5.59,3.117,1.609,3.196,2.18,1.095,0.302,5.764,1.123,5.859999999999999,0.61,0.902,2.713,2.528,8.248,4.069,0.024,0.016,0.044,0.004,1820.73,1091.757,-55.247,-6.708,3.1455536419990473e-06,8.407054255711384e-07,1.3140001360741382e-09,3.51190037377453e-10,2963.118,2757.121,2616.248,760.462,714.064,677.299,1.3533088069756366e-09,1.3416472429248851e-09,1.345561720214201e-09,3.4731655032648264e-10,3.4747187260621315e-10,3.4834144451877577e-10
India,1997,IND,999133716.0,2426804895744.0,54.242,0.0,0.0,0.0,1.597,1.69,0.296,0.0,740.037,4.58,76.88,1756.885,1755.363,326.109,325.827,3.312,54.951,1715.391,1713.906,69.45,54.202,572.69,541.334,469.154,15.173,5.529,170.378,3254.829,1.34,5.658,161.184,387.23,386.895,3012.354,3009.745,82.467,92.934,8.722,17.209,214.526,40.214,40.179,214.712,8.722,17.209,214.712,214.526,8.564,6.624,422.85,1.67,3.204,195.031,70.272,70.211,195.2,14.965,6.022,3.994,8.854,228.837,82.33,82.259,229.035,17.533,7.066,1.3,0.227,19.884,4.64,27.977,10.081,10.072,28.002,2.147,0.864,6.897,67.094,1039.856,20.907,20.889,1040.757,2.256,9.13,414.212,413.854,4.452,32.108,3.068,0.982,8.82,29.825,0.705,0.983,7.895,3.07,0.209,0.233,0.095,469.56,3252.01,2.106,4.213,200.86,72.249,72.187,201.034,15.387,6.202,0.0,0.0,0.017,0.006,0.006,0.017,0.001,0.001,12.48,0.305,2.744,0.989,0.988,2.747,0.211,0.085,IND,999133765.0,2426804895744.0,37.418,0.037,858.011,34.391,4.176,960.65,-26.101,-2.645,0.961,0.396,0.295,0.859,0.354,0.264,527.722,0.528,804.072,0.805,0.331,527.436,16109.694,53022.98,11209.922,111.268,358.782,39606.402,3902.286,402.403,3244.433,1.34,2.645,0.003,46.024,0.046,1.137,1.849,102.638,0.103,737.115,0.738,178.869,0.179,244.202,0.244,0.076,24.39,3252.01,5.649,3.516,3.02,5.878,3.219,1.656,3.193,2.246,1.083,0.332,5.717,1.163,5.859999999999999,0.75,1.041,1.386,2.501,8.248,4.087,0.024,0.017,0.045,0.004,1847.006,1135.653,-53.939,-6.286,3.2548296068111037e-06,8.587548835365394e-07,1.3400376790500137e-09,3.535558221036778e-10,3081.631,2963.118,2757.121,823.621,760.462,714.064,1.3140001360741382e-09,1.3533088069756366e-09,1.3416472429248851e-09,3.51190037377453e-10,3.4731655032648264e-10,3.4747187260621315e-10
India,1998,IND,1018665024.0,2567853047808.0,54.242,0.0,0.0,0.0,1.597,1.69,0.296,0.0,740.037,3.321,58.297,1780.427,1813.659,330.319,336.484,-0.61,-10.459,1672.234,1703.446,66.62,52.822,572.69,541.334,505.078,15.493,6.073,197.487,3386.291,1.343,5.079,152.851,400.227,407.697,3104.647,3162.595,80.72,92.109,9.744,20.902,235.429,49.256,50.175,231.115,9.744,20.902,231.115,235.429,9.934,6.857,422.85,19.116,37.283,232.313,82.1,83.633,228.056,16.558,6.766,18.385,42.116,270.953,95.597,97.381,265.988,19.28,7.891,1.3,0.227,12.9,3.609,31.586,11.163,11.371,31.008,2.251,0.92,7.083,73.652,1113.507,20.653,21.038,1093.105,-2.501,-10.351,396.109,403.503,4.165,32.43,4.039,1.293,8.82,31.667,0.971,1.269,7.895,3.965,0.256,0.233,0.118,495.824,3449.497,19.15,38.507,239.366,84.434,86.01,234.98,17.029,6.971,0.0,0.0,0.017,0.006,0.006,0.017,0.001,0.0,9.211,0.253,2.997,1.059,1.079,2.942,0.214,0.087,IND,1018665073.0,2567853047808.0,39.026,0.038,875.772,17.761,2.07,971.869,11.219,1.168,0.954,0.378,0.282,0.86,0.341,0.254,524.125,0.515,819.726,0.805,0.319,566.463,16985.465,53994.852,11734.048,113.401,406.377,39702.5,4165.178,402.403,3377.11,1.343,2.133,0.002,47.595,0.047,1.134,1.837,96.096,0.094,742.405,0.729,182.526,0.179,262.892,0.258,0.076,24.39,3449.497,5.912,3.603,3.192,6.0,3.324,1.704,3.193,2.311,1.069,0.361,5.68,1.206,5.859999999999999,0.634,1.065,1.564,2.66,8.248,4.108,0.025,0.017,0.046,0.004,1871.34,1155.027,-56.047,-6.4,3.386291782606641e-06,8.597251669980436e-07,1.343338943380969e-09,3.410522267804953e-10,3252.01,3081.631,2963.118,858.011,823.621,760.462,1.3400376790500137e-09,1.3140001360741382e-09,1.3533088069756366e-09,3.535558221036778e-10,3.51190037377453e-10,3.4731655032648264e-10
India,1999,IND,1038225772.0,2710352953344.0,54.242,0.0,0.0,0.0,1.597,1.69,0.296,0.0,740.037,-0.937,-16.985,1730.523,1796.674,351.981,365.436,-2.186,-37.242,1604.857,1666.204,66.763,50.89,572.69,541.334,547.362,16.313,2.808,96.866,3415.792,1.308,2.996,94.765,432.706,449.247,3137.43,3257.36,82.075,92.264,2.466,5.805,241.234,56.836,59.009,232.352,2.466,5.805,232.352,241.234,10.781,6.833,422.85,-1.654,-3.842,228.471,79.221,82.249,220.059,15.027,6.471,0.754,2.176,273.128,94.503,98.115,263.072,17.925,7.736,1.3,0.227,11.932,3.769,35.355,12.259,12.728,34.053,2.325,1.001,9.515,105.945,1219.453,23.889,24.802,1174.555,-0.233,-0.942,387.739,402.561,4.531,34.541,5.269,1.686,8.82,30.448,1.23,1.624,7.895,5.075,0.308,0.233,0.149,527.209,3546.363,-0.724,-1.593,237.773,82.244,85.388,229.019,15.6,6.735,0.0,0.0,0.017,0.006,0.006,0.016,0.001,0.0,34.013,1.019,4.017,1.393,1.446,3.869,0.264,0.114,IND,1038225821.0,2710352953344.0,44.592,0.043,960.763,84.991,9.705,1044.341,72.472,7.457,1.006,0.385,0.294,0.925,0.354,0.271,560.528,0.54,915.86,0.882,0.338,611.055,17946.229,55039.191,12294.575,115.449,458.996,39786.074,4466.153,402.403,3408.325,1.308,2.048,0.002,52.619,0.051,1.2,1.888,83.578,0.081,748.887,0.721,185.849,0.179,300.976,0.29,0.076,24.39,3546.363,6.438,3.866,3.384,6.325,3.445,1.756,3.196,2.38,1.055,0.392,5.644,1.256,5.859999999999999,0.621,1.141,1.392,2.97,8.248,4.132,0.025,0.018,0.047,0.004,1959.661,1246.294,-44.903,-4.674,3.415791724345672e-06,9.253892366832197e-07,1.3084506191802589e-09,3.544789245307046e-10,3449.497,3252.01,3081.631,875.772,858.011,823.621,1.343338943380969e-09,1.3400376790500137e-09,1.3140001360741382e-09,3.410522267804953e-10,3.535558221036778e-10,3.51190037377453e-10
India,2000,IND,1057922676.0,2804478640128.0,54.242,0.614,0.581,0.614,1.597,1.69,0.296,0.017,740.037,6.372,114.492,1806.527,1911.166,368.864,390.23,6.301,104.987,1674.217,1771.192,68.295,51.51,572.69,541.334,571.39,16.146,5.049,179.038,3521.43,1.328,5.678,184.943,449.324,475.35,3253.832,3442.303,83.192,92.778,5.137,12.393,253.627,52.896,55.96,239.741,5.137,12.393,239.741,253.627,9.794,6.836,422.85,-6.394,-14.609,213.862,72.775,76.99,202.153,13.474,5.764,-1.496,-5.168,267.961,90.782,96.04,253.289,16.808,7.222,1.3,0.227,23.889,8.446,43.801,14.907,15.77,41.403,2.76,1.181,4.761,58.057,1277.51,27.563,29.16,1207.564,-1.3,-5.233,375.573,397.327,5.103,34.432,5.269,1.686,8.82,0.0,0.0,1.594,7.895,4.981,0.295,0.233,0.142,540.106,3725.401,-5.279,-13.614,224.159,75.875,80.27,211.886,14.048,6.042,16.667,0.003,0.02,0.009,0.01,0.019,0.002,0.001,9.405,0.378,4.394,1.493,1.58,4.154,0.277,0.118,IND,1057922728.0,2804478640128.0,45.957,0.043,986.445,25.682,2.673,1178.326,133.986,12.83,1.114,0.42,0.316,0.932,0.352,0.265,572.876,0.542,915.858,0.866,0.327,657.012,18932.674,56217.52,12867.451,117.423,511.787,39977.957,4779.001,402.403,3515.744,1.328,1.973,0.002,52.791,0.05,1.207,1.906,191.882,0.181,751.86,0.711,182.498,0.173,312.847,0.296,0.076,24.39,3725.401,6.348,3.867,3.825,6.225,3.559,1.808,3.207,2.447,1.04,0.42,5.629,1.307,5.859999999999999,0.569,1.111,3.622,3.046,8.248,4.154,0.026,0.018,0.048,0.004,2015.877,1276.71,-70.587,-7.156,3.52143033183268e-06,9.324357761600138e-07,1.328375601331008e-09,3.517391738647642e-10,3546.363,3449.497,3252.01,960.763,875.772,858.011,1.3084506191802589e-09,1.343338943380969e-09,1.3400376790500137e-09,3.544789245307046e-10,3.410522267804953e-10,3.535558221036778e-10
India,2001,IND,1077898527.0,2940745547776.0,54.242,0.333,0.879,0.947,1.92,2.07,0.353,0.025,747.394,0.826,15.787,1787.694,1926.953,378.783,408.29,1.274,22.565,1664.124,1793.757,69.663,51.707,587.38,544.931,586.09,16.471,0.415,15.472,3470.525,1.272,0.582,20.023,455.525,491.01,3212.108,3462.326,83.777,92.907,0.256,0.651,254.277,51.888,55.93,235.901,0.256,0.651,235.901,254.277,9.543,6.823,438.04,-6.452,-14.904,198.958,66.815,72.02,184.58,12.288,5.339,-0.646,-3.62,264.34,88.209,95.08,245.237,16.223,7.093,1.29,0.22,19.787,8.377,52.178,17.525,18.89,48.407,3.223,1.4,0.281,3.586,1281.096,24.854,26.79,1188.512,0.038,0.151,368.753,397.478,4.571,34.376,6.466,2.069,8.82,22.72,1.197,1.92,7.895,5.999,0.353,0.233,0.174,543.734,3740.874,-4.629,-11.997,212.162,70.684,76.19,196.829,13.0,5.693,57.143,0.011,0.031,0.009,0.01,0.028,0.002,0.001,31.795,1.365,5.76,1.939,2.09,5.343,0.357,0.155,IND,1077898572.0,2940745547776.0,46.74,0.043,1000.527,14.082,1.428,1142.87,-35.457,-3.009,1.06,0.389,0.306,0.928,0.34,0.267,582.081,0.54,922.813,0.856,0.314,703.752,19933.201,57360.387,13449.531,119.28,564.915,40120.301,5095.723,402.403,3467.075,1.272,1.857,0.002,53.128,0.049,1.201,1.871,142.343,0.132,757.557,0.703,185.242,0.172,316.721,0.294,0.076,24.39,3740.874,6.171,3.892,3.751,6.288,3.662,1.858,3.216,2.514,1.026,0.446,5.611,1.355,5.859999999999999,0.553,1.108,2.987,3.061,8.248,4.174,0.026,0.019,0.049,0.004,2017.087,1294.194,-77.713,-7.767,3.4705251990756236e-06,9.282199884016538e-07,1.2720835377372632e-09,3.402290282328811e-10,3725.401,3546.363,3449.497,986.445,960.763,875.772,1.328375601331008e-09,1.3084506191802589e-09,1.343338943380969e-09,3.517391738647642e-10,3.544789245307046e-10,3.410522267804953e-10
India,2002,IND,1097600334.0,3024984473600.0,5.697,0.054,0.912,1.001,1.95,2.14,0.351,0.026,755.757,4.455,85.837,1833.809,2012.79,388.757,426.7,4.433,79.514,1706.697,1873.271,69.992,52.188,610.99,556.66,609.64,16.496,3.473,129.935,3526.61,1.28,4.051,140.25,471.492,517.51,3282.23,3602.576,84.888,93.408,4.431,11.267,265.544,57.289,62.88,241.932,4.431,11.267,241.932,265.544,10.314,6.885,460.74,-4.829,-11.164,187.794,62.445,68.54,171.095,11.243,4.869,-3.007,-10.089,254.252,83.938,92.13,231.643,15.112,6.592,1.35,0.221,2.457,0.842,53.021,17.629,19.35,48.306,3.174,1.375,3.368,43.146,1324.242,25.446,27.93,1206.489,3.116,12.386,373.419,409.864,4.581,34.335,6.687,2.14,8.82,3.419,0.221,1.95,7.895,6.093,0.351,0.233,0.173,555.43,3870.809,-4.345,-10.931,201.231,66.308,72.78,183.337,11.938,5.218,18.182,0.005,0.036,0.009,0.01,0.033,0.002,0.001,0.0,-0.047,5.712,1.904,2.09,5.204,0.343,0.148,IND,1097600381.0,3024984473600.0,49.111,0.045,1032.14,31.613,3.16,1117.956,-24.914,-2.18,1.019,0.37,0.289,0.94,0.341,0.267,598.597,0.545,937.986,0.855,0.31,752.863,20965.34,58478.344,14048.129,120.882,622.524,40206.113,5420.942,402.403,3524.322,1.28,1.602,0.001,57.609,0.052,1.213,1.84,85.816,0.078,753.157,0.686,178.845,0.163,325.22,0.296,0.076,24.39,3870.808,6.254,3.928,3.56,6.183,3.764,1.907,3.222,2.579,1.012,0.473,5.583,1.403,5.859999999999999,0.494,1.167,1.673,3.148,8.248,4.19,0.026,0.019,0.05,0.004,2019.948,1331.206,-94.154,-9.122,3.5266106251020846e-06,9.403604607531557e-07,1.2796128488532021e-09,3.412050570863466e-10,3740.874,3725.401,3546.363,1000.527,986.445,960.763,1.2720835377372632e-09,1.328375601331008e-09,1.3084506191802589e-09,3.402290282328811e-10,3.517391738647642e-10,3.544789245307046e-10
India,2003,IND,1116802952.0,3251114344448.0,4.833,0.048,0.94,1.05,2.427,2.71,0.425,0.026,757.996,4.729,95.194,1887.516,2107.984,395.298,441.47,4.349,81.462,1750.294,1954.734,69.182,52.767,639.82,572.903,638.13,16.645,3.563,137.901,3589.451,1.233,3.813,137.37,488.322,545.36,3348.797,3739.946,85.462,93.619,7.052,18.725,284.269,65.186,72.8,254.538,7.052,18.725,254.538,284.269,11.408,7.116,483.7,1.096,1.024,188.818,62.052,69.3,169.07,10.86,4.727,0.734,0.666,254.917,83.067,92.77,228.256,14.538,6.381,1.69,0.264,-6.257,-3.588,49.432,16.243,18.14,44.262,2.843,1.237,1.771,23.451,1347.694,27.838,31.09,1206.743,0.414,1.698,368.518,411.562,4.872,33.736,8.477,2.713,8.82,26.76,1.789,2.429,7.895,7.59,0.425,0.233,0.212,571.39,4008.71,2.568,4.254,205.485,66.825,74.63,183.994,11.695,5.144,23.077,0.008,0.044,0.018,0.02,0.039,0.003,0.001,24.915,1.384,7.097,2.328,2.6,6.354,0.407,0.178,IND,1116802997.0,3251114344448.0,50.88,0.046,1067.737,35.597,3.449,1175.458,57.502,5.143,1.053,0.362,0.293,0.956,0.328,0.266,625.89,0.56,989.343,0.886,0.304,803.743,22033.076,59653.801,14674.019,122.669,681.089,40313.836,5751.557,402.403,3587.485,1.233,1.787,0.002,58.565,0.052,1.231,1.867,107.721,0.096,766.618,0.686,184.999,0.166,330.615,0.296,0.076,24.39,4008.71,5.892,3.859,3.483,5.95,3.852,1.955,3.227,2.643,0.998,0.498,5.551,1.449,5.859999999999999,0.519,1.144,1.773,3.118,8.248,4.203,0.027,0.02,0.051,0.004,2085.137,1374.788,-78.394,-7.342,3.5894514720086417e-06,9.560656649992848e-07,1.2330264565581223e-09,3.2842185382479646e-10,3870.809,3740.874,3725.401,1032.14,1000.527,986.445,1.2796128488532021e-09,1.2720835377372632e-09,1.328375601331008e-09,3.412050570863466e-10,3.402290282328811e-10,3.517391738647642e-10
India,2004,IND,1135991467.0,3495022821376.0,5.674,0.06,0.976,1.109,2.914,3.31,0.474,0.026,723.794,6.43,135.545,1974.952,2243.529,407.582,463.01,7.993,156.238,1858.264,2110.972,66.303,51.777,700.02,616.219,698.32,16.996,8.58,343.941,3831.588,1.245,6.34,237.13,499.88,567.86,3500.974,3977.076,81.318,91.784,7.888,22.422,306.691,67.412,76.58,269.977,-1.017,-2.891,247.693,281.378,10.966,7.078,505.44,45.226,83.908,272.726,88.592,100.64,240.078,14.412,6.294,40.224,101.09,356.008,114.842,130.46,313.389,18.682,8.216,1.7,0.243,17.167,8.172,57.604,18.715,21.26,50.708,3.044,1.329,5.874,79.163,1426.856,24.886,28.27,1256.045,2.676,11.014,371.989,422.576,4.048,32.929,10.357,3.314,8.82,22.187,1.881,2.918,7.895,9.117,0.475,0.233,0.239,614.723,4352.651,45.751,92.918,298.403,96.127,109.2,262.681,15.638,6.887,12.5,0.005,0.049,0.018,0.02,0.043,0.003,0.001,100.632,7.064,14.161,4.604,5.23,12.466,0.749,0.327,IND,1135991510.0,3495022821376.0,55.545,0.049,1133.828,66.091,6.19,1204.298,28.841,2.454,1.06,0.345,0.277,0.998,0.324,0.26,669.968,0.59,1043.524,0.919,0.299,859.288,23166.904,60858.098,15343.986,124.434,739.405,40384.309,6099.792,402.403,3830.667,1.245,1.765,0.002,58.316,0.051,1.276,1.904,70.471,0.062,778.156,0.685,191.667,0.169,348.234,0.307,0.076,24.39,4352.651,6.154,3.96,3.538,6.162,3.947,2.005,3.233,2.71,0.985,0.521,5.52,1.495,5.859999999999999,0.515,1.104,1.304,3.166,8.248,4.216,0.027,0.02,0.052,0.004,2162.884,1449.554,-90.303,-7.964,3.831587759628829e-06,9.980954875270142e-07,1.2453855732725514e-09,3.244121878304671e-10,4008.71,3870.809,3740.874,1067.737,1032.14,1000.527,1.2330264565581223e-09,1.2796128488532021e-09,1.2720835377372632e-09,3.2842185382479646e-10,3.412050570863466e-10,3.402290282328811e-10
India,2005,IND,1154676277.0,3752627535872.0,5.369,0.06,1.012,1.169,3.499,4.04,0.573,0.025,734.032,9.475,212.585,2127.101,2456.113,414.385,478.48,4.557,96.188,1911.496,2207.16,67.916,53.522,706.07,611.487,704.52,16.1,5.876,255.766,3991.09,1.228,6.85,272.422,501.716,579.32,3680.25,4249.498,82.229,92.603,11.922,36.565,343.256,65.36,75.47,297.275,1.331,3.744,246.928,285.121,10.712,7.48,517.14,-3.196,-10.845,261.882,84.37,97.42,226.801,13.828,5.707,-3.952,-16.54,339.467,108.429,125.2,293.993,17.771,7.397,1.55,0.22,-16.602,-9.951,47.653,15.355,17.73,41.27,2.517,1.038,1.631,23.272,1450.128,21.972,25.37,1255.874,-3.881,-16.398,351.768,406.178,3.601,31.6,12.61,4.035,8.82,21.747,2.252,3.495,7.895,10.921,0.573,0.233,0.275,610.145,4608.417,-1.514,-6.589,291.814,93.074,107.47,252.724,15.254,6.359,0.0,-0.0,0.049,0.017,0.02,0.042,0.003,0.001,14.651,1.944,16.105,5.188,5.99,13.947,0.85,0.351,IND,1154676319.0,3752627535872.0,59.687,0.052,1194.592,60.765,5.359,1238.216,33.918,2.816,1.072,0.33,0.269,1.035,0.318,0.259,721.469,0.625,1103.955,0.956,0.294,918.974,24361.496,62096.312,16065.455,126.137,798.762,40427.93,6452.167,402.403,3991.22,1.228,1.704,0.001,59.357,0.051,1.314,1.943,43.624,0.038,796.301,0.69,199.959,0.173,352.376,0.305,0.076,24.39,4608.417,6.164,4.034,3.588,6.248,4.042,2.056,3.239,2.781,0.972,0.542,5.489,1.539,5.859999999999999,0.49,1.099,0.892,3.173,8.248,4.232,0.028,0.021,0.053,0.005,2243.356,1517.127,-90.638,-7.587,3.991090049908418e-06,1.0345687188203252e-06,1.2280507340383144e-09,3.1833481702638847e-10,4352.651,4008.71,3870.809,1133.828,1067.737,1032.14,1.2453855732725514e-09,1.2330264565581223e-09,1.2796128488532021e-09,3.244121878304671e-10,3.2842185382479646e-10,3.412050570863466e-10
India,2006,IND,1172878840.0,4069856116736.0,1.168,0.014,1.008,1.182,4.766,5.59,0.751,0.024,723.023,3.817,93.751,2174.022,2549.865,430.957,505.46,4.373,96.526,1964.129,2303.685,67.899,52.764,747.17,637.039,744.43,16.229,5.348,246.45,4139.274,1.193,4.499,191.178,510.914,599.24,3786.134,4440.676,80.496,91.891,4.52,15.516,358.772,63.689,74.7,305.89,-1.141,-3.253,240.322,281.868,10.035,7.424,538.24,15.6,39.234,301.116,96.02,112.62,256.732,15.128,6.231,15.83,52.419,391.887,123.789,145.19,334.124,19.504,8.109,2.74,0.367,-0.537,-0.509,47.144,15.031,17.63,40.195,2.368,0.976,5.649,81.911,1532.039,16.268,19.08,1306.221,3.207,13.026,357.414,419.203,2.563,31.702,17.459,5.587,8.82,38.459,4.85,4.763,7.895,14.886,0.751,0.233,0.361,634.703,4854.867,18.501,52.929,344.743,108.758,127.56,293.929,17.135,7.134,-60.4,-0.03,0.019,0.009,0.01,0.016,0.001,0.0,55.855,8.861,24.966,7.963,9.34,21.286,1.255,0.517,IND,1172878890.0,4069856116736.0,64.905,0.055,1292.485,97.892,8.195,1330.758,92.542,7.474,1.135,0.327,0.274,1.102,0.318,0.266,773.564,0.66,1179.13,1.005,0.29,983.88,25653.98,63427.07,16839.02,127.879,881.342,40466.203,6821.862,402.403,4141.057,1.193,1.741,0.001,82.58,0.07,1.383,2.015,38.273,0.033,808.801,0.69,209.289,0.178,369.694,0.315,0.076,24.39,4854.867,6.147,4.22,3.701,6.344,4.135,2.11,3.248,2.855,0.959,0.576,5.455,1.585,5.859999999999999,0.501,1.486,0.718,3.295,8.248,4.247,0.028,0.021,0.054,0.005,2363.338,1622.241,-113.355,-8.77,4.139274095864835e-06,1.1019765220601753e-06,1.1928841857666393e-09,3.1757510902782604e-10,4608.417,4352.651,4008.71,1194.592,1133.828,1067.737,1.2280507340383144e-09,1.2453855732725514e-09,1.2330264565581223e-09,3.1833481702638847e-10,3.244121878304671e-10,3.2842185382479646e-10
India,2007,IND,1190675980.0,4403214942208.0,0.0,0.0,0.993,1.182,6.215,7.4,0.929,0.023,717.869,9.428,240.408,2343.436,2790.272,447.872,533.27,6.21,143.07,2054.929,2446.755,66.972,53.199,801.2,672.895,796.26,16.0,8.529,414.093,4425.184,1.197,8.449,375.181,534.721,636.68,4044.641,4815.856,79.959,91.819,8.175,29.331,388.103,75.629,90.05,325.951,2.759,7.777,243.261,289.645,11.309,7.4,571.61,8.876,24.983,326.099,102.975,122.61,273.877,15.398,6.217,9.845,37.182,429.069,134.025,159.58,360.357,20.041,8.181,4.94,0.617,1.134,0.281,47.425,14.975,17.83,39.83,2.239,0.904,6.882,105.442,1637.482,11.221,13.36,1375.254,1.099,4.605,355.94,423.809,1.678,31.22,23.134,7.403,8.82,32.504,5.675,6.217,7.895,19.43,0.93,0.233,0.441,668.746,5268.96,11.038,36.901,381.644,119.05,141.75,320.527,17.802,7.276,719.444,0.138,0.157,0.05,0.06,0.132,0.008,0.003,25.12,6.105,31.071,9.81,11.68,26.095,1.467,0.592,IND,1190676028.0,4403214942208.0,68.333,0.057,1392.506,100.021,7.739,1484.246,153.488,11.534,1.247,0.337,0.282,1.17,0.316,0.264,842.477,0.708,1297.334,1.09,0.295,1052.213,27046.488,64911.32,17681.496,129.721,969.298,40557.945,7213.759,402.403,4428.845,1.197,1.842,0.002,87.956,0.074,1.455,2.113,91.74,0.077,826.853,0.694,219.158,0.184,391.897,0.329,0.076,24.39,5268.96,6.026,4.416,4.108,6.59,4.221,2.168,3.263,2.934,0.949,0.611,5.434,1.634,5.859999999999999,0.537,1.527,1.997,3.483,8.248,4.268,0.028,0.022,0.055,0.005,2515.728,1732.824,-95.172,-6.835,4.425183751502232e-06,1.1695087221492284e-06,1.1966165788304376e-09,3.1624756417221945e-10,4854.867,4608.417,4352.651,1292.485,1194.592,1133.828,1.1928841857666393e-09,1.2280507340383144e-09,1.2453855732725514e-09,3.1757510902782604e-10,3.1833481702638847e-10,3.244121878304671e-10
India,2008,IND,1207930907.0,4649547988992.0,40.0,0.473,1.37,1.655,7.699,9.3,1.123,0.03,733.079,8.26,230.49,2500.774,3020.762,474.464,573.12,8.205,200.758,2191.775,2647.512,69.183,54.401,834.25,690.644,828.41,15.643,5.837,307.569,4616.596,1.199,6.729,324.041,558.202,674.27,4255.125,5139.897,81.393,92.564,3.034,11.774,399.877,71.097,85.88,331.043,1.475,4.273,243.324,293.919,10.367,7.201,607.29,-6.071,-22.223,303.876,95.345,115.17,251.567,13.903,5.472,-3.094,-16.178,412.89,127.607,154.14,341.816,18.607,7.436,5.84,0.7,-14.587,-7.238,40.187,12.608,15.23,33.269,1.838,0.724,4.994,81.777,1719.259,12.641,15.27,1423.309,3.71,15.724,363.872,439.533,1.843,30.962,29.069,9.302,8.82,25.652,5.934,7.701,7.895,24.065,1.123,0.233,0.523,685.809,5576.529,-1.66,-8.94,372.704,114.998,138.91,308.547,16.768,6.712,6.78,0.009,0.166,0.05,0.06,0.138,0.007,0.003,23.072,6.866,37.937,11.905,14.38,31.407,1.736,0.683,IND,1207930962.0,4649547988992.0,73.245,0.061,1489.437,96.931,6.961,1639.077,154.831,10.432,1.357,0.353,0.294,1.233,0.32,0.267,910.795,0.754,1381.225,1.143,0.297,1125.458,28535.924,66550.398,18592.291,131.609,1059.575,40707.582,7626.992,402.403,4621.171,1.199,1.888,0.002,90.277,0.075,1.525,2.203,149.639,0.124,842.577,0.698,223.8,0.185,413.233,0.342,0.076,24.39,5576.529,6.375,4.644,4.435,6.899,4.316,2.23,3.285,3.019,0.94,0.644,5.418,1.684,5.859999999999999,0.564,1.523,3.066,3.689,8.248,4.29,0.029,0.023,0.056,0.005,2661.096,1842.31,-108.212,-7.265,4.616596005354134e-06,1.2330481185231832e-06,1.199370135162099e-09,3.2034017145888256e-10,5268.96,4854.867,4608.417,1392.506,1292.485,1194.592,1.1966165788304376e-09,1.1928841857666393e-09,1.2280507340383144e-09,3.1624756417221945e-10,3.1757510902782604e-10,3.1833481702638847e-10
India,2009,IND,1225524711.0,4993478819840.0,-47.715,-0.79,0.706,0.866,9.498,11.64,1.323,0.015,743.893,8.193,247.504,2666.83,3268.266,498.652,611.11,7.942,210.259,2331.875,2857.771,69.467,54.78,885.01,722.148,879.71,15.385,7.386,411.861,4886.388,1.199,8.293,426.239,594.488,728.56,4541.84,5566.137,82.818,93.296,22.808,91.204,491.081,85.164,104.37,400.711,22.993,67.581,294.975,361.499,11.864,8.231,654.41,-7.668,-24.774,279.102,86.771,106.34,227.741,12.088,4.678,-3.129,-12.891,399.999,123.335,151.15,326.39,17.182,6.704,5.3,0.599,10.41,3.95,44.137,13.725,16.82,36.015,1.912,0.74,5.091,87.532,1806.79,10.673,13.08,1474.299,0.537,2.361,360.575,441.893,1.487,30.284,32.991,10.557,8.82,13.493,3.922,8.614,7.895,26.92,1.2,0.233,0.553,717.823,5988.39,-4.596,-16.842,355.862,109.61,134.33,290.375,15.27,5.965,19.048,0.031,0.197,0.065,0.08,0.161,0.009,0.003,13.164,4.769,42.706,13.276,16.27,34.847,1.849,0.716,IND,1225524760.0,4993478819840.0,81.268,0.066,1612.216,122.779,8.243,1694.797,55.72,3.399,1.383,0.339,0.283,1.316,0.323,0.269,983.947,0.803,1525.167,1.245,0.305,1206.726,30148.141,68245.195,19576.238,133.488,1172.038,40790.164,8059.651,402.403,4896.744,1.2,1.879,0.002,112.463,0.092,1.617,2.258,82.581,0.067,846.518,0.691,229.679,0.187,432.66,0.353,0.076,24.39,5991.853,6.875,5.111,4.603,7.543,4.427,2.3,3.308,3.113,0.931,0.688,5.391,1.738,5.859999999999999,0.569,1.944,1.566,3.949,8.248,4.315,0.029,0.024,0.058,0.005,2767.514,1981.971,-87.049,-5.399,4.88638861889093e-06,1.3155311525488874e-06,1.1992420947510656e-09,3.2286429124208406e-10,5576.529,5268.96,4854.867,1489.437,1392.506,1292.485,1.199370135162099e-09,1.1966165788304376e-09,1.1928841857666393e-09,3.2034017145888256e-10,3.1624756417221945e-10,3.1757510902782604e-10
India,2010,IND,1243481513.0,5361371185152.0,72.546,0.628,1.201,1.493,11.5,14.3,1.525,0.024,738.818,2.456,80.281,2692.88,3348.546,517.072,642.97,2.776,79.338,2362.005,2937.109,68.586,53.804,943.02,758.371,937.47,15.746,4.333,259.5,5024.514,1.165,3.96,220.442,620.661,771.78,4653.53,5786.579,82.326,92.977,20.065,98.535,589.616,94.919,118.03,474.166,31.201,112.792,381.423,474.292,12.59,9.474,692.62,2.263,4.085,283.188,87.448,108.74,227.738,11.599,4.55,10.061,37.062,437.061,133.247,165.69,351.482,17.674,7.023,5.55,0.589,37.261,15.973,60.11,18.561,23.08,48.34,2.462,0.966,2.304,41.626,1848.416,8.669,10.78,1486.485,8.547,37.769,385.741,479.662,1.15,29.7,41.308,13.219,8.82,25.21,8.317,10.63,7.895,33.22,1.41,0.233,0.664,753.907,6247.89,6.651,21.089,376.951,114.686,142.61,303.142,15.212,6.057,50.667,0.097,0.294,0.088,0.11,0.237,0.012,0.005,19.577,7.962,50.668,15.65,19.46,40.747,2.076,0.814,IND,1243481564.0,5361371185152.0,86.029,0.069,1677.337,65.121,4.039,1794.29,99.493,5.87,1.443,0.335,0.287,1.349,0.313,0.268,1015.983,0.817,1577.53,1.269,0.294,1292.755,31825.479,70039.484,20592.223,135.192,1306.159,40907.117,8499.151,402.403,5038.898,1.166,1.704,0.001,134.121,0.108,1.652,2.31,116.953,0.094,856.15,0.689,236.617,0.19,439.5,0.353,0.076,24.39,6251.326,6.811,5.029,4.619,7.281,4.533,2.368,3.332,3.203,0.921,0.739,5.368,1.789,5.859999999999999,0.499,2.154,2.131,3.881,8.248,4.344,0.03,0.024,0.059,0.005,2871.956,2053.94,-99.807,-5.95,5.024513782216556e-06,1.348903794443388e-06,1.1653530009828757e-09,3.1285597323410205e-10,5988.39,5576.529,5268.96,1612.216,1489.437,1392.506,1.1992420947510656e-09,1.199370135162099e-09,1.1966165788304376e-09,3.2286429124208406e-10,3.2034017145888256e-10,3.1624756417221945e-10
India,2011,IND,1261224903.0,5720693014528.0,113.681,1.698,2.53,3.191,13.59,17.14,1.658,0.049,721.296,3.892,130.318,2758.322,3478.864,556.007,701.25,-0.745,-21.892,2311.417,2915.217,67.819,53.049,1039.12,823.897,1034.0,16.606,5.428,339.12,5222.708,1.151,3.99,230.909,656.631,828.16,4771.146,6017.487,80.093,91.76,2.246,13.243,602.859,93.211,117.56,477.995,-9.479,-44.958,340.41,429.334,11.369,9.193,745.82,21.114,58.016,341.204,104.422,131.7,270.534,12.737,5.203,24.833,103.315,540.376,163.206,205.84,428.453,19.907,8.24,5.12,0.493,39.604,23.371,83.481,25.547,32.22,66.19,3.116,1.273,4.726,87.349,1935.765,7.413,9.35,1534.829,3.978,19.081,395.444,498.743,0.904,29.518,48.305,15.458,8.82,16.939,6.997,12.256,7.895,38.3,1.495,0.233,0.737,819.838,6587.01,22.449,79.944,456.895,137.66,173.62,362.263,16.791,6.967,631.858,1.848,2.142,0.658,0.83,1.699,0.08,0.033,23.108,11.385,62.053,18.989,23.95,49.2,2.316,0.946,IND,1261224952.0,5720693014528.0,91.314,0.072,1764.712,87.375,5.209,1862.74,68.45,3.815,1.477,0.326,0.283,1.399,0.308,0.268,1074.385,0.852,1629.816,1.292,0.285,1384.069,33590.191,71902.227,21666.607,137.84,1442.419,41005.145,8959.256,402.403,5241.937,1.152,2.648,0.002,136.26,0.108,1.705,2.354,98.028,0.078,867.948,0.688,244.344,0.194,460.104,0.365,0.076,24.39,6592.371,6.72,5.114,4.682,7.29,4.632,2.436,3.357,3.295,0.917,0.788,5.344,1.842,5.859999999999999,0.737,2.125,1.857,4.05,8.248,4.371,0.03,0.025,0.06,0.005,2968.743,2150.748,-134.897,-7.644,5.222708483103902e-06,1.3992047946732969e-06,1.151435671040544e-09,3.084787097504483e-10,6247.89,5988.39,5576.529,1677.337,1612.216,1489.437,1.1653530009828757e-09,1.1992420947510656e-09,1.199370135162099e-09,3.1285597323410205e-10,3.2286429124208406e-10,3.2034017145888256e-10
India,2012,IND,1278674446.0,6052427857920.0,-7.678,-0.245,2.304,2.946,15.594,19.94,1.826,0.043,741.208,8.881,308.954,2962.301,3787.818,615.583,787.13,1.749,50.994,2319.754,2966.211,72.092,54.809,1096.48,857.513,1091.84,16.549,5.325,350.758,5425.75,1.146,6.298,378.991,698.731,893.45,5002.43,6396.479,81.83,92.556,-7.608,-45.868,556.991,75.273,96.25,435.6,-13.196,-56.656,291.457,372.678,8.815,8.06,809.28,-12.094,-42.811,298.393,90.547,115.78,233.361,10.604,4.318,-4.556,-25.901,514.475,155.153,198.39,402.351,18.17,7.444,4.64,0.423,2.843,1.931,85.412,25.917,33.14,66.797,3.035,1.236,5.988,115.905,2051.67,7.875,10.07,1604.529,-0.78,-3.893,387.003,494.851,0.922,29.687,51.613,16.516,8.82,6.846,3.307,12.917,7.895,40.364,1.513,0.233,0.747,853.884,6937.768,-5.917,-27.831,429.064,129.235,165.25,335.554,15.135,6.208,153.809,3.267,5.41,1.642,2.1,4.231,0.192,0.078,14.53,8.65,70.703,21.452,27.43,55.294,2.512,1.023,IND,1278674506.0,6052427857920.0,100.237,0.078,1925.7,160.987,9.123,2085.191,222.451,11.942,1.631,0.345,0.3,1.506,0.318,0.277,1206.452,0.944,1791.212,1.401,0.296,1484.307,35515.891,73987.414,22873.059,141.432,1568.024,41164.637,9449.069,402.403,5452.142,1.148,3.592,0.003,125.605,0.098,1.815,2.465,159.491,0.125,870.109,0.68,244.454,0.191,489.814,0.383,0.076,24.39,6948.685,7.187,5.502,5.129,8.093,4.746,2.512,3.391,3.401,0.917,0.827,5.325,1.898,5.859999999999999,0.953,1.918,2.822,4.261,8.248,4.401,0.03,0.026,0.062,0.005,3151.704,2320.236,-134.488,-6.984,5.425750097456781e-06,1.5060126646491523e-06,1.14627851217119e-09,3.1816983947691255e-10,6587.01,6247.89,5988.39,1764.712,1677.337,1612.216,1.151435671040544e-09,1.1653530009828757e-09,1.1992420947510656e-09,3.084787097504483e-10,3.1285597323410205e-10,3.2286429124208406e-10
India,2013,IND,1295829456.0,6424470487040.0,16.383,0.483,2.646,3.429,17.348,22.48,1.961,0.048,736.664,5.859,221.911,3094.334,4009.729,654.384,847.97,0.267,7.906,2295.145,2974.117,73.985,56.22,1150.09,887.532,1146.14,16.879,3.247,225.293,5527.781,1.115,2.644,169.099,713.774,924.93,5066.699,6565.578,80.7,92.056,-11.993,-66.798,490.193,51.172,66.31,378.285,-16.649,-62.047,239.716,310.631,5.786,6.873,844.32,13.998,39.16,337.552,101.85,131.98,260.491,11.515,4.733,11.027,52.134,566.609,170.709,221.21,437.256,19.3,7.944,3.95,0.343,0.509,-0.224,85.187,25.706,33.31,65.74,2.906,1.194,0.682,13.986,2065.656,8.219,10.65,1594.08,-0.807,-3.993,378.798,490.858,0.929,28.962,54.915,17.573,8.82,6.399,3.303,13.561,7.895,42.379,1.533,0.233,0.77,884.484,7163.062,13.143,52.358,481.422,145.004,187.9,371.517,16.394,6.75,63.554,3.37,8.78,2.647,3.43,6.776,0.299,0.123,9.386,6.043,76.745,23.159,30.01,59.225,2.618,1.076,IND,1295829506.0,6424470487040.0,107.82,0.083,1995.098,69.398,3.604,2213.367,128.176,6.147,1.708,0.345,0.308,1.54,0.311,0.278,1276.383,0.985,1780.645,1.374,0.277,1592.126,37510.988,76200.781,24149.443,144.698,1678.713,41382.902,9946.01,402.403,5560.02,1.117,3.266,0.003,110.689,0.085,1.822,2.421,218.269,0.168,844.152,0.651,244.683,0.189,496.94,0.383,0.076,24.39,7178.72,7.412,5.652,5.476,8.508,4.864,2.589,3.428,3.513,0.916,0.856,5.318,1.952,5.859999999999999,0.848,1.68,4.266,4.292,8.248,4.427,0.031,0.027,0.063,0.005,3137.217,2361.039,-214.454,-10.749,5.527781427434997e-06,1.5396300136416236e-06,1.1149653523119066e-09,3.1054668303398467e-10,6937.768,6587.01,6247.89,1925.7,1764.712,1677.337,1.14627851217119e-09,1.151435671040544e-09,1.1653530009828757e-09,3.1816983947691255e-10,3.084787097504483e-10,3.1285597323410205e-10
India,2014,IND,1312277131.0,6875186200576.0,-12.718,-0.436,2.281,2.993,18.807,24.68,1.955,0.039,741.503,9.76,391.344,3353.768,4401.073,723.879,949.93,5.367,159.607,2388.004,3133.724,75.259,57.755,1262.79,962.289,1262.22,17.407,6.836,489.67,5831.643,1.113,6.793,446.006,781.458,1025.49,5343.066,7011.583,81.245,92.013,-1.056,-5.177,485.016,48.778,64.01,369.599,-5.498,-17.079,223.697,293.552,5.071,6.365,935.94,5.314,16.128,353.68,105.923,139.0,269.516,11.012,4.641,7.486,42.018,608.628,180.396,236.73,463.795,18.755,7.987,0.57,0.045,4.136,3.072,88.259,26.435,34.69,67.256,2.748,1.158,2.897,59.839,2125.494,8.801,11.55,1619.699,-1.337,-6.562,369.05,484.296,0.915,27.893,66.078,21.145,8.82,20.327,11.163,16.113,7.895,50.354,1.675,0.233,0.867,961.855,7652.732,8.085,38.947,520.369,153.961,202.04,396.539,16.007,6.829,42.994,3.711,12.491,3.742,4.91,9.519,0.389,0.164,11.489,8.382,85.127,25.49,33.45,64.87,2.65,1.117,IND,1312277184.0,6875186200576.0,115.825,0.088,2148.344,153.246,7.681,2242.132,28.765,1.3,1.709,0.326,0.293,1.637,0.312,0.28,1407.057,1.072,1956.705,1.491,0.285,1707.951,39659.332,78442.914,25556.498,148.227,1788.181,41476.695,10458.475,402.403,5862.708,1.115,3.529,0.003,109.467,0.083,1.924,2.474,93.789,0.071,852.537,0.65,248.335,0.189,512.465,0.391,0.076,24.39,7664.003,7.709,6.06,5.489,9.369,4.989,2.672,3.466,3.638,0.916,0.882,5.294,2.007,5.859999999999999,0.913,1.651,1.738,4.415,8.248,4.455,0.031,0.028,0.065,0.006,3246.826,2524.845,-191.639,-8.92,5.831643194275855e-06,1.63711144733276e-06,1.1130945078053097e-09,3.124779369350044e-10,7163.062,6937.768,6587.01,1995.098,1925.7,1764.712,1.1149653523119066e-09,1.14627851217119e-09,1.151435671040544e-09,3.1054668303398467e-10,3.1816983947691255e-10,3.084787097504483e-10
India,2015,IND,1328024445.0,7391521275904.0,20.01,0.599,2.704,3.592,23.057,30.62,2.316,0.046,745.783,2.031,89.397,3381.316,4490.47,757.93,1006.55,4.288,134.379,2460.876,3268.103,76.133,57.121,1322.19,995.607,1322.1,17.605,3.133,239.758,5943.03,1.068,3.608,252.994,813.675,1080.58,5470.213,7264.577,81.732,92.41,-1.432,-6.947,478.068,48.772,64.77,359.985,-4.13,-12.124,211.915,281.428,4.899,6.081,986.0,-3.972,-15.769,337.912,100.36,133.28,254.447,10.081,4.298,-1.107,-11.92,596.708,181.864,241.52,449.32,18.268,7.59,0.09,0.007,10.442,8.722,96.981,28.847,38.31,73.027,2.898,1.234,8.024,170.544,2296.039,6.973,9.26,1728.913,-1.126,-5.455,360.566,478.841,0.7,29.207,57.378,18.361,8.82,-13.166,-8.7,13.826,7.895,43.205,1.389,0.233,0.73,995.539,7892.49,-3.095,-20.642,499.727,153.017,203.21,376.293,15.37,6.357,44.481,5.465,17.956,4.947,6.57,13.521,0.497,0.228,-2.133,-2.237,82.89,24.653,32.74,62.416,2.476,1.054,IND,1328024492.0,7391521275904.0,117.508,0.088,2234.219,85.876,3.997,2367.592,125.46,5.596,1.783,0.32,0.299,1.682,0.302,0.282,1449.587,1.092,2093.845,1.577,0.283,1825.459,41893.551,80810.508,27006.086,152.365,1895.051,41610.066,11014.592,402.403,5994.315,1.073,4.137,0.003,106.871,0.08,1.971,2.504,133.373,0.1,860.389,0.648,251.789,0.19,556.117,0.419,0.076,24.39,7929.679,8.098,6.31,5.784,9.883,5.116,2.756,3.507,3.765,0.919,0.904,5.273,2.067,5.859999999999999,1.077,1.579,2.411,4.7,8.248,4.484,0.032,0.029,0.066,0.006,3325.531,2617.422,-140.375,-6.283,5.943030664620028e-06,1.6823627978692417e-06,1.0677761323273375e-09,3.022678169490556e-10,7652.732,7163.062,6937.768,2148.344,1995.098,1925.7,1.1130945078053097e-09,1.1149653523119066e-09,1.14627851217119e-09,3.124779369350044e-10,3.1054668303398467e-10,3.1816983947691255e-10
India,2016,IND,1343944244.0,8057466126336.0,111.333,3.999,5.648,7.59,18.468,24.82,1.771,0.092,749.147,2.165,97.222,3413.603,4587.692,798.843,1073.6,1.032,33.728,2456.822,3301.831,76.591,55.748,1400.65,1042.194,1401.74,17.826,4.693,370.367,6148.214,1.025,4.753,345.287,859.879,1155.63,5662.336,7609.864,82.443,92.473,6.242,29.841,507.91,54.035,72.62,377.925,-5.545,-15.605,197.793,265.823,5.181,6.172,1050.11,-3.686,-14.91,323.002,95.525,128.38,240.339,9.159,3.925,5.707,22.698,619.405,183.125,246.11,460.886,17.557,7.527,-1.09,-0.078,-1.07,-1.761,95.22,28.201,37.9,70.851,2.704,1.157,9.504,218.223,2514.262,7.002,9.41,1870.808,-1.427,-6.832,351.212,472.009,0.671,30.553,53.755,17.202,8.82,-6.314,-3.623,12.799,7.895,39.998,1.227,0.233,0.653,1043.005,8262.856,7.037,24.459,524.185,154.925,208.21,390.035,14.854,6.37,72.052,12.705,30.661,8.602,11.56,22.814,0.825,0.373,32.715,26.288,109.178,32.33,43.45,81.237,3.1,1.327,IND,1343944293.0,8057466126336.0,123.281,0.092,2354.658,120.439,5.391,2476.599,109.007,4.604,1.843,0.307,0.299,1.752,0.292,0.284,1499.401,1.116,2184.525,1.625,0.271,1948.741,44248.211,83287.102,28505.486,156.121,2008.674,41732.004,11629.188,402.403,6189.113,1.028,3.756,0.003,113.622,0.085,2.041,2.544,121.941,0.091,867.525,0.646,251.169,0.187,614.597,0.457,0.076,24.39,8284.972,8.272,6.648,6.219,10.459,5.242,2.845,3.553,3.897,0.921,0.928,5.259,2.134,5.859999999999999,1.004,1.634,2.767,5.138,8.248,4.517,0.032,0.03,0.068,0.006,3419.055,2743.025,-170.133,-7.225,6.148213392697855e-06,1.7520502987098128e-06,1.0254906282500747e-09,2.9223306224071484e-10,7892.49,7652.732,7163.062,2234.219,2148.344,1995.098,1.0677761323273375e-09,1.1130945078053097e-09,1.1149653523119066e-09,3.022678169490556e-10,3.124779369350044e-10,3.1054668303398467e-10
India,2017,IND,1359657354.0,8550029459456.0,-27.967,-2.123,4.021,5.467,18.321,24.91,1.693,0.064,739.8,3.258,149.464,3484.081,4737.157,820.236,1115.24,0.846,27.922,2448.965,3329.753,75.798,55.505,1469.74,1080.964,1471.33,18.077,3.737,308.814,6304.288,1.003,3.305,251.487,881.855,1199.02,5781.862,7861.352,81.492,92.111,5.53,28.089,535.999,55.154,74.99,394.216,4.18,11.11,203.679,276.933,5.097,6.28,1088.49,5.775,16.946,339.948,99.893,135.82,250.025,9.231,3.983,8.887,53.868,673.273,200.278,272.31,495.179,18.508,7.889,-1.59,-0.108,-1.275,-1.684,93.536,27.514,37.41,68.794,2.543,1.096,2.941,73.934,2588.196,6.465,8.79,1903.565,-0.365,-1.724,345.885,470.285,0.597,30.326,46.837,14.988,8.82,-12.87,-6.918,11.023,7.895,34.447,1.019,0.233,0.549,1082.133,8571.671,10.73,55.552,579.737,172.764,234.9,426.385,15.965,6.793,83.275,25.252,55.912,15.842,21.54,41.122,1.464,0.655,21.119,22.396,131.573,38.708,52.63,96.769,3.577,1.542,IND,1359657392.0,8550029459456.0,121.047,0.089,2426.607,71.949,3.056,2505.169,28.57,1.154,1.842,0.293,0.291,1.785,0.284,0.282,1551.256,1.141,2281.589,1.678,0.267,2069.788,46674.816,85792.273,30056.742,158.944,2127.596,41810.57,12261.747,402.403,6351.181,1.006,2.823,0.002,118.922,0.087,2.075,2.564,78.562,0.058,876.481,0.645,257.0,0.189,632.558,0.465,0.076,24.39,8600.742,8.019,6.742,6.229,10.689,5.351,2.933,3.598,4.029,0.917,0.951,5.241,2.201,5.859999999999999,0.729,1.668,1.857,5.206,8.248,4.549,0.032,0.031,0.069,0.006,3486.594,2821.828,-145.018,-5.976,6.304287602154207e-06,1.7847194552670062e-06,1.0025311656113729e-09,2.838127063195399e-10,8262.856,7892.49,7652.732,2354.658,2234.219,2148.344,1.0254906282500747e-09,1.0677761323273375e-09,1.1130945078053097e-09,2.9223306224071484e-10,3.022678169490556e-10,3.124779369350044e-10
India,2018,IND,1374659017.0,9173200797696.0,92.854,5.077,7.67,10.544,19.801,27.22,1.724,0.117,735.122,5.16,244.445,3623.882,4981.602,872.114,1198.86,6.775,225.592,2586.347,3555.345,75.917,55.213,1575.34,1145.986,1579.18,18.407,5.736,491.689,6593.17,0.988,5.148,404.725,928.608,1276.52,6013.183,8266.076,80.834,91.616,8.202,43.964,579.963,51.838,71.26,421.896,-0.729,-2.018,199.988,274.915,4.512,6.428,1160.89,2.9,8.118,348.066,101.662,139.75,253.202,8.85,3.858,13.703,83.178,756.452,220.171,302.66,550.283,19.166,8.384,-3.84,-0.244,4.373,3.605,97.141,28.407,39.05,70.666,2.473,1.077,4.494,116.316,2704.512,4.656,6.4,1967.406,-2.201,-10.349,334.582,459.936,0.405,29.975,57.51,18.403,8.82,22.789,10.674,13.388,7.895,41.836,1.165,0.233,0.637,1148.779,9063.36,15.212,79.573,659.31,191.764,263.61,479.617,16.693,7.307,67.455,37.25,93.162,26.428,36.33,67.771,2.301,1.033,14.596,18.455,150.028,43.873,60.31,109.138,3.819,1.663,IND,1374659068.0,9173200797696.0,138.965,0.101,2593.058,166.451,6.859,2697.3,192.131,7.669,1.962,0.294,0.297,1.886,0.283,0.285,1668.318,1.214,2431.88,1.769,0.265,2208.753,49267.875,88489.57,31725.061,161.434,2253.797,41914.809,12918.831,402.403,6638.485,0.991,2.49,0.002,126.201,0.092,2.183,2.679,104.242,0.076,891.333,0.648,264.434,0.192,657.084,0.478,0.076,24.39,9088.107,8.939,7.06,6.648,11.314,5.489,3.026,3.649,4.17,0.91,0.975,5.229,2.269,5.859999999999999,0.612,1.689,2.711,5.364,8.248,4.584,0.033,0.032,0.071,0.006,3682.077,3001.356,-161.178,-6.216,6.593169569992348e-06,1.8863280797126333e-06,9.880259028316935e-10,2.8267755794152996e-10,8571.671,8262.856,7892.49,2426.607,2354.658,2234.219,1.0025311656113729e-09,1.0254906282500747e-09,1.0677761323273375e-09,2.838127063195399e-10,2.9223306224071484e-10,3.022678169490556e-10
India,2019,IND,1389030252.0,9595463401472.0,23.248,2.451,9.356,12.996,22.685,31.51,1.943,0.141,714.876,0.149,7.422,3591.731,4989.023,863.019,1198.76,-1.588,-56.466,2518.936,3498.878,73.902,54.029,1618.96,1165.533,1622.1,18.571,2.408,218.234,6682.068,0.967,1.299,107.392,917.028,1273.78,6028.284,8373.468,78.527,90.681,2.161,12.536,592.498,51.799,71.95,426.555,-2.131,-5.86,193.7,269.055,4.436,6.417,1159.6,15.982,53.631,401.696,116.679,162.07,289.192,9.991,4.35,14.627,104.033,860.484,250.765,348.32,619.486,21.473,9.319,-3.14,-0.194,15.652,14.648,111.789,32.512,45.16,80.48,2.784,1.211,3.233,87.434,2791.946,2.21,3.07,2009.997,-5.209,-23.959,313.871,435.976,0.189,30.236,59.338,18.988,8.82,3.178,1.828,13.67,7.895,42.719,1.171,0.233,0.643,1167.793,9281.595,14.477,89.385,748.695,218.253,303.16,539.006,18.689,8.108,27.234,24.785,117.947,33.311,46.27,84.913,2.852,1.277,4.979,6.69,156.718,45.579,63.31,112.826,3.903,1.697,IND,1389030303.0,9595463401472.0,143.664,0.103,2612.888,19.83,0.765,2665.538,-31.761,-1.178,1.919,0.278,0.286,1.881,0.272,0.28,1661.94,1.196,2452.717,1.766,0.256,2352.417,51880.762,91155.109,33387.0,163.888,2382.473,41967.461,13594.984,402.403,6736.512,0.971,2.454,0.002,128.676,0.093,2.174,2.658,52.65,0.038,891.979,0.642,271.832,0.196,676.154,0.487,0.076,24.39,9317.351,8.851,7.042,6.519,11.31,5.62,3.116,3.697,4.305,0.902,0.998,5.211,2.337,5.859999999999999,0.564,1.686,1.39,5.448,8.248,4.618,0.033,0.033,0.073,0.006,3692.7,3020.205,-160.171,-6.13,6.6820682894673144e-06,1.881087831098238e-06,9.67289917293223e-10,2.723045141935686e-10,9063.36,8571.671,8262.856,2593.058,2426.607,2354.658,9.880259028316935e-10,1.0025311656113729e-09,1.0254906282500747e-09,2.8267755794152996e-10,2.838127063195399e-10,2.9223306224071484e-10
India,2020,IND,1402617645.0,8945313775616.0,-6.26,-0.813,8.685,12.182,23.428,32.86,2.077,0.139,702.429,-5.499,-274.352,3361.338,4714.672,815.461,1143.78,-0.051,-1.797,2493.253,3497.081,72.302,53.92,1581.83,1127.77,1581.94,19.225,-5.273,-489.375,6268.437,0.983,-6.178,-517.343,870.986,1221.66,5601.046,7856.125,77.225,89.847,1.874,11.103,603.601,53.322,74.79,430.339,-11.689,-31.449,169.402,237.606,4.728,6.903,1111.2,1.02,3.097,404.793,116.71,163.7,288.598,10.348,4.629,3.167,27.237,887.721,256.863,360.28,632.903,22.775,10.153,-0.11,-0.007,-1.217,-1.633,110.156,31.805,44.61,78.536,2.82,1.26,-9.101,-254.094,2537.853,2.203,3.09,1809.369,-6.239,-27.199,291.439,408.778,0.195,29.024,62.137,19.884,8.82,4.717,2.799,14.176,7.895,44.301,1.257,0.233,0.711,1127.848,8792.22,3.816,28.87,777.565,225.058,315.67,554.367,19.955,8.893,26.853,31.303,149.25,41.836,58.68,106.408,3.709,1.707,-4.56,-7.515,149.203,43.084,60.43,106.375,3.82,1.706,IND,1402617692.0,8945313775616.0,122.908,0.088,2421.552,-191.336,-7.323,2460.551,-204.988,-7.69,1.754,0.275,0.279,1.726,0.271,0.274,1561.799,1.113,2247.817,1.603,0.251,2475.325,54302.312,93615.664,34948.801,166.694,2510.467,42006.457,14201.029,402.403,6322.297,0.987,2.806,0.002,127.994,0.091,2.013,2.507,38.998,0.028,898.078,0.64,279.078,0.199,606.045,0.432,0.076,24.39,8828.374,7.502,6.894,6.38,10.947,5.69,3.194,3.738,4.425,0.897,1.019,5.194,2.396,5.859999999999999,0.7,1.692,1.134,5.529,8.248,4.65,0.033,0.034,0.074,0.006,3515.709,2822.871,-173.735,-7.175,6.268436755620591e-06,1.7264519147388585e-06,9.828855890965704e-10,2.707062111785168e-10,9281.595,9063.36,8571.671,2612.888,2593.058,2426.607,9.67289917293223e-10,9.880259028316935e-10,1.0025311656113729e-09,2.723045141935686e-10,2.8267755794152996e-10,2.838127063195399e-10
India,2021,IND,1414203840.0,9801620783104.0,61.522,7.495,13.914,19.677,25.102,35.5,2.094,0.207,709.881,13.535,638.12,3785.021,5352.792,887.821,1255.56,6.277,219.525,2628.055,3716.606,74.052,56.372,1695.48,1198.894,1695.51,18.921,8.562,752.749,6749.358,0.974,9.028,709.225,932.928,1319.35,6056.659,8565.351,77.814,90.204,3.334,20.126,623.727,42.71,60.4,441.045,20.11,47.782,201.801,285.388,3.562,6.569,1203.61,-2.059,-9.313,395.48,113.378,160.34,279.649,9.457,4.165,6.127,42.459,930.18,265.987,376.16,657.741,22.186,9.796,-0.03,-0.002,-1.558,-1.984,108.172,31.056,43.92,76.49,2.59,1.139,2.009,50.979,2588.831,2.397,3.39,1830.593,-3.269,-13.363,279.602,395.414,0.2,27.264,66.242,21.197,8.82,6.607,4.105,14.989,7.895,46.841,1.25,0.233,0.698,1198.915,9544.969,7.21,44.442,822.007,234.931,332.24,581.251,19.595,8.657,16.124,23.639,172.888,48.303,68.31,122.251,4.029,1.821,12.688,18.516,167.72,48.147,68.09,118.597,4.016,1.766,IND,1414203889.0,9801620783104.0,149.033,0.105,2674.222,252.67,10.434,2687.043,226.493,9.205,1.9,0.274,0.28,1.891,0.273,0.279,1767.297,1.25,2450.051,1.732,0.25,2624.359,56976.535,96302.703,36716.098,169.465,2643.659,42019.281,14822.958,402.403,6809.693,0.978,2.772,0.002,133.192,0.094,2.188,2.674,12.822,0.009,919.331,0.65,277.707,0.196,621.928,0.44,0.076,24.39,9585.078,8.786,7.229,6.627,11.677,5.807,3.28,3.784,4.562,0.893,1.04,5.173,2.453,5.859999999999999,0.684,1.681,0.361,5.394,8.248,4.686,0.034,0.036,0.076,0.006,3781.196,3093.932,-224.171,-8.383,6.749358706309264e-06,1.890973445060296e-06,9.738153731119229e-10,2.7283467287469587e-10,8792.22,9281.595,9063.36,2421.552,2612.888,2593.058,9.828855890965704e-10,9.67289917293223e-10,9.880259028316935e-10,2.707062111785168e-10,2.723045141935686e-10,2.8267755794152996e-10
India,2022,IND,1425423157.0,10476248367104.0,42.38,8.339,19.654,28.016,27.059,38.57,2.108,0.28,702.81,3.896,208.542,3901.532,5561.334,950.055,1354.23,12.478,463.769,2932.726,4180.375,74.03,55.589,1827.57,1282.125,1829.3,19.458,5.39,514.509,7057.187,0.96,4.472,383.023,985.244,1404.39,6277.696,8948.373,76.772,89.444,-6.608,-41.219,582.508,32.608,46.48,408.657,4.426,12.631,209.074,298.019,2.541,5.823,1285.65,9.044,34.708,430.188,122.728,174.94,301.797,9.563,4.3,14.712,125.857,1056.037,298.094,424.91,740.858,23.228,10.556,-1.73,-0.095,5.184,5.328,113.5,32.404,46.19,79.626,2.525,1.135,8.332,215.699,2804.53,2.582,3.68,1967.507,-2.872,-11.357,269.434,384.057,0.201,28.033,72.791,23.293,8.82,9.886,6.549,16.341,7.895,51.066,1.273,0.233,0.728,1283.338,10059.478,15.944,120.529,942.536,265.69,378.72,661.233,20.703,9.421,38.835,66.552,239.44,66.759,95.16,167.978,5.202,2.393,2.865,4.381,172.101,49.143,70.05,120.737,3.829,1.72,IND,1425423212.0,10476248367104.0,164.323,0.115,2831.166,156.944,5.869,2823.01,135.966,5.06,1.98,0.269,0.279,1.986,0.27,0.28,1855.854,1.302,2566.987,1.801,0.245,2788.681,59807.703,99125.711,38571.949,172.389,2767.667,42011.125,15507.016,402.403,7129.11,0.964,2.924,0.002,124.009,0.087,2.29,2.773,-8.156,-0.006,933.884,0.655,283.756,0.199,684.057,0.48,0.076,24.39,10103.183,10.263,7.592,6.913,12.221,5.959,3.37,3.833,4.703,0.889,1.056,5.149,2.517,5.859999999999999,0.725,1.571,-0.23,5.744,8.248,4.726,0.034,0.037,0.078,0.006,3953.229,3264.843,-264.18,-9.331,7.057187159195276e-06,1.98619327661124e-06,9.602175938847839e-10,2.70246170269313e-10,9544.969,8792.22,9281.595,2674.222,2421.552,2612.888,9.738153731119229e-10,9.828855890965704e-10,9.67289917293223e-10,2.7283467287469587e-10,2.707062111785168e-10,2.723045141935686e-10
India,2023,IND,1438069540.0,10476248367104.0,22.563,6.321,23.877,34.337,25.924,37.28,1.904,0.319,713.013,10.355,575.889,4267.682,6137.224,1023.094,1471.28,11.817,494.007,3250.456,4674.382,75.133,56.992,1956.55,1360.539,1958.24,19.272,7.638,768.382,7529.441,0.96,8.364,748.43,1062.584,1528.07,6742.931,9696.803,78.033,90.047,6.495,37.836,620.344,36.584,52.61,431.373,5.985,17.836,219.638,315.855,2.687,5.761,1396.25,-14.651,-65.716,364.473,103.729,149.17,253.446,7.618,3.385,2.983,15.733,1071.77,299.13,430.17,745.284,21.967,9.953,-1.69,-0.086,4.351,4.071,117.572,33.517,48.2,81.757,2.461,1.092,4.803,134.705,2939.235,2.907,4.18,2043.875,-1.425,-5.472,263.259,378.585,0.213,27.295,71.896,23.007,8.82,-1.23,-0.895,15.998,7.895,49.994,1.175,0.233,0.668,1361.714,10827.859,2.822,11.662,954.198,265.613,381.97,663.527,19.506,8.861,19.162,43.793,283.233,78.863,113.41,196.954,5.791,2.63,17.219,28.158,200.259,57.097,82.11,139.256,4.193,1.86,IND,1438069597.0,10476248367104.0,177.226,0.123,3062.324,231.158,8.165,3037.99,214.98,7.615,2.113,0.269,0.28,2.129,0.27,0.283,2032.012,1.413,2566.987,1.801,0.245,2965.908,62870.027,102163.703,40603.965,175.257,2900.087,41986.789,16224.814,402.403,7586.2,0.964,2.868,0.002,132.42,0.092,2.431,2.918,-24.334,-0.017,940.655,0.654,288.717,0.201,717.799,0.499,0.076,24.39,10837.855,11.293,8.103,7.335,13.194,6.132,3.469,3.889,4.86,0.885,1.074,5.124,2.582,5.859999999999999,0.698,1.676,-0.671,5.879,8.248,4.771,0.035,0.038,0.08,0.007,4196.449,3495.332,-264.18,-9.331,7.529440474763128e-06,2.1294685642394524e-06,1.0335626476745318e-09,2.9231113015761127e-10,10059.478,9544.969,8792.22,2831.166,2674.222,2421.552,9.602175938847839e-10,9.738153731119229e-10,9.828855890965704e-10,2.70246170269313e-10,2.7283467287469587e-10,2.707062111785168e-10
India,2024,IND,1450935728.0,10476248367104.0,38.713,13.293,32.827,47.63,24.694,35.83,1.741,0.422,708.322,3.953,242.603,4397.042,6379.826,1057.304,1534.08,7.29,340.767,3456.493,5015.149,74.559,56.578,2054.47,1415.962,2057.54,19.372,4.693,508.197,7812.928,0.96,4.275,414.585,1099.58,1595.42,6968.874,10111.388,77.54,89.67,13.295,82.474,702.818,39.368,57.12,484.39,2.432,7.682,222.985,323.537,2.776,6.233,1457.4,4.747,17.303,381.776,107.662,156.21,263.124,7.592,3.386,10.193,93.024,1164.794,318.498,462.12,802.788,22.46,10.33,-3.07,-0.149,13.483,15.853,133.425,37.7,54.7,91.958,2.659,1.183,3.045,89.509,3028.744,2.908,4.22,2087.442,1.025,3.881,263.599,382.465,0.205,26.86,69.53,22.249,8.82,-3.291,-2.366,15.335,7.895,47.921,1.081,0.233,0.617,1418.078,11336.057,9.801,77.172,1031.37,280.798,407.42,710.831,19.801,9.146,17.764,50.313,333.546,92.223,133.81,229.883,6.503,2.958,-0.685,-1.371,198.888,56.219,81.57,137.076,3.964,1.764,IND,1438069597.0,10476248367104.0,177.226,0.123,3062.324,231.158,8.165,3037.99,214.98,7.615,2.113,0.269,0.28,2.129,0.27,0.283,2032.012,1.413,2566.987,1.801,0.245,2965.908,62870.027,102163.703,40603.965,175.257,2900.087,41986.789,16224.814,402.403,7586.2,0.964,2.868,0.002,132.42,0.092,2.431,2.918,-24.334,-0.017,940.655,0.654,288.717,0.201,717.799,0.499,0.076,24.39,10837.855,11.293,8.103,7.335,13.194,6.132,3.469,3.889,4.86,0.885,1.074,5.124,2.582,5.859999999999999,0.698,1.676,-0.671,5.879,8.248,4.771,0.035,0.038,0.08,0.007,4196.449,3495.332,-264.18,-9.331,7.812928430417694e-06,2.1294685642394524e-06,1.082072188704102e-09,2.9231113015761127e-10,10827.859,10059.478,9544.969,3062.324,2831.166,2674.222,1.0335626476745318e-09,9.602175938847839e-10,9.738153731119229e-10,2.9231113015761127e-10,2.70246170269313e-10,2.7283467287469587e-10
Indonesia,1993,IDN,193305126.0,912702701568.0,121.396,0.0,0.0,0.0,19.808,4.28,4.366,0.0,630.661,16.573,8.146,296.406,57.297,55.256,10.681,23.345,35.773,977.772,189.008,26.9,7.514,98.04,453.726,39.707,5.334,6.554,46.982,3951.487,0.837,7.179,49.195,153.759,29.722,3799.447,734.453,74.853,96.314,6.074,13.095,228.691,22.334,4.317,1183.058,3.89,20.165,2785.625,538.476,10.873,29.99,61.83,-7.821,-2.096,24.697,45.995,8.891,127.764,22.391,3.239,-6.972,-2.076,28.11,51.644,9.983,145.417,25.142,3.686,0.0,0.0,1.993,0.0,0.0,0.0,0.0,0.0,0.0,0.0,6.648,27.954,448.465,76.168,14.724,2319.984,0.157,1.403,4623.662,893.777,37.081,58.81,3.412,1.092,5.3,0.574,0.019,5.649,24.528,17.653,2.75,5.406,0.447,205.413,763.843,-6.972,-2.076,28.11,51.644,9.983,145.417,25.142,3.686,0.0,0.0,0.0,0.0,0.0,0.0,0.0,0.0,1250.0,0.0,0.0,0.0,0.0,0.0,0.0,0.0,IDN,193305171.0,912702701568.0,10.775,0.056,215.109,15.69,7.868,658.467,-158.099,-19.361,3.406,0.721,0.862,1.113,0.236,0.282,21.31,0.11,193.994,1.004,0.213,102.198,3493.402,48096.051,246.427,235.57,556.633,53622.871,2352.574,402.403,3983.798,0.837,12.6,0.065,57.66,0.298,1.818,6.506,443.358,2.294,216.533,1.12,40.827,0.211,112.763,0.583,0.076,24.39,763.843,1.951,0.945,2.375,0.25,0.737,0.398,3.121,0.053,2.638,0.612,8.027,0.791,5.859999999999999,5.39,1.433,8.914,1.223,8.248,2.947,0.007,0.023,0.03,0.001,1257.568,351.395,-21.115,-9.816,3.9514885911509455e-06,1.1127948563776335e-06,8.369023107828399e-10,2.356835359755682e-10,716.86,652.938,600.179,199.419,174.865,155.081,8.515997467675979e-10,8.302450910620353e-10,8.352653594842506e-10,2.369014450529359e-10,2.2235006669632158e-10,2.158252574884777e-10
Indonesia,1994,IDN,196591779.0,986200276992.0,121.396,0.0,0.0,0.0,19.808,4.28,4.366,0.0,630.661,0.035,0.02,291.553,57.317,65.136,12.805,19.181,36.253,1145.832,225.261,27.881,7.176,98.04,453.726,45.928,5.88,4.687,35.804,4067.55,0.811,5.043,37.037,184.847,36.339,3924.322,771.489,79.122,96.596,18.427,42.14,270.831,62.737,12.333,1377.634,13.939,75.057,3120.847,613.533,26.854,33.91,61.83,-10.214,-2.523,22.175,40.607,7.983,112.796,17.381,2.776,-3.969,-0.923,27.187,48.765,9.587,138.292,20.873,3.404,0.0,0.0,1.993,0.0,0.0,0.0,0.0,0.0,0.0,0.0,-1.142,-5.124,443.341,56.975,11.201,2255.136,0.116,1.039,4551.649,894.817,24.387,55.509,5.012,1.604,5.3,46.882,1.6,8.159,24.528,25.496,3.492,5.406,0.628,233.623,799.647,-3.969,-0.923,27.187,48.765,9.587,138.292,20.873,3.404,0.0,0.0,0.0,0.0,0.0,0.0,0.0,0.0,1250.0,0.0,0.0,0.0,0.0,0.0,0.0,0.0,IDN,196591830.0,986200276992.0,12.538,0.064,219.372,4.263,1.982,939.92,281.453,42.744,4.781,0.953,1.175,1.116,0.222,0.274,26.648,0.136,199.495,1.015,0.202,114.736,3712.774,49035.969,273.075,246.511,616.942,54343.422,2461.509,402.403,4102.256,0.811,10.942,0.056,60.309,0.307,1.85,7.497,720.548,3.665,224.298,1.141,41.912,0.213,108.934,0.554,0.076,24.39,799.647,2.127,0.954,3.254,0.311,0.793,0.412,3.124,0.058,2.667,0.649,8.063,0.803,5.859999999999999,3.477,1.485,12.235,1.178,8.248,2.972,0.007,0.023,0.031,0.001,1473.804,363.642,-19.877,-9.061,4.067550556119623e-06,1.115875466442318e-06,8.108363165735419e-10,2.2244163291973964e-10,763.843,716.86,652.938,215.109,199.419,174.865,8.369023107828399e-10,8.515997467675979e-10,8.302450910620353e-10,2.356835359755682e-10,2.369014450529359e-10,2.2235006669632158e-10
Indonesia,1995,IDN,199888001.0,1072204283904.0,121.396,0.0,0.0,0.0,19.808,4.28,4.366,0.0,630.661,10.051,5.761,315.564,63.077,71.873,14.367,27.289,61.472,1434.47,286.733,26.546,7.255,98.04,453.726,54.121,6.367,8.834,70.637,4353.858,0.812,8.813,67.993,218.184,43.612,4199.763,839.482,80.584,96.555,5.447,14.753,285.584,103.391,20.667,1428.722,0.452,2.771,3083.248,616.304,38.186,32.847,61.83,3.886,0.862,23.037,41.489,8.293,115.247,15.323,2.65,9.584,2.764,29.951,52.558,10.506,149.837,19.412,3.445,0.0,0.0,1.993,0.0,0.0,0.0,0.0,0.0,0.0,0.0,10.709,47.479,490.82,42.92,8.579,2455.477,-0.631,-5.65,4448.324,889.167,15.852,56.453,6.914,2.213,5.3,37.946,1.902,11.069,24.528,34.59,4.088,5.406,0.795,270.754,870.284,9.584,2.764,29.951,52.558,10.506,149.837,19.412,3.445,0.0,0.0,0.0,0.0,0.0,0.0,0.0,0.0,1250.0,0.0,0.0,0.0,0.0,0.0,0.0,0.0,IDN,199888054.0,1072204283904.0,13.312,0.067,222.41,3.039,1.385,844.896,-95.024,-10.11,4.227,0.788,0.971,1.113,0.207,0.256,25.175,0.126,204.555,1.023,0.191,128.048,3935.184,49880.867,298.251,256.145,681.517,54965.906,2571.224,402.403,4392.264,0.812,9.634,0.048,64.574,0.323,1.834,7.137,622.485,3.114,228.374,1.143,44.016,0.22,109.715,0.549,0.076,24.39,870.284,2.135,0.945,2.917,0.286,0.849,0.426,3.12,0.062,2.676,0.687,8.091,0.814,5.859999999999999,2.952,1.531,11.459,1.175,8.248,2.995,0.007,0.024,0.032,0.001,1426.572,366.665,-17.856,-8.028,4.3538581387884084e-06,1.1126727963442922e-06,8.116774135906372e-10,2.074324858973549e-10,799.647,763.843,716.86,219.372,215.109,199.419,8.108363165735419e-10,8.369023107828399e-10,8.515997467675979e-10,2.2244163291973964e-10,2.356835359755682e-10,2.369014450529359e-10
Indonesia,1996,IDN,203204307.0,1161281404928.0,121.396,0.0,0.0,0.0,19.808,4.28,4.366,0.0,630.661,19.201,12.111,370.016,75.189,82.039,16.671,20.339,58.32,1698.061,345.053,28.319,8.065,98.04,453.726,58.868,6.458,7.223,62.862,4592.159,0.804,7.257,60.922,234.729,47.698,4431.029,900.404,81.026,96.585,4.104,11.721,297.305,107.555,21.856,1463.085,5.368,33.083,3195.738,649.388,37.126,31.892,61.83,6.406,1.476,24.512,43.426,8.824,120.628,14.99,2.629,6.297,1.883,31.834,54.956,11.167,156.658,18.97,3.415,0.0,0.0,1.993,0.0,0.0,0.0,0.0,0.0,0.0,0.0,7.557,37.09,527.91,45.136,9.172,2597.927,0.355,3.16,4391.279,892.327,15.58,56.628,7.321,2.343,5.3,5.891,0.407,11.53,24.528,36.03,3.98,5.406,0.785,289.697,933.146,6.297,1.883,31.834,54.956,11.167,156.658,18.97,3.415,0.0,0.0,0.0,0.0,0.0,0.0,0.0,0.0,1250.0,0.0,0.0,0.0,0.0,0.0,0.0,0.0,IDN,203204352.0,1161281404928.0,14.266,0.07,253.065,30.655,13.783,915.444,70.548,8.35,4.505,0.788,0.981,1.245,0.218,0.271,27.561,0.136,229.23,1.128,0.197,142.314,4188.249,50796.309,325.811,267.084,760.509,55628.285,2692.531,402.403,4633.902,0.804,10.939,0.054,78.992,0.389,2.007,7.374,662.378,3.26,239.637,1.179,46.194,0.227,121.308,0.597,0.076,24.39,933.146,2.242,1.043,3.024,0.305,0.905,0.442,3.118,0.066,2.692,0.734,8.116,0.827,5.859999999999999,3.122,1.793,11.017,1.261,8.248,3.02,0.007,0.025,0.033,0.001,1498.428,407.73,-23.835,-9.419,4.592156602271207e-06,1.245371949514146e-06,8.035485594104174e-10,2.179187567510307e-10,870.284,799.647,763.843,222.41,219.372,215.109,8.116774135906372e-10,8.108363165735419e-10,8.369023107828399e-10,2.074324858973549e-10,2.2244163291973964e-10,2.356835359755682e-10
Indonesia,1997,IDN,206536049.0,1221454594048.0,121.396,0.0,0.0,0.0,19.808,4.28,4.366,0.0,630.661,23.328,17.54,448.972,92.729,99.124,20.473,8.878,30.633,1818.988,375.687,28.961,9.159,98.04,453.726,70.691,7.096,8.525,79.549,4903.237,0.829,9.685,87.204,300.647,62.095,4781.771,987.608,87.839,97.549,4.308,12.809,310.114,143.391,29.615,1501.501,2.664,17.302,3227.958,666.69,41.894,30.631,61.83,-33.529,-8.219,16.293,28.4,5.866,78.889,8.298,1.609,-23.043,-7.014,24.82,41.61,8.594,120.171,12.157,2.451,0.0,0.0,1.993,0.0,0.0,0.0,0.0,0.0,0.0,0.0,10.77,56.855,584.765,58.132,12.006,2831.297,-1.323,-11.806,4263.277,880.521,16.984,57.759,8.526,2.728,5.3,16.455,1.205,13.21,24.528,41.282,3.86,5.406,0.842,342.27,1012.695,-23.043,-7.014,24.82,41.61,8.594,120.171,12.157,2.451,0.0,0.0,0.0,0.0,0.0,0.0,0.0,0.0,1250.0,0.0,0.0,0.0,0.0,0.0,0.0,0.0,IDN,206536090.0,1221454594048.0,16.01,0.078,279.941,26.876,10.62,2701.212,1785.768,195.071,13.079,2.211,2.667,1.355,0.229,0.276,29.389,0.142,246.936,1.196,0.202,158.324,4468.191,53497.52,355.201,279.035,842.551,58049.551,2833.081,402.403,4948.957,0.829,11.951,0.058,82.042,0.397,2.14,15.981,2421.27,11.723,244.82,1.185,43.828,0.212,140.549,0.681,0.076,24.39,1012.695,2.417,1.147,8.492,0.327,0.966,0.459,3.221,0.071,2.716,0.78,8.379,0.845,5.859999999999999,3.388,1.856,32.691,1.439,8.248,3.115,0.008,0.026,0.034,0.001,3300.689,442.023,-33.005,-11.79,4.903236044764249e-06,1.355409604200402e-06,8.290893537383541e-10,2.2918657915252723e-10,933.146,870.284,799.647,253.065,222.41,219.372,8.035485594104174e-10,8.116774135906372e-10,8.108363165735419e-10,2.179187567510307e-10,2.074324858973549e-10,2.2244163291973964e-10
Indonesia,1998,IDN,209826738.0,1066065657856.0,121.396,0.0,0.0,0.0,19.808,4.28,4.366,0.0,630.661,7.315,6.783,474.258,99.512,106.929,22.437,13.517,50.781,2032.477,426.468,29.255,10.005,98.04,453.726,76.693,7.913,-1.691,-17.126,4744.719,0.934,-3.241,-32.01,300.439,63.04,4554.223,955.598,82.198,96.073,-3.587,-11.125,298.99,148.09,31.073,1424.935,-1.669,-11.125,3124.316,655.565,40.517,30.06,61.83,76.682,12.494,28.787,49.391,10.363,137.197,13.513,2.894,58.832,14.238,39.058,65.054,13.65,186.143,17.798,3.927,0.0,0.0,1.993,0.0,0.0,0.0,0.0,0.0,0.0,0.0,-4.732,-27.669,557.096,45.42,9.53,2655.03,-1.995,-17.568,4112.689,862.952,12.427,56.009,10.27,3.286,5.3,20.456,1.744,15.663,24.528,48.947,4.285,5.406,1.033,365.505,995.569,58.832,14.238,39.058,65.054,13.65,186.143,17.798,3.927,0.0,0.0,0.0,0.0,0.0,0.0,0.0,0.0,1250.0,0.0,0.0,0.0,0.0,0.0,0.0,0.0,IDN,209826791.0,1066065657856.0,13.077,0.062,244.523,-35.419,-12.652,1194.477,-1506.735,-55.78,5.693,1.12,1.2,1.165,0.229,0.246,32.075,0.153,153.769,0.733,0.144,171.401,4712.714,54691.996,387.275,289.34,890.578,58999.508,2974.119,402.403,4789.716,0.934,10.305,0.049,48.028,0.229,1.906,7.837,949.954,4.527,239.478,1.141,45.49,0.217,141.038,0.672,0.076,24.39,995.569,1.981,1.006,3.923,0.367,1.006,0.473,3.234,0.076,2.727,0.792,8.441,0.861,5.859999999999999,3.063,1.075,15.46,1.427,8.248,3.141,0.008,0.027,0.035,0.001,1644.332,399.971,-90.754,-37.115,4.744719426558474e-06,1.1653564296277057e-06,9.338721237885308e-10,2.293695498003081e-10,1012.695,933.146,870.284,279.941,253.065,222.41,8.290893537383541e-10,8.035485594104174e-10,8.116774135906372e-10,2.2918657915252723e-10,2.179187567510307e-10,2.074324858973549e-10
Indonesia,1999,IDN,213004610.0,1079382507520.0,121.396,0.0,0.0,0.0,19.808,4.28,4.366,0.0,630.661,37.636,37.452,643.01,136.964,123.635,26.335,18.399,78.468,2370.54,504.936,31.362,12.609,98.04,453.726,83.971,7.926,9.182,91.417,5103.109,1.007,9.367,89.512,326.979,69.648,4906.514,1045.11,82.943,96.212,8.672,25.928,324.917,157.262,33.498,1525.4,8.439,55.323,3337.432,710.888,39.892,29.912,61.83,0.157,0.045,28.833,48.73,10.38,135.362,12.361,2.654,4.912,2.09,41.147,67.231,14.321,193.177,17.054,3.788,0.0,0.0,1.993,0.0,0.0,0.0,0.0,0.0,0.0,0.0,4.691,26.133,583.229,46.081,9.815,2738.104,-7.542,-65.085,3745.772,797.867,11.689,53.692,12.315,3.941,5.3,19.907,2.044,18.501,24.528,57.815,4.693,5.406,1.134,394.221,1086.986,4.912,2.09,41.147,67.231,14.321,193.177,17.054,3.788,0.0,0.0,0.0,0.0,0.0,0.0,0.0,0.0,1250.0,0.0,0.0,0.0,0.0,0.0,0.0,0.0,IDN,213004666.0,1079382507520.0,14.082,0.066,292.001,47.478,19.417,1283.48,89.003,7.451,6.026,1.189,1.181,1.371,0.271,0.269,37.167,0.174,247.398,1.161,0.229,185.482,5004.714,55975.477,424.442,298.34,974.23,59990.988,3122.22,402.403,5151.666,1.007,9.0,0.042,83.652,0.393,2.102,7.963,991.479,4.655,238.951,1.122,44.57,0.209,148.101,0.695,0.076,24.39,1086.986,2.033,1.175,4.159,0.419,1.046,0.49,3.25,0.082,2.727,0.832,8.51,0.878,5.859999999999999,2.727,1.813,16.517,1.461,8.248,3.169,0.008,0.027,0.036,0.001,1696.185,447.654,-44.603,-15.275,5.103110209680414e-06,1.3708666832678613e-06,1.0070442984086058e-09,2.705259701409321e-10,995.569,1012.695,933.146,244.523,279.941,253.065,9.338721237885308e-10,8.290893537383541e-10,8.035485594104174e-10,2.293695498003081e-10,2.2918657915252723e-10,2.179187567510307e-10
Indonesia,2000,IDN,216077748.0,1138300157952.0,121.396,0.0,0.0,0.0,19.808,4.28,4.366,0.0,630.661,11.759,16.105,708.4,153.069,157.351,34.0,4.561,23.028,2443.396,527.964,34.68,13.153,98.04,453.726,98.04,8.597,7.103,77.213,5387.87,1.023,7.238,75.645,363.017,78.44,5186.814,1120.755,80.008,96.301,1.58,5.134,330.052,147.771,31.93,1527.466,-0.569,-4.044,3271.25,706.844,32.568,28.36,61.83,-3.505,-1.01,27.822,46.372,10.02,128.76,10.22,2.391,3.966,1.901,43.048,90.708,19.6,199.227,19.992,3.699,0.0,0.0,1.993,0.0,0.0,0.0,0.0,0.0,0.0,0.0,9.328,54.405,637.634,57.896,12.51,2950.948,4.673,37.286,3865.059,835.153,12.76,54.789,15.226,9.58,5.3,23.642,2.911,44.336,24.528,70.467,9.772,5.406,1.308,453.726,1164.199,3.966,1.901,43.048,90.708,19.6,199.227,19.992,3.699,0.0,0.0,0.0,0.0,0.0,0.0,0.0,0.0,1250.0,0.0,0.0,0.0,0.0,0.0,0.0,0.0,IDN,216077791.0,1138300157952.0,16.446,0.076,281.33,-10.671,-3.654,933.129,-350.351,-27.297,4.318,0.82,0.802,1.302,0.247,0.242,50.906,0.236,240.059,1.111,0.211,201.929,5286.044,56908.605,475.348,306.911,1022.822,60642.789,3279.035,402.403,5435.159,1.022,8.57,0.04,48.592,0.225,2.037,6.419,651.799,3.016,240.466,1.113,45.425,0.21,156.816,0.726,0.076,24.39,1163.518,2.272,1.103,3.029,0.553,1.094,0.505,3.247,0.09,2.719,0.839,8.538,0.897,5.859999999999999,2.469,1.023,12.305,1.527,8.248,3.182,0.008,0.028,0.037,0.001,1386.973,440.229,-41.272,-14.67,5.387870851004957e-06,1.3019848023159339e-06,1.0227522080771706e-09,2.4714922337018875e-10,1086.986,995.569,1012.695,292.001,244.523,279.941,1.0070442984086058e-09,9.338721237885308e-10,8.290893537383541e-10,2.705259701409321e-10,2.293695498003081e-10,2.2918657915252723e-10
Indonesia,2001,IDN,219097854.0,1185220919296.0,121.396,0.0,0.0,0.0,20.904,4.58,4.314,0.0,626.036,26.957,41.262,886.963,194.332,172.115,37.71,20.12,106.225,2894.544,634.188,35.522,15.59,106.16,484.532,106.16,8.719,7.085,82.486,5690.084,1.052,6.663,74.677,383.253,83.97,5456.154,1195.432,79.098,95.904,3.422,11.294,341.346,151.028,33.09,1557.961,-2.911,-20.579,3132.23,686.265,31.17,27.385,66.46,16.364,4.374,32.196,53.173,11.65,146.949,10.974,2.583,18.815,8.006,51.054,101.279,22.19,233.02,20.902,4.096,0.0,0.0,1.993,0.0,0.0,0.0,0.0,0.0,0.0,0.0,3.469,22.12,659.754,60.11,13.17,3011.23,-5.062,-42.279,3618.812,792.874,12.406,52.929,18.858,10.54,5.96,23.853,3.632,48.106,27.202,86.072,9.928,5.614,1.513,484.532,1246.685,18.815,8.006,51.054,101.279,22.19,233.02,20.902,4.096,0.0,0.0,0.0,0.0,0.0,0.0,0.0,0.0,1250.0,0.0,0.0,0.0,0.0,0.0,0.0,0.0,IDN,219097906.0,1185220919296.0,18.462,0.084,317.027,35.697,12.689,904.116,-29.013,-3.109,4.127,0.763,0.725,1.447,0.267,0.254,64.629,0.295,266.466,1.216,0.225,220.39,5603.072,57812.723,539.977,315.614,1083.985,61229.875,3443.105,402.403,5740.15,1.051,8.704,0.04,61.163,0.279,2.186,6.269,587.089,2.68,242.127,1.105,45.292,0.207,164.07,0.749,0.076,24.39,1246.258,2.438,1.233,2.967,0.698,1.147,0.522,3.242,0.101,2.715,0.856,8.563,0.916,5.859999999999999,2.593,1.276,12.32,1.585,8.248,3.194,0.009,0.028,0.037,0.001,1373.52,478.918,-50.562,-15.949,5.690083116925436e-06,1.446964992901386e-06,1.051858754518532e-09,2.674834664480174e-10,1164.199,1086.986,995.569,281.33,292.001,244.523,1.0227522080771706e-09,1.0070442984086058e-09,9.338721237885308e-10,2.4714922337018875e-10,2.705259701409321e-10,2.293695498003081e-10
Indonesia,2002,IDN,222088455.0,1244249980928.0,121.396,0.0,0.0,0.0,21.163,4.7,4.158,0.0,643.489,3.151,6.124,902.594,200.456,193.301,42.93,11.658,73.935,3188.477,708.124,37.978,15.645,113.04,508.986,113.04,9.003,2.754,34.334,5768.059,1.03,3.271,39.106,414.429,92.04,5558.765,1234.537,81.423,96.353,8.698,29.689,371.034,131.749,29.26,1670.661,10.147,69.637,3403.61,755.902,25.885,28.959,72.74,-14.775,-4.982,27.214,44.712,9.93,122.535,8.785,2.124,-8.555,-4.33,46.724,94.557,21.0,210.385,18.577,3.647,0.0,0.0,1.993,0.0,0.0,0.0,0.0,0.0,0.0,0.0,0.499,3.293,663.047,89.379,19.85,2985.51,-7.108,-56.361,3316.304,736.513,17.56,51.75,19.51,11.07,6.37,3.458,0.652,49.845,28.682,87.849,9.793,5.635,1.523,508.986,1281.019,-8.555,-4.33,46.724,94.557,21.0,210.385,18.577,3.647,0.0,0.0,0.0,0.0,0.0,0.0,0.0,0.0,1250.0,0.0,0.0,0.0,0.0,0.0,0.0,0.0,IDN,222088499.0,1244249980928.0,18.137,0.082,308.486,-8.541,-2.694,1156.696,252.58,27.937,5.208,0.93,0.903,1.389,0.248,0.241,66.665,0.3,275.683,1.241,0.222,238.527,5911.558,58969.418,606.642,322.691,1143.749,62078.082,3599.948,402.403,5816.885,1.029,7.077,0.032,59.764,0.269,2.123,7.151,848.21,3.819,243.357,1.096,48.39,0.218,156.843,0.706,0.076,24.39,1280.384,2.31,1.174,3.683,0.689,1.192,0.538,3.249,0.111,2.701,0.869,8.62,0.932,5.859999999999999,2.18,1.21,16.54,1.518,8.248,3.214,0.009,0.029,0.038,0.001,1588.074,471.542,-32.803,-10.633,5.768057596690445e-06,1.3890228507510358e-06,1.0295511510030938e-09,2.4792927846373896e-10,1246.685,1164.199,1086.986,317.027,281.33,292.001,1.051858754518532e-09,1.0227522080771706e-09,1.0070442984086058e-09,2.674834664480174e-10,2.4714922337018875e-10,2.705259701409321e-10
Indonesia,2003,IDN,225047958.0,1309811277824.0,121.396,0.0,0.0,0.0,21.329,4.8,4.089,0.0,656.53,34.237,68.631,1195.686,269.087,206.445,46.46,10.596,75.034,3479.96,783.158,39.577,19.328,117.39,521.622,117.39,8.584,8.638,110.658,6183.917,1.063,9.17,113.211,433.552,97.57,5988.717,1347.749,83.116,96.805,6.616,24.547,395.582,124.196,27.95,1757.766,4.718,35.666,3517.332,791.568,23.81,28.413,77.07,-8.396,-2.421,24.793,40.436,9.1,110.167,7.752,1.781,-4.793,-2.238,44.486,88.07,19.82,197.675,16.884,3.195,0.0,0.0,1.993,0.0,0.0,0.0,0.0,0.0,0.0,0.0,3.021,20.033,683.08,102.911,23.16,3035.264,-8.971,-66.074,2979.093,670.439,19.729,49.064,19.693,10.72,5.92,0.939,0.183,47.634,26.306,87.508,9.132,5.043,1.415,521.622,1391.678,-4.793,-2.238,44.486,88.07,19.82,197.675,16.884,3.195,0.0,0.0,0.0,0.0,0.0,0.0,0.0,0.0,1250.0,0.0,0.0,0.0,0.0,0.0,0.0,0.0,IDN,225048004.0,1309811277824.0,17.811,0.079,339.357,30.872,10.007,921.749,-234.947,-20.312,4.096,0.704,0.664,1.508,0.259,0.244,89.49,0.398,316.448,1.406,0.242,256.338,6250.916,59891.168,696.132,329.639,1206.411,62660.477,3762.396,402.403,6226.767,1.061,6.947,0.031,62.662,0.278,2.25,5.73,582.391,2.588,246.447,1.095,47.889,0.213,162.447,0.722,0.076,24.39,1389.068,2.063,1.226,2.731,0.851,1.228,0.555,3.24,0.125,2.682,0.882,8.628,0.948,5.859999999999999,2.017,1.224,9.586,1.532,8.248,3.217,0.009,0.029,0.039,0.001,1289.581,506.34,-22.909,-6.751,6.183917474158969e-06,1.5079316144479046e-06,1.0625026853578525e-09,2.5908847003041273e-10,1281.019,1246.685,1164.199,308.486,317.027,281.33,1.0295511510030938e-09,1.051858754518532e-09,1.0227522080771706e-09,2.4792927846373896e-10,2.674834664480174e-10,2.4714922337018875e-10
Indonesia,2004,IDN,227926604.0,1387446403072.0,121.396,0.0,0.0,0.0,21.981,5.01,4.015,0.0,653.711,-8.067,-21.706,1085.352,247.381,211.515,48.21,15.867,124.263,3981.199,907.421,38.636,17.959,124.78,547.457,124.78,9.234,-1.074,-14.953,6040.208,0.992,-1.286,-17.338,455.454,103.81,5837.015,1330.411,83.194,96.585,-8.484,-33.56,362.022,117.406,26.76,1588.326,-4.374,-34.622,3321.011,756.947,21.446,26.282,81.57,6.319,1.424,26.217,42.426,9.67,115.023,7.75,1.903,6.095,2.56,47.047,92.003,20.97,206.412,16.806,3.415,0.0,0.0,1.993,0.0,0.0,0.0,0.0,0.0,0.0,0.0,5.553,37.928,721.008,126.532,28.84,3163.336,-3.638,-24.391,2834.455,646.048,23.113,52.343,20.83,11.3,6.29,5.771,1.137,49.577,27.597,91.389,9.056,5.041,1.512,547.457,1376.724,6.095,2.56,47.047,92.003,20.97,206.412,16.806,3.415,0.0,0.0,0.0,0.0,0.0,0.0,0.0,0.0,1250.0,0.0,0.0,0.0,0.0,0.0,0.0,0.0,IDN,227926647.0,1387446403072.0,19.047,0.084,343.022,3.664,1.08,1070.373,148.624,16.124,4.696,0.771,0.778,1.505,0.247,0.249,82.216,0.361,322.179,1.414,0.232,275.385,6593.937,60961.543,778.348,335.617,1268.297,63387.828,3936.291,402.403,6089.472,0.992,5.978,0.026,61.886,0.272,2.246,6.076,727.352,3.191,249.952,1.097,50.668,0.222,173.895,0.763,0.076,24.39,1375.847,2.11,1.198,3.145,0.756,1.265,0.571,3.238,0.137,2.656,0.893,8.664,0.965,5.859999999999999,1.745,1.171,13.46,1.581,8.248,3.223,0.009,0.03,0.04,0.001,1384.788,511.842,-20.843,-6.076,6.040207574891055e-06,1.5049666395522348e-06,9.922718434036378e-10,2.4723261326743965e-10,1391.678,1281.019,1246.685,339.357,308.486,317.027,1.0625026853578525e-09,1.0295511510030938e-09,1.051858754518532e-09,2.5908847003041273e-10,2.4792927846373896e-10,2.674834664480174e-10
Indonesia,2005,IDN,230871600.0,1474875359232.0,121.396,0.021,0.09,0.021,23.086,5.33,4.011,0.001,650.538,14.702,36.369,1229.036,283.749,224.497,51.83,15.49,140.563,4539.251,1047.984,39.002,20.018,132.89,575.601,132.89,9.556,2.918,40.168,6137.143,0.961,2.824,37.569,477.452,110.23,5925.285,1367.98,82.948,96.506,0.529,1.914,363.936,93.992,21.7,1576.355,0.76,5.751,3303.558,762.698,16.329,25.674,86.45,10.864,2.614,28.831,46.476,10.73,124.877,8.074,2.034,6.25,2.477,49.523,98.15,22.66,214.506,17.052,3.494,0.0,0.0,1.993,0.0,0.0,0.0,0.0,0.0,0.0,0.0,-0.099,-0.714,720.295,158.963,36.7,3119.894,-3.303,-21.338,2705.875,624.71,27.617,50.814,20.672,11.93,6.6,-0.759,-0.158,51.674,28.587,89.538,8.977,4.967,1.458,575.601,1416.892,6.25,2.477,49.523,98.15,22.66,214.506,17.052,3.494,0.0,0.0,0.0,0.0,0.0,0.0,0.0,0.0,1250.0,0.0,0.0,0.0,0.0,0.0,0.0,0.0,IDN,230871649.0,1474875359232.0,18.527,0.08,347.617,4.596,1.34,999.814,-70.559,-6.592,4.331,0.678,0.706,1.506,0.236,0.245,94.222,0.408,328.187,1.422,0.223,293.911,6941.554,61961.355,872.57,341.28,1322.747,64040.027,4111.045,402.403,6188.735,0.96,5.663,0.025,54.451,0.236,2.256,5.704,652.197,2.825,254.189,1.101,50.349,0.218,174.754,0.757,0.076,24.39,1416.014,1.913,1.174,2.898,0.816,1.293,0.586,3.232,0.151,2.629,0.897,8.695,0.981,5.859999999999999,1.628,1.008,13.335,1.574,8.248,3.225,0.009,0.03,0.04,0.001,1316.794,520.852,-19.43,-5.59,6.1371428967443105e-06,1.5056720974865064e-06,9.606859258519357e-10,2.356924589078577e-10,1376.724,1391.678,1281.019,343.022,339.357,308.486,9.922718434036378e-10,1.0625026853578525e-09,1.0295511510030938e-09,2.4723261326743965e-10,2.5908847003041273e-10,2.4792927846373896e-10
Indonesia,2006,IDN,233951608.0,1565012918272.0,121.396,0.025,0.197,0.046,20.945,4.9,3.551,0.003,668.116,16.578,47.039,1413.92,330.789,250.778,58.67,24.828,260.19,5591.645,1308.174,42.514,22.938,138.0,589.866,138.0,9.741,1.71,24.236,6159.938,0.921,2.01,27.49,499.334,116.82,5964.78,1395.47,84.652,96.766,1.972,7.178,371.114,102.372,23.95,1586.284,-1.144,-8.727,3222.765,753.971,17.355,25.734,92.2,-10.275,-3.101,25.73,41.12,9.62,109.98,6.971,1.784,-5.862,-2.891,46.632,90.532,21.18,199.324,15.348,3.234,0.0,0.0,1.993,0.0,0.0,0.0,0.0,0.0,0.0,0.0,-3.711,-26.728,693.567,146.184,34.2,2964.576,-6.496,-40.582,2496.787,584.127,24.783,48.094,20.856,11.56,6.66,0.892,0.184,49.412,28.467,89.148,8.377,4.826,1.446,589.866,1441.128,-5.862,-2.891,46.632,90.532,21.18,199.324,15.348,3.234,0.0,0.0,0.0,0.0,0.0,0.0,0.0,0.0,1250.0,0.0,0.0,0.0,0.0,0.0,0.0,0.0,IDN,233951650.0,1565012918272.0,19.047,0.081,346.633,-0.984,-0.283,1585.034,585.22,58.533,6.775,1.013,1.101,1.482,0.221,0.241,111.641,0.477,329.568,1.409,0.211,312.958,7288.188,63546.387,984.211,347.301,1380.173,65278.426,4263.545,402.403,6213.201,0.92,6.021,0.026,57.426,0.245,2.274,8.092,1238.401,5.293,265.866,1.136,52.82,0.226,152.499,0.652,0.076,24.39,1440.204,1.804,1.132,4.408,0.916,1.315,0.599,3.254,0.167,2.605,0.902,8.799,0.991,5.859999999999999,1.733,1.033,23.225,1.359,8.248,3.245,0.01,0.031,0.041,0.001,1893.063,532.063,-17.066,-4.923,6.159940563434784e-06,1.4816437498944695e-06,9.208409612306671e-10,2.2148890654700335e-10,1416.892,1376.724,1391.678,347.617,343.022,339.357,9.606859258519357e-10,9.922718434036378e-10,1.0625026853578525e-09,2.356924589078577e-10,2.4723261326743965e-10,2.5908847003041273e-10
Indonesia,2007,IDN,237062283.0,1674227351552.0,345.654,0.159,0.865,0.205,25.225,5.98,4.03,0.013,663.14,26.162,86.54,1760.419,417.329,269.549,63.9,12.591,164.709,6213.066,1472.884,43.059,26.965,148.4,625.996,148.4,9.763,7.324,105.553,6524.364,0.924,7.165,99.985,523.533,124.11,6308.278,1495.455,83.632,96.626,-6.654,-24.693,346.42,104.614,24.8,1461.305,-3.738,-28.18,3061.606,725.791,16.712,22.383,98.41,17.282,4.286,30.016,47.625,11.29,126.616,7.608,1.939,13.382,5.586,52.218,102.463,24.29,220.271,16.368,3.374,0.0,0.0,1.993,0.0,0.0,0.0,0.0,0.0,0.0,0.0,5.499,38.138,731.705,149.37,35.41,3086.554,-4.761,-27.81,2346.713,556.317,23.861,47.278,21.997,13.0,7.02,5.469,1.141,54.838,29.612,92.789,8.76,4.73,1.421,625.996,1546.681,13.382,5.586,52.218,102.463,24.29,220.271,16.368,3.374,0.0,0.0,0.0,0.0,0.0,0.0,0.0,0.0,1250.0,0.0,0.0,0.0,0.0,0.0,0.0,0.0,IDN,237062339.0,1674227351552.0,19.567,0.083,387.858,41.225,11.893,991.799,-593.234,-37.427,4.184,0.592,0.642,1.636,0.232,0.251,140.066,0.591,368.938,1.556,0.22,332.525,7676.045,64538.191,1124.276,352.224,1437.251,65882.367,4429.77,402.403,6581.411,0.923,4.923,0.021,57.078,0.241,2.428,5.423,603.941,2.548,269.741,1.138,52.206,0.22,166.225,0.701,0.076,24.39,1545.699,1.725,1.23,2.745,1.096,1.334,0.615,3.245,0.187,2.576,0.905,8.826,1.003,5.859999999999999,1.434,0.991,13.145,1.477,8.248,3.245,0.01,0.031,0.042,0.001,1285.663,575.615,-18.92,-4.878,6.52436558201877e-06,1.6361012957017958e-06,9.238177829111648e-10,2.316638774539537e-10,1441.128,1416.892,1376.724,346.633,347.617,343.022,9.208409612306671e-10,9.606859258519357e-10,9.922718434036378e-10,2.2148890654700335e-10,2.356924589078577e-10,2.4723261326743965e-10
Indonesia,2008,IDN,240157845.0,1809491165184.0,7.774,0.016,0.92,0.221,27.066,6.5,4.169,0.014,652.983,-12.282,-51.258,1524.293,366.071,256.04,61.49,11.667,171.836,6848.496,1644.72,39.442,23.374,155.9,649.156,155.9,10.15,1.158,17.904,6514.817,0.865,0.937,14.019,539.479,129.56,6285.341,1509.474,83.105,96.38,14.585,50.526,396.947,115.591,27.76,1652.858,3.101,22.508,3115.865,748.299,17.806,25.345,101.8,2.146,0.402,30.418,48.01,11.53,126.656,7.396,1.942,8.398,4.473,56.691,109.678,26.34,236.059,16.895,3.62,0.0,0.0,1.993,0.0,0.0,0.0,0.0,0.0,0.0,0.0,2.016,14.751,746.456,167.848,40.31,3108.19,3.329,18.52,2393.582,574.838,25.856,47.661,26.052,14.81,8.31,18.434,4.055,61.668,34.602,108.478,9.5,5.33,1.663,649.156,1564.584,8.398,4.473,56.691,109.678,26.34,236.059,16.895,3.62,0.0,0.0,0.0,0.0,0.0,0.001,0.0,0.0,1250.0,0.001,0.001,0.0,0.0,0.003,0.0,0.0,IDN,240157901.0,1809491165184.0,20.542,0.086,365.718,-22.14,-5.708,1040.765,48.966,4.937,4.334,0.575,0.666,1.523,0.202,0.234,121.845,0.507,367.493,1.53,0.203,353.066,8041.764,65578.953,1246.121,356.94,1497.564,66557.414,4588.072,402.403,6571.27,0.864,4.716,0.02,60.313,0.251,2.328,5.505,675.047,2.811,276.128,1.15,53.965,0.225,158.303,0.659,0.076,24.39,1563.545,1.788,1.14,2.816,0.923,1.354,0.629,3.237,0.202,2.548,0.91,8.859,1.013,5.859999999999999,1.409,1.018,13.832,1.413,8.248,3.245,0.01,0.032,0.043,0.001,1322.041,559.015,1.775,0.485,6.514815287420627e-06,1.5228231029550781e-06,8.646541249295924e-10,2.0211096193045607e-10,1546.681,1441.128,1416.892,387.858,346.633,347.617,9.238177829111648e-10,9.208409612306671e-10,9.606859258519357e-10,2.316638774539537e-10,2.2148890654700335e-10,2.356924589078577e-10
Indonesia,2009,IDN,243219975.0,1905717411840.0,395.71,0.875,4.504,1.096,25.121,6.11,3.751,0.068,660.588,3.346,12.25,1555.468,378.321,270.989,65.91,4.676,76.901,7078.451,1721.621,40.468,23.506,162.87,669.641,162.87,10.326,2.728,42.686,6608.301,0.843,2.643,39.889,559.494,136.08,6370.213,1549.363,83.551,96.264,6.062,24.061,421.008,166.105,40.4,1730.976,9.457,70.767,3367.594,819.066,24.805,26.158,107.59,-1.253,-0.539,29.879,46.789,11.38,122.847,6.987,1.856,8.58,3.438,60.13,110.147,26.79,247.224,16.449,3.736,0.0,0.0,1.993,0.0,0.0,0.0,0.0,0.0,0.0,0.0,0.479,3.578,750.034,122.399,29.77,3083.769,-2.063,-11.859,2314.687,562.978,18.278,46.601,29.145,15.41,9.3,11.875,3.094,63.358,38.237,119.832,9.462,5.71,1.811,669.641,1607.271,8.58,3.438,60.13,110.147,26.79,247.224,16.449,3.736,0.0,-0.0,0.0,0.0,0.0,0.001,0.0,0.0,1259.259,0.009,0.01,0.0,0.0,0.04,0.0,0.001,IDN,243220024.0,1905717411840.0,19.437,0.08,398.942,33.224,9.085,1364.806,324.041,31.135,5.611,0.716,0.85,1.64,0.209,0.248,128.274,0.527,395.104,1.624,0.207,372.503,8440.705,66943.758,1374.395,362.37,1562.105,67523.273,4769.333,402.403,6665.187,0.843,5.43,0.022,64.541,0.265,2.488,7.012,965.864,3.971,289.606,1.191,57.822,0.238,181.26,0.745,0.076,24.39,1606.185,1.644,1.265,3.707,0.983,1.367,0.644,3.245,0.219,2.527,0.917,8.925,1.028,5.859999999999999,1.644,1.116,18.314,1.654,8.248,3.259,0.01,0.032,0.044,0.001,1705.499,605.135,-3.838,-0.962,6.608301805803546e-06,1.6402514621904582e-06,8.433941937110994e-10,2.0933953666027287e-10,1564.584,1546.681,1441.128,365.718,387.858,346.633,8.646541249295924e-10,9.238177829111648e-10,9.208409612306671e-10,2.0211096193045607e-10,2.316638774539537e-10,2.2148890654700335e-10
Indonesia,2010,IDN,246305285.0,2039334567936.0,86.121,0.943,8.278,2.039,31.709,7.81,4.399,0.117,636.855,13.56,51.298,1744.256,429.619,278.029,68.48,2.211,38.067,7144.333,1759.687,38.567,24.679,177.56,720.894,177.56,10.441,8.226,132.219,7062.332,0.853,7.393,114.552,580.296,142.93,6755.5,1663.915,80.497,95.583,4.624,19.468,440.476,157.65,38.83,1788.333,1.562,12.796,3377.361,831.862,21.869,25.303,113.08,53.342,15.58,45.459,70.888,17.46,184.563,9.833,2.611,32.527,16.767,76.897,140.598,34.63,312.203,19.503,4.417,0.0,0.0,1.993,0.0,0.0,0.0,0.0,0.0,0.0,0.0,5.838,43.786,793.82,144.617,35.62,3222.911,0.444,2.502,2295.85,565.48,20.061,45.601,29.388,17.17,9.36,0.834,0.243,69.71,38.002,119.317,9.67,5.271,1.688,720.894,1739.49,32.527,16.767,76.897,140.598,34.63,312.203,19.503,4.417,420.0,0.001,0.001,0.0,0.0,0.005,0.0,0.0,-0.817,-0.0,0.009,0.0,0.0,0.038,0.0,0.001,IDN,246305326.0,2039334567936.0,19.461,0.079,445.806,46.864,11.747,1257.605,-107.202,-7.855,5.106,0.617,0.723,1.81,0.219,0.256,152.667,0.62,445.644,1.809,0.219,391.964,8886.512,68201.367,1527.062,366.644,1635.835,68335.078,4965.007,402.403,7123.851,0.852,4.274,0.017,73.73,0.299,2.676,6.343,811.798,3.296,298.504,1.212,56.457,0.229,195.674,0.794,0.076,24.39,1738.335,1.541,1.337,3.238,1.094,1.374,0.661,3.245,0.238,2.498,0.926,8.967,1.045,5.859999999999999,1.253,1.184,14.792,1.728,8.248,3.266,0.01,0.033,0.044,0.001,1562.408,659.004,-0.162,-0.036,7.062333234140684e-06,1.8099730413462442e-06,8.529694084284213e-10,2.1860365974730567e-10,1607.271,1564.584,1546.681,398.942,365.718,387.858,8.433941937110994e-10,8.646541249295924e-10,9.238177829111648e-10,2.0933953666027287e-10,2.0211096193045607e-10,2.316638774539537e-10
Indonesia,2011,IDN,249469983.0,2178184511488.0,60.987,1.244,13.158,3.283,34.674,8.65,4.508,0.178,667.396,15.513,66.646,1989.279,496.266,325.049,81.09,25.229,443.946,8833.259,2203.633,42.261,26.971,191.88,769.151,191.88,10.611,5.64,98.104,7365.992,0.844,6.651,110.671,647.052,161.42,7113.424,1774.586,84.125,96.446,-2.982,-13.133,427.343,156.973,39.16,1713.004,7.511,62.477,3584.957,894.339,20.409,23.226,128.06,-28.857,-13.286,32.173,49.786,12.42,128.967,6.473,1.749,-12.538,-11.512,65.385,122.099,30.46,262.097,15.875,3.554,0.0,0.0,1.993,0.0,0.0,0.0,0.0,0.0,0.0,0.0,7.2,57.157,850.977,165.03,41.17,3411.141,-4.763,-26.933,2158.764,538.547,21.456,46.249,29.915,18.04,9.39,1.793,0.527,72.313,37.64,119.915,9.402,4.894,1.626,769.151,1837.594,-12.538,-11.512,65.385,122.099,30.46,262.097,15.875,3.554,48.077,0.001,0.002,0.0,0.0,0.008,0.0,0.0,28.846,0.003,0.012,0.0,0.0,0.049,0.0,0.001,IDN,249470029.0,2178184511488.0,21.1,0.085,500.725,54.918,12.319,1414.597,156.992,12.483,5.67,0.649,0.77,2.007,0.23,0.273,181.281,0.727,505.096,2.025,0.232,413.064,9387.236,69615.961,1708.343,372.106,1717.388,69248.953,5176.335,402.403,7431.696,0.843,5.462,0.022,81.553,0.327,3.027,7.104,913.872,3.663,338.643,1.357,59.953,0.24,211.329,0.847,0.076,24.39,1836.37,1.553,1.451,3.556,1.23,1.382,0.681,3.251,0.26,2.474,0.938,9.024,1.064,5.859999999999999,1.52,1.272,17.314,1.86,8.248,3.279,0.011,0.033,0.045,0.001,1772.318,755.102,4.371,0.873,7.3659924047856e-06,2.0071549356335626e-06,8.436356012579808e-10,2.2988181091138872e-10,1739.49,1607.271,1564.584,445.806,398.942,365.718,8.529694084284213e-10,8.433941937110994e-10,8.646541249295924e-10,2.1860365974730567e-10,2.0933953666027287e-10,2.0211096193045607e-10
Indonesia,2012,IDN,252698471.0,2309530058752.0,86.351,2.835,24.207,6.117,35.101,8.87,4.245,0.315,687.5,1.902,9.44,2001.222,505.706,404.316,102.17,7.861,173.22,9405.886,2376.853,48.895,26.072,208.96,826.914,208.96,10.955,5.417,99.552,7665.838,0.839,5.393,95.708,703.803,177.85,7401.286,1870.294,85.112,96.423,9.929,42.433,469.776,193.59,48.92,1859.037,5.375,48.071,3729.385,942.41,23.411,24.219,143.66,3.062,0.814,32.987,50.653,12.8,130.541,6.126,1.701,13.151,3.991,69.376,123.111,31.11,274.541,14.888,3.577,0.0,0.0,1.993,0.0,0.0,0.0,0.0,0.0,0.0,0.0,5.151,43.835,894.812,105.897,26.76,3541.027,-3.723,-20.048,2051.846,518.498,12.806,46.132,30.252,18.31,9.44,1.126,0.337,72.458,37.357,119.716,8.762,4.518,1.56,826.914,1937.146,13.151,3.991,69.376,123.111,31.11,274.541,14.888,3.577,290.909,0.006,0.008,0.0,0.0,0.031,0.0,0.0,-1.706,-0.0,0.012,0.0,0.0,0.047,0.0,0.001,IDN,252698526.0,2309530058752.0,23.294,0.092,515.954,15.23,3.042,1475.463,60.866,4.303,5.839,0.639,0.778,2.042,0.223,0.272,187.171,0.741,537.546,2.127,0.233,436.358,9903.191,71091.422,1895.514,378.755,1797.45,70208.453,5395.113,402.403,7576.405,0.821,6.649,0.026,80.062,0.317,3.088,7.315,959.509,3.797,350.268,1.386,61.786,0.245,218.777,0.866,0.076,24.39,1895.788,1.67,1.474,3.63,1.256,1.395,0.7,3.258,0.282,2.457,0.948,9.082,1.084,5.859999999999999,1.763,1.222,16.977,1.903,8.248,3.294,0.011,0.034,0.046,0.001,1848.377,780.39,21.592,4.185,7.665839814282027e-06,2.0417768483540657e-06,8.387619778574239e-10,2.23402158393559e-10,1837.594,1739.49,1607.271,500.725,445.806,398.942,8.436356012579808e-10,8.529694084284213e-10,8.433941937110994e-10,2.2988181091138872e-10,2.1860365974730567e-10,2.0933953666027287e-10
Indonesia,2013,IDN,255852410.0,2437876809728.0,56.652,3.465,37.453,9.582,35.724,9.14,4.059,0.525,682.299,-12.843,-64.949,1722.698,440.756,434.821,111.25,22.056,524.246,11338.954,2901.099,49.405,24.132,225.18,880.117,225.18,12.589,-5.814,-112.635,7131.106,0.748,-6.771,-126.645,741.365,189.68,6815.057,1743.649,84.235,95.466,-6.789,-31.892,437.884,226.889,58.05,1711.469,-12.216,-115.126,3233.442,827.284,25.779,23.974,153.64,32.218,10.293,43.281,66.132,16.92,169.163,7.514,2.37,26.163,13.431,82.807,138.752,35.5,323.653,15.765,4.534,0.0,0.0,1.993,0.0,0.0,0.0,0.0,0.0,0.0,0.0,-3.331,-29.803,865.009,79.655,20.38,3380.89,-4.975,-25.796,1925.729,492.702,9.051,47.36,29.93,18.57,9.43,-1.066,-0.322,72.581,36.857,116.981,8.247,4.188,1.639,880.117,1824.511,26.163,13.431,82.807,138.752,35.5,323.653,15.765,4.534,82.724,0.006,0.014,0.039,0.01,0.055,0.004,0.001,-97.831,-0.012,0.0,0.0,0.0,0.001,0.0,0.0,IDN,255852466.0,2437876809728.0,24.775,0.097,489.055,-26.899,-5.213,1433.831,-41.632,-2.822,5.604,0.588,0.792,1.911,0.201,0.27,164.219,0.642,512.286,2.002,0.21,461.133,10392.245,72525.258,2059.733,384.654,1862.204,71153.234,5624.521,402.403,7145.67,0.742,5.899,0.023,64.753,0.253,2.953,7.049,944.776,3.693,348.375,1.362,59.165,0.231,229.408,0.897,0.076,24.39,1809.826,1.703,1.385,3.548,1.095,1.409,0.717,3.263,0.3,2.434,0.949,9.144,1.104,5.859999999999999,1.531,0.983,18.467,1.981,8.248,3.306,0.011,0.035,0.047,0.001,1803.486,755.463,23.231,4.75,7.1311073442692715e-06,1.911472684418051e-06,7.484016389669687e-10,2.006069371711055e-10,1937.146,1837.594,1739.49,515.954,500.725,445.806,8.387619778574239e-10,8.436356012579808e-10,8.529694084284213e-10,2.23402158393559e-10,2.2988181091138872e-10,2.1860365974730567e-10
Indonesia,2014,IDN,258877350.0,2559933415424.0,76.05,7.287,65.166,16.87,35.461,9.18,3.865,0.907,691.589,6.424,28.313,1811.938,469.07,461.724,119.53,-2.772,-80.42,10895.81,2820.678,50.32,25.227,237.55,917.616,237.54,13.029,1.761,32.123,7171.867,0.725,1.618,28.214,784.657,203.13,6844.412,1771.863,85.514,95.292,0.788,3.45,441.333,233.856,60.54,1704.797,5.351,44.267,3366.656,871.551,25.486,23.735,164.28,-10.409,-4.702,38.578,58.561,15.16,149.022,6.382,2.075,17.211,4.726,87.533,132.92,34.41,338.127,14.486,4.708,0.01,0.004,1.993,0.0,0.0,0.0,0.0,0.0,0.0,0.0,-0.41,-3.549,861.46,89.077,23.06,3327.677,-3.311,-16.313,1840.211,476.389,9.708,46.33,32.068,19.24,10.06,7.144,2.138,74.321,38.86,123.873,8.1,4.235,1.725,917.577,1856.634,17.211,4.726,87.533,132.92,34.41,338.127,14.486,4.708,23.818,0.003,0.017,0.039,0.01,0.067,0.004,0.001,-100.0,-0.0,0.0,0.0,0.0,0.0,0.0,0.0,IDN,258877397.0,2559933415424.0,25.534,0.099,487.89,-1.165,-0.238,1646.372,212.54,14.823,6.36,0.643,0.895,1.885,0.191,0.265,173.584,0.671,509.618,1.969,0.199,486.667,10880.135,74171.633,2233.318,390.418,1924.619,72311.719,5845.114,402.403,7179.497,0.719,5.763,0.022,62.416,0.241,2.944,8.045,1158.482,4.475,357.85,1.382,62.849,0.243,220.593,0.852,0.076,24.39,1839.601,1.699,1.376,4.031,1.156,1.422,0.733,3.277,0.318,2.412,0.949,9.229,1.122,5.859999999999999,1.49,0.941,21.469,1.901,8.248,3.325,0.012,0.036,0.048,0.001,2082.551,762.209,21.728,4.453,7.171867295458613e-06,1.8846373057436069e-06,7.252665201420823e-10,1.9058698834133195e-10,1824.511,1937.146,1837.594,489.055,515.954,500.725,7.484016389669687e-10,8.387619778574239e-10,8.436356012579808e-10,2.006069371711055e-10,2.23402158393559e-10,2.2988181091138872e-10
Indonesia,2015,IDN,261799196.0,2684764028928.0,-50.407,-8.504,31.957,8.366,37.242,9.75,4.008,0.44,696.276,13.474,63.204,2033.138,532.274,476.166,124.66,0.329,9.273,10809.624,2829.951,51.241,28.02,243.29,929.3,243.28,13.041,2.145,39.827,7243.953,0.706,2.92,51.738,801.072,209.72,6965.647,1823.601,86.205,95.997,6.321,27.897,469.23,206.8,54.14,1792.328,-0.582,-5.073,3309.703,866.477,22.254,24.701,169.39,-9.371,-3.792,34.786,52.483,13.74,132.873,5.648,1.831,-22.85,-11.489,76.045,128.19,33.56,290.469,13.795,4.003,0.01,0.004,1.993,0.0,0.0,0.0,0.0,0.0,0.0,0.0,-4.569,-39.363,822.097,118.106,30.92,3140.18,-0.934,-4.447,1802.686,471.942,12.71,43.276,32.869,19.81,10.06,2.499,0.801,75.669,38.426,125.552,8.143,4.135,1.73,929.262,1896.461,-22.85,-11.489,76.045,128.19,33.56,290.469,13.795,4.003,-22.467,-0.004,0.013,0.038,0.01,0.051,0.004,0.001,-100.0,0.009,0.009,0.0,0.0,0.036,0.0,0.0,IDN,261799249.0,2684764028928.0,24.558,0.094,539.149,51.259,10.506,2042.726,396.354,24.074,7.803,0.761,1.095,2.059,0.201,0.289,197.815,0.756,544.59,2.08,0.203,511.224,11419.284,76214.352,2431.133,395.878,2018.872,73815.297,6062.177,402.403,7202.464,0.695,5.461,0.021,94.253,0.36,3.068,9.548,1503.577,5.743,348.702,1.332,62.732,0.24,217.063,0.829,0.076,24.39,1866.101,1.692,1.523,4.99,1.349,1.433,0.751,3.307,0.339,2.389,0.963,9.355,1.137,5.859999999999999,1.422,1.393,27.182,1.835,8.248,3.356,0.012,0.036,0.05,0.001,2499.634,803.156,5.44,1.009,7.243952727799793e-06,2.0593985737522033e-06,7.063790260767306e-10,2.0081802131983902e-10,1856.634,1824.511,1937.146,487.89,489.055,515.954,7.252665201420823e-10,7.484016389669687e-10,8.387619778574239e-10,1.9058698834133195e-10,2.006069371711055e-10,2.23402158393559e-10
Indonesia,2016,IDN,264627382.0,2819890085888.0,228.743,19.138,103.935,27.504,38.583,10.21,3.964,1.458,689.031,2.262,12.042,2056.916,544.316,511.587,135.38,-3.097,-87.645,10362.897,2742.306,52.565,28.845,258.24,975.863,257.55,13.963,-0.645,-12.233,7120.308,0.668,-2.533,-46.194,823.687,217.97,6716.638,1777.406,84.632,94.19,-6.2,-29.091,440.139,233.498,61.79,1663.241,-1.581,-13.698,3222.566,852.779,23.991,23.324,177.46,35.926,12.141,46.927,70.59,18.68,177.332,7.253,2.487,76.045,33.588,109.633,149.569,39.58,414.29,15.368,5.81,0.69,0.267,1.993,0.0,0.0,0.0,0.0,0.0,0.0,0.0,-3.545,-29.146,792.951,78.601,20.8,2996.481,5.099,24.066,1874.363,496.008,8.076,42.021,35.134,20.87,10.66,6.891,2.265,78.866,40.283,132.769,8.103,4.139,1.862,973.255,1884.228,76.045,33.588,109.633,149.569,39.58,414.29,15.368,5.81,299.432,0.04,0.053,0.076,0.02,0.2,0.008,0.003,53.784,0.005,0.014,0.038,0.01,0.054,0.004,0.001,IDN,264627428.0,2819890085888.0,28.71,0.108,540.086,0.936,0.174,1267.832,-774.894,-37.934,4.791,0.45,0.668,2.041,0.192,0.285,206.328,0.78,549.645,2.077,0.195,539.934,11959.371,77482.188,2637.461,400.968,2110.057,74543.039,6270.95,402.403,7243.88,0.673,5.089,0.019,91.185,0.345,3.06,6.555,727.747,2.75,351.554,1.328,61.809,0.234,208.773,0.789,0.076,24.39,1896.811,1.926,1.525,3.184,1.439,1.452,0.769,3.305,0.361,2.366,0.974,9.395,1.151,5.859999999999999,1.361,1.312,16.516,1.745,8.248,3.363,0.012,0.037,0.05,0.001,1734.726,809.794,9.559,1.77,7.120306242533862e-06,2.0409297860084175e-06,6.68192001322862e-10,1.9152732324668738e-10,1896.461,1856.634,1824.511,539.149,487.89,489.055,7.063790260767306e-10,7.252665201420823e-10,7.484016389669687e-10,2.0081802131983902e-10,1.9058698834133195e-10,2.006069371711055e-10
Indonesia,2017,IDN,267346608.0,2962852151296.0,-14.495,-3.987,87.966,23.517,42.903,11.47,4.315,1.16,688.448,4.004,21.793,2117.51,566.109,553.439,147.96,-1.868,-51.213,10065.934,2691.093,55.66,27.915,266.95,998.517,265.83,13.407,7.403,139.483,7569.617,0.683,7.801,138.65,832.777,222.64,7166.937,1916.056,83.753,94.482,13.513,59.476,499.615,208.83,55.83,1868.791,-2.448,-20.874,3111.708,831.905,21.002,24.636,183.01,-0.238,-0.346,46.581,69.685,18.63,174.234,7.008,2.297,-3.341,2.264,111.897,161.551,43.19,418.546,16.247,5.518,1.12,0.42,1.993,0.0,0.0,0.0,0.0,0.0,0.0,0.0,7.236,57.381,850.332,70.508,18.85,3180.635,-3.99,-19.791,1781.271,476.217,7.091,41.931,41.726,24.53,13.06,18.761,6.592,91.754,48.85,156.075,9.228,4.913,2.058,994.327,2023.711,-3.341,2.264,111.897,161.551,43.19,418.546,16.247,5.518,37.743,0.02,0.073,0.112,0.03,0.272,0.011,0.004,-100.0,-0.014,0.0,0.0,0.0,0.0,0.0,0.0,IDN,267346655.0,2962852151296.0,28.966,0.108,556.944,16.859,3.121,1223.53,-44.303,-3.494,4.577,0.413,0.622,2.083,0.188,0.283,221.093,0.827,564.067,2.11,0.19,568.9,12516.315,78705.711,2858.554,405.355,2194.396,75209.625,6489.11,402.403,7439.383,0.664,4.387,0.016,84.339,0.315,3.158,6.413,666.585,2.493,372.412,1.393,67.421,0.252,218.16,0.816,0.076,24.39,1967.708,1.919,1.548,3.042,1.523,1.471,0.787,3.301,0.383,2.339,0.981,9.428,1.165,5.859999999999999,1.133,1.183,15.755,1.796,8.248,3.369,0.012,0.038,0.051,0.001,1714.377,844.31,7.122,1.279,7.569615396055417e-06,2.083227860097961e-06,6.830280070218136e-10,1.8797563008886e-10,1884.228,1896.461,1856.634,540.086,539.149,487.89,6.68192001322862e-10,7.063790260767306e-10,7.252665201420823e-10,1.9152732324668738e-10,2.0081802131983902e-10,1.9058698834133195e-10
Indonesia,2018,IDN,269951801.0,3116158943232.0,45.801,10.771,127.017,34.289,44.934,12.13,4.274,1.606,684.062,15.831,89.62,2429.061,655.729,592.735,160.01,18.101,487.114,11773.24,3178.207,56.383,30.706,285.29,1056.818,283.79,13.866,5.329,107.85,7896.083,0.684,2.503,47.963,872.045,235.41,7275.443,1964.019,82.952,91.971,-13.719,-68.544,431.071,212.816,57.45,1596.843,-0.254,-2.113,3073.852,829.792,20.244,20.186,194.13,16.122,7.241,53.822,80.162,21.64,199.376,7.625,2.52,48.842,59.561,171.458,179.217,48.38,635.144,17.048,8.029,1.5,0.526,1.993,0.0,0.0,0.0,0.0,0.0,0.0,0.0,3.162,26.887,877.219,66.493,17.95,3249.54,-3.641,-17.338,1699.855,458.879,6.325,41.078,82.651,26.46,14.33,98.08,40.925,98.017,53.084,306.169,9.324,5.05,3.87,1051.262,2131.562,48.842,59.561,171.458,179.217,48.38,635.144,17.048,8.029,210.74,0.152,0.225,0.333,0.09,0.832,0.032,0.011,-100.0,0.473,0.473,0.704,0.19,1.751,0.067,0.022,IDN,269951847.0,3116158943232.0,30.832,0.114,594.101,37.157,6.672,1250.367,26.837,2.193,4.632,0.401,0.581,2.201,0.191,0.276,262.222,0.971,605.246,2.242,0.194,599.732,13110.416,79956.086,3120.776,409.301,2278.544,75865.891,6702.062,402.403,8056.51,0.69,3.946,0.015,84.148,0.312,3.376,6.604,656.266,2.431,403.493,1.495,71.515,0.265,212.953,0.789,0.076,24.39,2151.627,1.983,1.617,3.082,1.778,1.49,0.805,3.297,0.41,2.307,0.986,9.465,1.177,5.859999999999999,0.969,1.126,17.069,1.739,8.248,3.38,0.013,0.038,0.052,0.001,1782.69,911.39,11.145,1.876,7.896083641983154e-06,2.2007665685650883e-06,6.840350697224702e-10,1.906517000008394e-10,2023.711,1884.228,1896.461,556.944,540.086,539.149,6.830280070218136e-10,6.68192001322862e-10,7.063790260767306e-10,1.8797563008886e-10,1.9152732324668738e-10,2.0081802131983902e-10
Indonesia,2019,IDN,272489333.0,3272567947264.0,70.56,24.194,214.623,58.482,44.662,12.17,4.119,2.59,693.813,22.189,145.502,2940.413,801.231,640.355,174.49,12.221,388.421,13089.057,3566.628,59.061,35.484,297.12,1090.391,295.44,13.614,5.741,122.377,8271.659,0.689,5.067,99.519,907.925,247.4,7572.912,2063.538,83.74,91.387,-5.537,-23.867,407.204,228.706,62.32,1494.385,-8.923,-74.045,2773.492,755.747,21.094,18.034,204.98,-2.197,-1.443,52.379,77.654,21.16,192.223,7.162,2.32,28.884,23.023,194.482,176.3,48.04,713.722,16.26,8.613,1.68,0.565,1.993,0.0,0.0,0.0,0.0,0.0,0.0,0.0,-2.521,-22.116,855.103,38.864,10.59,3138.114,-3.377,-15.497,1627.154,443.382,3.584,37.87,82.13,26.28,14.11,-0.631,-0.521,96.444,51.782,301.405,8.895,4.776,3.637,1084.226,2253.939,28.884,23.023,194.482,176.3,48.04,713.722,16.26,8.613,31.029,0.068,0.293,0.44,0.12,1.074,0.041,0.013,154.764,0.725,1.198,1.762,0.48,4.397,0.162,0.053,IDN,272489379.0,3272567947264.0,30.156,0.111,653.792,59.69,10.047,1550.346,299.979,23.991,5.69,0.474,0.674,2.399,0.2,0.284,315.401,1.157,664.543,2.439,0.203,629.888,13764.208,81506.43,3436.177,413.085,2366.454,76762.445,6918.604,402.403,8530.325,0.703,3.784,0.014,87.91,0.323,3.62,7.721,896.554,3.29,415.455,1.525,70.887,0.26,216.541,0.795,0.076,24.39,2299.63,1.858,1.762,3.791,2.146,1.505,0.827,3.305,0.443,2.273,0.991,9.532,1.189,5.859999999999999,0.869,1.152,23.676,1.745,8.248,3.401,0.013,0.039,0.053,0.001,2103.968,986.537,10.751,1.644,8.271659573551056e-06,2.3993302138943095e-06,6.88737112970988e-10,1.9977950359948882e-10,2131.562,2023.711,1884.228,594.101,556.944,540.086,6.840350697224702e-10,6.830280070218136e-10,6.68192001322862e-10,1.906517000008394e-10,1.8797563008886e-10,1.9152732324668738e-10
Indonesia,2020,IDN,274814825.0,3204972544000.0,31.332,18.324,279.484,76.806,44.939,12.35,4.232,3.621,685.046,-4.475,-35.851,2785.075,765.38,658.152,180.87,-8.275,-295.135,11904.355,3271.493,61.98,36.086,293.37,1067.519,291.82,14.411,-6.106,-137.629,7700.859,0.66,-8.157,-168.316,869.422,238.93,6896.359,1895.222,81.876,89.356,-7.508,-30.574,376.63,186.598,51.28,1370.488,-12.088,-91.358,2417.587,664.389,17.572,17.757,199.91,14.952,7.683,60.062,88.532,24.33,218.553,8.337,2.832,21.76,31.264,225.746,192.457,52.89,821.447,18.124,10.644,1.55,0.528,1.993,0.0,0.0,0.0,0.0,0.0,0.0,0.0,-11.916,-101.891,753.212,24.671,6.78,2740.797,-4.694,-20.814,1537.649,422.569,2.323,35.513,87.283,27.92,15.57,6.274,5.153,101.596,56.656,317.606,9.568,5.335,4.115,1061.879,2116.31,21.76,31.264,225.746,192.457,52.89,821.447,18.124,10.644,44.547,0.129,0.422,0.619,0.17,1.536,0.058,0.02,-1.86,-0.025,1.173,1.71,0.47,4.268,0.161,0.055,IDN,274814864.0,3204972544000.0,26.297,0.096,608.223,-45.568,-6.97,1113.463,-436.882,-28.18,4.052,0.347,0.515,2.213,0.19,0.281,300.518,1.094,623.708,2.27,0.195,656.185,14372.431,82619.891,3736.695,416.61,2447.67,77267.68,7115.271,402.403,7959.13,0.675,3.525,0.013,81.217,0.296,3.36,6.122,505.24,1.838,399.503,1.454,71.915,0.262,196.666,0.716,0.076,24.39,2163.753,1.605,1.732,2.887,2.106,1.508,0.845,3.299,0.473,2.243,0.994,9.554,1.201,5.859999999999999,0.879,1.074,14.692,1.794,8.248,3.41,0.014,0.039,0.054,0.001,1682.395,923.432,15.485,2.546,7.700858205156844e-06,2.213209981247585e-06,6.603207893190614e-10,1.8977479265419878e-10,2253.939,2131.562,2023.711,653.792,594.101,556.944,6.88737112970988e-10,6.840350697224702e-10,6.830280070218136e-10,1.9977950359948882e-10,1.906517000008394e-10,1.8797563008886e-10
Indonesia,2021,IDN,276758010.0,3323654569984.0,10.643,8.174,307.058,84.981,54.054,14.96,4.836,3.86,684.219,-0.281,-2.15,2757.751,763.23,686.376,189.96,7.666,250.783,12726.919,3522.277,61.404,34.668,310.33,1121.304,309.36,14.739,3.798,80.37,7937.189,0.661,3.297,62.48,914.734,253.16,7073.696,1957.702,81.833,88.924,8.265,31.128,407.759,204.258,56.53,1473.34,0.163,1.084,2404.531,665.473,18.273,18.521,211.67,1.529,0.768,60.83,89.248,24.7,219.795,7.984,2.763,8.846,18.098,243.844,203.065,56.2,881.074,18.167,11.076,0.97,0.313,1.993,0.0,0.0,0.0,0.0,0.0,0.0,0.0,4.448,33.502,786.714,24.1,6.67,2842.605,-7.171,-30.303,1417.36,392.266,2.156,35.735,96.483,30.87,15.91,10.54,9.2,111.541,57.487,348.618,9.979,5.143,4.383,1117.8,2196.681,8.846,18.098,243.844,203.065,56.2,881.074,18.167,11.076,12.663,0.052,0.474,0.687,0.19,1.714,0.061,0.022,-8.0,-0.096,1.076,1.59,0.44,3.889,0.142,0.049,IDN,276758056.0,3323654569984.0,27.262,0.099,619.622,11.399,1.874,1055.7,-57.763,-5.188,3.815,0.318,0.477,2.239,0.186,0.28,303.154,1.095,627.949,2.269,0.189,683.447,14992.053,83675.594,4039.848,419.759,2531.43,77703.766,7317.568,402.403,8087.771,0.666,3.149,0.011,83.76,0.303,3.384,5.957,436.078,1.576,400.657,1.448,72.664,0.263,202.298,0.731,0.076,24.39,2214.053,1.607,1.675,2.604,2.003,1.512,0.863,3.288,0.502,2.211,0.996,9.566,1.211,5.859999999999999,0.777,1.057,12.274,1.754,8.248,3.415,0.014,0.04,0.055,0.001,1648.61,936.604,8.327,1.344,7.937190327391038e-06,2.2388580442984382e-06,6.609233762853325e-10,1.8642791750858236e-10,2116.31,2253.939,2131.562,608.223,653.792,594.101,6.603207893190614e-10,6.88737112970988e-10,6.840350697224702e-10,1.8977479265419878e-10,1.9977950359948882e-10,1.906517000008394e-10
Indonesia,2022,IDN,278830479.0,3500093472768.0,12.427,10.561,342.651,95.542,73.952,20.62,6.182,3.469,675.931,59.39,453.281,4362.904,1216.511,736.326,205.31,10.038,353.562,13900.342,3875.839,61.555,44.172,334.34,1199.08,333.54,12.664,25.154,552.562,9859.906,0.785,26.317,515.203,961.624,268.13,8868.849,2472.905,80.389,89.792,-2.314,-9.436,398.322,203.385,56.71,1428.546,-1.575,-10.482,2349.067,654.991,17.002,14.463,225.45,10.519,6.234,67.064,97.909,27.3,240.518,8.185,2.435,13.991,37.282,281.127,234.587,65.41,1008.235,19.611,10.208,0.8,0.239,1.993,0.0,0.0,0.0,0.0,0.0,0.0,0.0,9.07,71.359,858.073,21.913,6.11,3077.398,-6.694,-26.258,1312.652,366.007,1.832,31.157,116.556,37.31,16.69,20.805,20.073,133.809,59.857,418.018,11.186,5.004,4.232,1196.211,2749.242,13.991,37.282,281.127,234.587,65.41,1008.235,19.611,10.208,130.365,0.616,1.09,1.578,0.44,3.91,0.132,0.04,-18.535,-0.202,0.875,1.291,0.36,3.137,0.108,0.032,IDN,278830529.0,3500093472768.0,26.843,0.096,737.073,117.45,18.955,1193.859,138.159,13.087,4.282,0.341,0.428,2.643,0.211,0.264,404.573,1.451,713.712,2.56,0.204,710.29,15729.126,84869.445,4444.421,422.922,2617.361,78160.555,7534.131,402.403,10132.153,0.798,3.163,0.011,85.931,0.308,3.883,6.517,456.786,1.638,429.364,1.54,74.573,0.267,216.563,0.777,0.076,24.39,2791.422,1.676,1.976,2.924,2.664,1.518,0.886,3.282,0.542,2.182,0.998,9.58,1.223,5.859999999999999,0.785,1.089,12.9,1.818,8.248,3.427,0.014,0.041,0.056,0.001,1817.063,1082.793,-23.36,-3.169,9.859904877902498e-06,2.643444398443175e-06,7.854767369471995e-10,2.1058666168052252e-10,2196.681,2116.31,2253.939,619.622,608.223,653.792,6.609233762853325e-10,6.603207893190614e-10,6.88737112970988e-10,1.8642791750858236e-10,1.8977479265419878e-10,1.9977950359948882e-10
Indonesia,2023,IDN,281190021.0,3500093472768.0,17.62,16.834,399.643,112.376,79.946,22.48,6.412,4.027,682.43,-1.365,-16.604,4267.243,1199.906,770.938,216.78,12.765,494.744,15543.164,4370.583,61.831,43.004,351.49,1250.009,350.6,13.134,1.306,35.893,9904.814,0.785,0.765,18.917,1014.972,285.4,8861.701,2491.822,81.403,89.305,9.077,36.157,434.479,220.634,62.04,1545.144,4.038,26.448,2423.411,681.439,17.695,15.571,239.26,-9.91,-7.088,59.976,87.45,24.59,213.292,7.014,2.149,10.337,17.294,298.421,231.872,65.2,1061.278,18.597,10.695,0.89,0.253,1.993,0.0,0.0,0.0,0.0,0.0,0.0,0.0,-0.074,-0.636,857.437,23.401,6.58,3049.314,-1.197,-4.382,1286.052,361.625,1.877,30.73,123.158,39.42,16.94,5.664,6.602,140.19,60.244,437.988,11.244,4.832,4.414,1246.844,2785.135,10.337,17.294,298.421,231.872,65.2,1061.278,18.597,10.695,60.654,0.648,1.739,2.525,0.71,6.183,0.203,0.062,35.112,0.298,1.173,1.707,0.48,4.172,0.137,0.042,IDN,281190068.0,3500093472768.0,26.004,0.092,733.224,-3.849,-0.522,1288.977,95.118,7.967,4.584,0.341,0.459,2.608,0.211,0.261,399.051,1.419,713.712,2.56,0.204,736.294,16462.35,86158.43,4843.472,426.503,2706.018,78716.305,7750.063,402.403,10116.714,0.798,3.58,0.013,88.657,0.315,3.809,6.835,555.753,1.976,420.777,1.496,74.679,0.266,215.932,0.768,0.076,24.39,2807.733,1.657,1.94,3.112,2.591,1.522,0.908,3.279,0.58,2.154,1.002,9.606,1.233,5.859999999999999,0.871,1.122,15.332,1.769,8.248,3.44,0.015,0.041,0.057,0.001,1921.864,1071.142,-23.36,-3.169,9.90481450975812e-06,2.607574318734463e-06,7.957316059326311e-10,2.0948697676354915e-10,2749.242,2196.681,2116.31,737.073,619.622,608.223,7.854767369471995e-10,6.609233762853325e-10,6.603207893190614e-10,2.1058666168052252e-10,1.8642791750858236e-10,1.8977479265419878e-10
Indonesia,2024,IDN,283487881.0,3500093472768.0,7.367,8.279,425.607,120.655,79.946,22.48,6.412,4.034,682.43,9.287,111.439,4625.756,1311.346,805.796,228.433,7.862,343.634,16629.342,4714.217,60.898,43.848,351.49,1250.009,375.111,13.134,7.166,199.596,10528.603,0.785,6.871,171.225,1064.205,301.689,9393.864,2663.047,80.427,89.046,8.801,38.238,472.717,233.295,66.136,1667.503,4.762,32.449,2518.229,713.887,17.631,15.807,239.26,7.713,4.626,64.602,93.432,26.487,227.882,7.061,2.16,8.69,29.18,327.601,255.2,72.346,1155.609,19.287,10.954,0.89,0.253,1.993,0.0,0.0,0.0,0.0,0.0,0.0,0.0,2.513,21.547,878.984,25.114,7.12,3100.606,-3.778,-13.661,1227.438,347.964,1.898,29.391,138.913,44.452,16.94,12.793,15.755,156.804,60.244,490.014,11.85,4.832,4.645,1323.198,2984.731,8.69,29.18,327.601,255.2,72.346,1155.609,19.287,10.954,29.735,0.517,2.256,3.262,0.925,7.957,0.247,0.075,0.274,0.003,1.176,1.701,0.482,4.15,0.129,0.039,IDN,281190068.0,3500093472768.0,26.004,0.092,733.224,-3.849,-0.522,1288.977,95.118,7.967,4.584,0.341,0.459,2.608,0.211,0.261,399.051,1.419,713.712,2.56,0.204,736.294,16462.35,86158.43,4843.472,426.503,2706.018,78716.305,7750.063,402.403,10116.714,0.798,3.58,0.013,88.657,0.315,3.809,6.835,555.753,1.976,420.777,1.496,74.679,0.266,215.932,0.768,0.076,24.39,2807.733,1.657,1.94,3.112,2.591,1.522,0.908,3.279,0.58,2.154,1.002,9.606,1.233,5.859999999999999,0.871,1.122,15.332,1.769,8.248,3.44,0.015,0.041,0.057,0.001,1921.864,1071.142,-23.36,-3.169,1.0528601749998581e-05,2.607574318734463e-06,8.527575115414182e-10,2.0948697676354915e-10,2785.135,2749.242,2196.681,733.224,737.073,619.622,7.957316059326311e-10,7.854767369471995e-10,6.609233762853325e-10,2.0948697676354915e-10,2.1058666168052252e-10,1.8642791750858236e-10
Iran,1993,IRN,61403494.0,419990110208.0,10.568,0.0,0.0,0.0,0.0,0.0,0.0,0.0,667.449,22.926,2.381,207.912,12.767,1.563,0.096,16.787,1.304,147.751,9.072,0.129,1.42,118.67,1786.698,74.686,8.486,-7.466,-72.676,14669.332,2.145,-8.096,-76.605,1044.778,64.153,14162.098,869.602,85.897,96.745,-45.891,-140.051,165.132,656.048,40.284,2689.288,-46.567,-143.913,2689.288,165.132,53.937,18.371,79.66,14.439,3.692,29.258,171.537,10.533,476.493,14.103,3.255,14.439,3.692,29.258,171.537,10.533,476.493,14.103,3.255,-0.68,-0.573,1255.695,0.0,0.0,0.0,0.0,0.0,0.0,0.0,9.683,61.065,691.704,387.166,23.773,11264.898,4.904,100.194,34905.812,2143.339,31.831,76.953,0.0,0.0,8.82,500.0,0.0,0.0,7.895,0.0,0.0,0.233,0.0,1216.315,900.748,14.439,3.692,29.258,171.537,10.533,476.493,14.103,3.255,0.0,0.0,0.0,0.0,0.0,0.0,0.0,0.0,4.286,0.0,0.0,0.0,0.0,0.0,0.0,0.0,IRN,61403548.0,419990110208.0,7.945,0.129,236.993,8.799,3.856,257.989,-3.534,-1.351,4.202,0.614,0.286,3.86,0.564,0.263,4.133,0.067,213.987,3.485,0.51,119.565,5253.406,7002.931,83.977,1000.144,694.463,2542.665,3355.257,402.403,15073.914,2.145,17.697,0.288,60.69,0.988,5.814,6.771,20.997,0.342,137.954,2.247,19.809,0.323,146.528,2.386,0.076,24.39,900.748,1.439,1.041,0.93,0.049,0.862,0.599,0.454,0.018,11.201,0.764,0.381,1.128,5.859999999999999,7.57,1.508,0.422,1.59,8.248,0.749,0.004,0.003,0.008,0.0,415.752,356.984,-23.006,-9.707,1.4669328100449551e-05,3.859597819982587e-06,2.1446885964860097e-09,5.642823348450497e-10,973.424,880.229,811.283,228.194,223.046,211.075,2.2904918313568505e-09,2.339273255799872e-09,2.547373296627688e-09,5.369463799584201e-10,5.927611367191245e-10,6.627611062794231e-10
Iran,1994,IRN,61520555.0,419488432128.0,10.568,0.0,0.0,0.0,0.0,0.0,0.0,0.0,667.449,0.402,0.051,208.351,12.818,1.544,0.095,14.021,1.272,168.147,10.344,0.117,1.272,118.67,1786.698,81.004,8.139,11.99,107.997,16396.879,2.405,13.656,118.751,1204.605,74.108,16065.422,988.354,91.487,98.099,58.088,95.921,261.053,768.01,47.248,4243.343,58.852,97.183,4263.853,262.315,58.328,25.911,79.66,-34.53,-10.103,19.156,112.093,6.896,311.368,8.513,1.901,-34.53,-10.103,19.156,112.093,6.896,311.368,8.513,1.901,-0.68,-0.573,1255.695,0.0,0.0,0.0,0.0,0.0,0.0,0.0,3.293,22.779,714.483,435.051,26.765,11613.729,0.375,8.031,34969.938,2151.37,33.041,70.916,0.0,0.0,8.82,500.0,0.0,0.0,7.895,0.0,0.0,0.233,0.0,1316.698,1008.745,-34.53,-10.103,19.156,112.093,6.896,311.368,8.513,1.901,0.0,0.0,0.0,0.0,0.0,0.0,0.0,0.0,4.286,0.0,0.0,0.0,0.0,0.0,0.0,0.0,IRN,61520597.0,419488432128.0,8.274,0.134,264.822,27.829,11.743,271.847,13.858,5.371,4.419,0.648,0.269,4.305,0.631,0.263,4.173,0.068,234.569,3.813,0.559,127.839,5518.228,7274.777,88.15,1021.965,767.75,2549.69,3512.523,402.403,16816.41,2.405,21.821,0.355,73.287,1.191,6.361,7.203,7.025,0.114,144.413,2.347,20.591,0.335,157.266,2.556,0.076,24.39,1008.745,1.404,1.152,0.941,0.049,0.884,0.613,0.463,0.019,11.055,0.808,0.378,1.145,5.859999999999999,6.934,1.804,0.119,1.7,8.248,0.749,0.004,0.003,0.008,0.0,443.155,391.356,-30.253,-11.424,1.6396877433891546e-05,4.304607122066707e-06,2.4047027825839974e-09,6.312975036202999e-10,900.748,973.424,880.229,236.993,228.194,223.046,2.1446885964860097e-09,2.2904918313568505e-09,2.339273255799872e-09,5.642823348450497e-10,5.369463799584201e-10,5.927611367191245e-10
Iran,1995,IRN,62205523.0,437566111744.0,10.568,0.0,0.0,0.0,0.0,0.0,0.0,0.0,667.449,-6.342,-0.813,192.989,12.005,1.463,0.091,-11.988,-1.24,146.361,9.104,0.108,1.136,118.67,1786.698,84.353,8.098,4.877,49.199,17007.24,2.418,4.551,44.979,1222.239,76.03,16611.598,1033.333,90.133,97.812,22.075,57.627,318.68,749.124,46.6,5123.017,21.488,56.365,5123.017,318.68,55.244,30.165,79.66,20.693,3.964,23.119,133.798,8.323,371.662,9.867,2.188,20.693,3.964,23.119,133.798,8.323,371.662,9.867,2.188,-0.68,-0.573,1255.695,0.0,0.0,0.0,0.0,0.0,0.0,0.0,-1.656,-11.835,702.648,471.652,29.339,11295.592,0.255,5.489,34673.113,2156.859,34.782,66.51,0.0,0.0,8.82,500.0,0.0,0.0,7.895,0.0,0.0,0.233,0.0,1356.037,1057.944,20.693,3.964,23.119,133.798,8.323,371.662,9.867,2.188,0.0,0.0,0.0,0.0,0.0,0.0,0.0,0.0,4.286,0.0,0.0,0.0,0.0,0.0,0.0,0.0,IRN,62205571.0,437566111744.0,8.591,0.138,270.875,6.053,2.286,260.918,-10.929,-4.02,4.194,0.596,0.247,4.355,0.619,0.256,3.909,0.063,248.755,3.999,0.568,136.431,5789.103,7535.696,92.059,1042.157,849.325,2539.733,3669.13,402.403,17401.883,2.418,20.192,0.325,81.575,1.311,6.319,6.977,-9.957,-0.16,140.413,2.257,20.926,0.336,156.607,2.518,0.076,24.39,1057.944,1.378,1.151,0.901,0.044,0.904,0.627,0.471,0.019,10.889,0.856,0.374,1.161,5.859999999999999,6.187,1.934,-0.183,1.677,8.248,0.75,0.004,0.003,0.008,0.0,434.021,393.084,-22.121,-8.166,1.7007235836598993e-05,4.3545135209834445e-06,2.417792355498853e-09,6.19049311018118e-10,1008.745,900.748,973.424,264.822,236.993,228.194,2.4047027825839974e-09,2.1446885964860097e-09,2.2904918313568505e-09,6.312975036202999e-10,5.642823348450497e-10,5.369463799584201e-10
Iran,1996,IRN,62881242.0,483475488768.0,10.568,0.0,0.0,0.0,0.0,0.0,0.0,0.0,667.449,4.609,0.553,199.715,12.558,1.463,0.092,-10.369,-0.944,129.774,8.16,0.103,1.093,118.67,1786.698,89.74,7.916,8.785,92.939,18302.49,2.38,8.854,91.487,1286.966,80.926,17888.012,1124.82,90.178,97.87,17.608,56.114,374.794,780.747,49.094,5960.344,17.608,56.114,5960.344,374.794,54.707,32.611,79.66,5.899,1.364,24.483,140.169,8.814,389.358,9.822,2.13,5.899,1.364,24.483,140.169,8.814,389.358,9.822,2.13,-0.68,-0.573,1255.695,0.0,0.0,0.0,0.0,0.0,0.0,0.0,4.956,34.82,737.468,504.755,31.74,11727.953,0.639,13.784,34519.73,2170.644,35.368,64.167,0.0,0.0,8.82,500.0,0.0,0.0,7.895,0.0,0.0,0.233,0.0,1427.135,1150.883,5.899,1.364,24.483,140.169,8.814,389.358,9.822,2.13,0.0,0.0,0.0,0.0,0.0,0.0,0.0,0.0,4.286,0.0,0.0,0.0,0.0,0.0,0.0,0.0,IRN,62881296.0,483475488768.0,8.775,0.14,276.62,5.745,2.121,285.515,24.597,9.427,4.541,0.591,0.248,4.399,0.572,0.24,4.089,0.065,263.81,4.195,0.546,145.206,6065.723,7821.211,96.148,1063.877,930.571,2548.627,3829.921,402.403,18683.662,2.38,21.72,0.345,81.246,1.292,6.451,7.268,8.895,0.141,147.455,2.345,21.78,0.346,160.791,2.557,0.076,24.39,1150.883,1.379,1.14,0.943,0.045,0.924,0.64,0.48,0.02,10.724,0.898,0.372,1.176,5.859999999999999,6.198,1.845,0.148,1.671,8.248,0.751,0.004,0.003,0.008,0.0,457.008,405.632,-12.811,-4.631,1.8302485183100895e-05,4.399082359880044e-06,2.380437119847996e-09,5.721489639627595e-10,1057.944,1008.745,900.748,270.875,264.822,236.993,2.417792355498853e-09,2.4047027825839974e-09,2.1446885964860097e-09,6.19049311018118e-10,6.312975036202999e-10,5.642823348450497e-10
Iran,1997,IRN,63639588.0,512736329728.0,10.568,0.0,0.0,0.0,0.0,0.0,0.0,0.0,667.449,2.498,0.314,202.264,12.872,1.508,0.096,18.628,1.52,152.114,9.68,0.099,1.086,118.67,1786.698,96.983,8.257,3.063,35.251,18638.305,2.313,3.889,43.746,1430.588,91.042,18362.258,1168.567,93.874,98.607,6.065,22.73,397.523,925.405,58.892,6246.481,5.071,19.005,6187.962,393.799,60.724,33.544,79.66,-32.596,-7.981,16.503,93.354,5.941,259.316,6.126,1.393,-32.596,-7.981,16.503,93.354,5.941,259.316,6.126,1.393,-0.68,-0.573,1255.695,0.0,0.0,0.0,0.0,0.0,0.0,0.0,2.807,20.703,758.171,503.674,32.054,11913.513,0.172,3.732,34167.031,2174.376,33.051,63.977,0.0,0.0,8.82,500.0,0.0,0.0,7.895,0.0,0.0,0.233,0.0,1523.941,1186.134,-32.596,-7.981,16.503,93.354,5.941,259.316,6.126,1.393,0.0,0.0,0.0,0.0,0.0,0.0,0.0,0.0,4.286,0.0,0.0,0.0,0.0,0.0,0.0,0.0,IRN,63639637.0,512736329728.0,9.471,0.149,269.263,-7.357,-2.66,259.496,-26.019,-9.113,4.078,0.506,0.219,4.231,0.525,0.227,4.195,0.066,267.997,4.211,0.523,154.677,6334.986,8080.707,100.344,1085.348,1021.486,2538.86,3973.132,402.403,18984.059,2.313,21.471,0.337,90.915,1.429,6.274,6.918,-9.767,-0.153,148.236,2.329,22.922,0.36,143.211,2.25,0.076,24.39,1186.134,1.43,1.103,0.816,0.047,0.944,0.651,0.487,0.02,10.564,0.945,0.366,1.184,5.859999999999999,6.086,2.057,-0.132,1.467,8.248,0.752,0.004,0.004,0.008,0.0,440.265,399.272,-1.266,-0.47,1.863830419518086e-05,4.231058074702654e-06,2.313341051197267e-09,5.251490569096996e-10,1150.883,1057.944,1008.745,276.62,270.875,264.822,2.380437119847996e-09,2.417792355498853e-09,2.4047027825839974e-09,5.721489639627595e-10,6.19049311018118e-10,6.312975036202999e-10
Iran,1998,IRN,64519819.0,541099753472.0,10.568,0.0,0.0,0.0,0.0,0.0,0.0,0.0,667.449,16.448,2.117,232.319,14.989,1.736,0.112,1.653,0.16,152.518,9.84,0.109,1.215,118.67,1786.698,102.385,8.386,4.162,49.373,19149.26,2.283,3.834,44.798,1470.819,94.897,18806.078,1213.365,92.686,98.315,16.298,64.79,462.314,1112.14,71.755,7165.45,12.93,50.918,6892.732,444.718,70.084,37.46,79.66,26.039,4.297,20.8,116.057,7.488,322.382,7.314,1.685,26.039,4.297,20.8,116.057,7.488,322.382,7.314,1.685,-0.68,-0.573,1255.695,0.0,0.0,0.0,0.0,0.0,0.0,0.0,-2.916,-22.109,736.062,356.943,23.03,11408.311,2.046,44.483,34390.348,2218.859,22.493,59.641,0.0,0.0,8.82,500.0,0.0,0.0,7.895,0.0,0.0,0.233,0.0,1586.877,1235.507,26.039,4.297,20.8,116.057,7.488,322.382,7.314,1.685,0.0,0.0,0.0,0.0,0.0,0.0,0.0,0.0,4.286,0.0,0.0,0.0,0.0,0.0,0.0,0.0,IRN,64519866.0,541099753472.0,9.989,0.155,305.642,36.379,13.511,266.373,6.877,2.65,4.129,0.492,0.216,4.737,0.565,0.247,4.884,0.076,307.881,4.772,0.569,164.666,6640.628,8347.08,105.228,1102.594,1120.138,2499.591,4148.002,402.403,19468.623,2.283,17.247,0.267,98.652,1.529,6.521,6.915,-39.269,-0.609,133.837,2.074,23.785,0.369,174.87,2.71,0.076,24.39,1235.507,1.513,1.258,0.875,0.056,0.966,0.666,0.494,0.021,10.392,0.996,0.358,1.201,5.859999999999999,5.125,2.208,-0.639,1.769,8.248,0.753,0.004,0.004,0.008,0.0,446.165,420.75,2.239,0.733,1.9149263267461755e-05,4.737176608519231e-06,2.283325749221457e-09,5.648533344153814e-10,1186.134,1150.883,1057.944,269.263,276.62,270.875,2.313341051197267e-09,2.380437119847996e-09,2.417792355498853e-09,5.251490569096996e-10,5.721489639627595e-10,6.19049311018118e-10
Iran,1999,IRN,65445344.0,563869057024.0,10.568,0.0,0.0,0.0,0.0,0.0,0.0,0.0,667.449,-4.832,-0.724,217.966,14.265,6.372,0.417,-15.447,-1.52,127.135,8.32,0.379,1.072,118.67,1786.698,110.088,8.331,7.775,96.062,20346.264,2.361,8.48,102.892,1603.017,104.91,20112.309,1316.257,95.296,98.919,18.908,87.413,549.726,1178.855,77.151,8399.778,19.132,85.082,8095.309,529.8,70.081,41.313,79.66,-31.317,-6.514,14.286,78.585,5.143,218.291,4.672,1.074,-30.849,-6.417,14.383,79.119,5.178,219.776,4.704,1.081,-0.68,-0.573,1255.695,0.0,0.0,0.0,0.0,0.0,0.0,0.0,2.201,16.204,752.266,417.79,27.342,11494.564,-6.641,-147.354,31652.445,2071.505,24.837,56.534,0.0,0.0,8.82,500.0,0.0,0.0,7.895,0.0,0.0,0.233,0.0,1682.136,1331.568,-30.849,-6.417,14.383,79.119,5.178,219.776,4.704,1.081,0.0,0.0,0.0,0.0,0.0,0.0,0.0,0.0,4.286,0.097,0.097,0.535,0.035,1.486,0.032,0.007,IRN,65445389.0,563869057024.0,10.956,0.167,374.452,68.811,22.513,387.483,121.11,45.466,5.921,0.687,0.291,5.722,0.664,0.281,4.976,0.076,324.624,4.96,0.576,175.622,7015.08,8734.562,110.203,1119.11,1234.425,2512.622,4375.719,402.403,20652.555,2.361,16.516,0.252,114.287,1.746,7.487,8.241,13.03,0.199,133.596,2.041,23.414,0.358,227.718,3.48,0.076,24.39,1331.568,1.582,1.507,1.256,0.056,0.99,0.687,0.507,0.021,10.23,1.054,0.356,1.231,5.859999999999999,5.005,2.477,0.217,2.247,8.248,0.765,0.005,0.004,0.009,0.0,539.332,490.005,-49.828,-13.307,2.0346260232049198e-05,5.721594839935848e-06,2.361484432268331e-09,6.640761633140337e-10,1235.507,1186.134,1150.883,305.642,269.263,276.62,2.283325749221457e-09,2.313341051197267e-09,2.380437119847996e-09,5.648533344153814e-10,5.251490569096996e-10,5.721489639627595e-10
Iran,2000,IRN,66418621.0,595554533376.0,10.568,0.0,0.0,0.0,0.0,0.0,0.0,0.0,667.449,6.273,0.895,228.244,15.16,7.227,0.48,10.385,0.864,138.281,9.184,0.402,1.086,118.67,1786.698,119.35,8.592,4.881,65.0,21026.754,2.345,5.244,69.023,1739.422,115.53,20856.795,1385.28,96.799,99.24,8.128,44.682,594.409,1227.969,81.56,8949.43,6.336,33.566,8482.051,563.366,68.337,42.583,79.66,-26.483,-3.783,10.503,56.912,3.78,158.13,3.167,0.752,-26.275,-3.779,10.604,57.514,3.82,159.657,3.201,0.76,-0.68,-0.573,1255.695,0.0,0.0,0.0,0.0,0.0,0.0,0.0,3.117,23.445,775.711,504.226,33.49,11679.122,7.606,157.562,33560.871,2229.067,28.06,55.571,0.0,0.0,8.82,500.0,0.0,0.0,7.895,0.0,0.0,0.233,0.0,1796.936,1396.568,-26.275,-3.779,10.604,57.514,3.82,159.657,3.201,0.76,0.0,0.0,0.0,0.0,0.0,0.0,0.0,0.0,4.286,0.004,0.101,0.602,0.04,1.527,0.034,0.007,IRN,66418662.0,595554533376.0,12.029,0.181,367.213,-7.239,-1.933,372.269,-15.214,-3.926,5.605,0.625,0.267,5.529,0.617,0.263,5.328,0.08,290.598,4.375,0.488,187.651,7382.293,9106.831,115.531,1138.401,1354.873,2517.677,4585.837,402.403,21307.211,2.345,19.291,0.29,120.448,1.813,7.449,8.113,5.056,0.076,145.124,2.185,23.03,0.347,210.118,3.164,0.076,24.39,1396.568,1.661,1.439,1.208,0.058,1.016,0.705,0.52,0.022,10.086,1.112,0.354,1.254,5.859999999999999,5.558,2.536,0.095,2.046,8.248,0.784,0.005,0.004,0.009,0.0,538.874,494.768,-76.616,-20.864,2.1026753927938056e-05,5.528762383078336e-06,2.3449876069002814e-09,6.165900508193464e-10,1331.568,1235.507,1186.134,374.452,305.642,269.263,2.361484432268331e-09,2.283325749221457e-09,2.313341051197267e-09,6.640761633140337e-10,5.648533344153814e-10,5.251490569096996e-10
Iran,2001,IRN,67451952.0,636570238976.0,10.568,0.0,0.0,0.0,0.0,0.0,0.0,0.0,667.764,-1.963,-0.298,220.335,14.862,6.968,0.47,-2.962,-0.272,132.13,8.912,0.368,0.997,127.29,1887.121,127.59,8.597,6.843,95.574,22121.549,2.344,6.833,94.653,1830.043,123.44,21940.553,1479.933,96.747,99.23,11.931,70.918,665.327,1326.87,89.5,9863.718,11.127,62.686,9281.457,626.052,70.147,44.611,85.2,9.019,0.884,11.387,61.081,4.12,168.813,3.229,0.763,8.859,0.876,11.48,61.525,4.15,170.193,3.253,0.77,-0.3,-0.236,1255.695,0.0,0.0,0.0,0.0,0.0,0.0,0.0,3.098,24.033,799.744,496.205,33.47,11856.499,-0.971,-21.635,32725.986,2207.432,26.232,53.623,0.0,0.0,8.82,500.0,0.0,0.0,7.895,0.0,0.0,0.233,0.0,1891.569,1492.142,8.859,0.876,11.48,61.525,4.15,170.193,3.253,0.77,0.0,0.0,0.0,0.0,0.0,0.0,0.0,0.0,-7.671,-0.008,0.093,0.445,0.03,1.38,0.024,0.006,IRN,67452003.0,636570238976.0,13.673,0.203,389.909,22.696,6.181,395.063,22.794,6.123,5.857,0.621,0.265,5.781,0.613,0.261,4.14,0.061,314.283,4.659,0.494,201.324,7772.203,9501.895,119.671,1155.39,1482.527,2522.831,4813.291,402.403,22379.375,2.344,16.988,0.252,127.654,1.893,7.554,8.208,5.154,0.076,136.681,2.026,23.432,0.347,227.454,3.372,0.076,24.39,1492.142,1.805,1.517,1.296,0.045,1.048,0.724,0.533,0.022,9.941,1.17,0.353,1.28,5.859999999999999,5.061,2.662,0.108,2.198,8.248,0.803,0.005,0.004,0.009,0.0,553.658,509.508,-75.626,-19.396,2.2121554021149426e-05,5.780539978923891e-06,2.3440335545693913e-09,6.125152828809837e-10,1396.568,1331.568,1235.507,367.213,374.452,305.642,2.3449876069002814e-09,2.361484432268331e-09,2.283325749221457e-09,6.165900508193464e-10,6.640761633140337e-10,5.648533344153814e-10
Iran,2002,IRN,68011265.0,698059653120.0,10.568,0.0,0.0,0.0,0.0,0.0,0.0,0.0,651.812,-5.251,-0.78,207.047,14.082,7.646,0.52,-7.361,-0.656,121.397,8.256,0.376,0.867,138.41,2035.104,138.23,8.581,8.996,134.226,23913.211,2.33,8.309,122.96,1914.242,130.19,23568.059,1602.894,94.184,98.644,17.567,116.876,782.203,1441.526,98.04,11501.084,18.915,118.419,10946.296,744.471,70.925,48.138,90.1,94.372,10.564,21.951,117.775,8.01,322.751,5.795,1.351,93.525,10.554,22.034,118.216,8.04,323.971,5.816,1.356,0.18,0.13,1255.695,0.0,0.0,0.0,0.0,0.0,0.0,0.0,0.858,6.865,806.609,465.07,31.63,11859.928,-5.628,-124.233,30630.193,2083.198,22.882,49.64,0.0,0.0,8.82,500.0,0.0,0.0,7.895,0.0,0.0,0.233,0.0,2032.457,1626.368,93.525,10.554,22.034,118.216,8.04,323.971,5.816,1.356,0.0,0.0,0.0,0.0,0.0,0.0,0.0,0.0,-10.089,-0.01,0.083,0.441,0.03,1.221,0.022,0.005,IRN,68011316.0,698059653120.0,14.068,0.207,397.031,7.122,1.827,402.807,7.744,1.96,5.923,0.577,0.248,5.838,0.569,0.244,4.664,0.069,302.646,4.45,0.434,215.392,8169.234,9904.701,124.336,1171.946,1626.343,2528.607,5031.218,402.403,24156.205,2.33,16.556,0.243,143.816,2.115,7.645,8.296,5.775,0.085,139.391,2.05,24.358,0.358,217.927,3.204,0.076,24.39,1626.368,1.792,1.511,1.283,0.048,1.077,0.743,0.546,0.023,9.809,1.236,0.351,1.302,5.859999999999999,5.1,2.913,0.113,2.109,8.248,0.819,0.005,0.004,0.01,0.0,564.234,519.959,-94.385,-23.773,2.391321496519696e-05,5.837719711231498e-06,2.3298409995920777e-09,5.687637127077281e-10,1492.142,1396.568,1331.568,389.909,367.213,374.452,2.3440335545693913e-09,2.3449876069002814e-09,2.361484432268331e-09,6.125152828809837e-10,6.165900508193464e-10,6.640761633140337e-10
Iran,2003,IRN,68769299.0,779969691648.0,10.568,0.0,0.0,0.0,0.0,0.0,0.0,0.0,648.994,8.349,1.176,221.86,15.257,6.834,0.47,10.756,0.888,132.972,9.144,0.31,0.922,152.22,2213.488,151.65,9.259,1.834,29.827,24083.342,2.123,1.586,25.415,2065.311,142.03,23677.834,1628.308,93.656,98.416,2.629,20.564,802.767,1597.37,109.85,11673.34,4.89,36.405,11355.012,780.876,72.437,48.52,98.42,19.67,4.175,26.125,139.452,9.59,379.898,6.324,1.579,19.563,4.167,26.201,139.888,9.62,380.992,6.344,1.584,0.57,0.374,1255.695,0.0,0.0,0.0,0.0,0.0,0.0,0.0,0.456,3.675,810.284,461.107,31.71,11782.635,12.822,267.106,34176.652,2350.304,20.91,48.974,0.0,0.0,8.82,500.0,0.0,0.0,7.895,0.0,0.0,0.233,0.0,2205.199,1656.195,19.563,4.167,26.201,139.888,9.62,380.992,6.344,1.584,0.0,0.0,0.0,0.0,0.0,0.0,0.0,0.0,-8.911,-0.008,0.075,0.436,0.03,1.094,0.02,0.005,IRN,68769345.0,779969691648.0,14.639,0.213,410.967,13.935,3.51,418.96,16.154,4.01,6.092,0.537,0.253,5.976,0.527,0.248,5.188,0.075,364.528,5.301,0.467,230.031,8580.2,10323.662,129.524,1193.827,1784.811,2536.601,5242.008,402.403,24372.035,2.123,21.881,0.318,158.468,2.304,8.143,8.829,7.994,0.116,165.446,2.406,25.137,0.366,210.79,3.065,0.076,24.39,1656.194,1.695,1.485,1.242,0.049,1.102,0.761,0.558,0.023,9.712,1.305,0.349,1.32,5.859999999999999,6.351,3.096,0.132,1.988,8.248,0.837,0.005,0.005,0.01,0.0,607.136,559.989,-46.439,-11.3,2.408334858844462e-05,5.9760202747313356e-06,2.123409432103216e-09,5.269012429594114e-10,1626.368,1492.142,1396.568,397.031,389.909,367.213,2.3298409995920777e-09,2.3440335545693913e-09,2.3449876069002814e-09,5.687637127077281e-10,6.125152828809837e-10,6.165900508193464e-10
Iran,2004,IRN,70256267.0,849441914880.0,10.568,0.0,0.0,0.0,0.0,0.0,0.0,0.0,641.558,4.68,0.714,227.328,15.971,6.832,0.48,7.087,0.648,139.382,9.792,0.295,0.873,163.09,2321.359,162.76,8.995,10.612,175.763,26075.365,2.157,10.387,169.13,2146.143,150.78,25584.02,1797.438,92.639,98.226,16.168,129.793,932.56,1631.314,114.61,13273.694,16.587,129.525,12958.293,910.401,70.417,50.962,104.42,24.458,6.213,32.339,169.807,11.93,460.297,7.33,1.767,24.582,6.264,32.464,170.519,11.98,462.083,7.361,1.774,0.33,0.202,1255.695,0.0,0.0,0.0,0.0,0.0,0.0,0.0,4.767,38.623,848.906,507.997,35.69,12082.999,3.337,78.419,34569.496,2428.724,21.928,46.391,0.0,0.0,8.82,500.0,0.0,0.0,7.895,0.0,0.0,0.233,0.0,2316.662,1831.958,24.582,6.264,32.464,170.519,11.98,462.083,7.361,1.774,0.0,0.0,0.0,0.0,0.0,0.0,0.0,0.0,67.754,0.05,0.125,0.712,0.05,1.786,0.031,0.007,IRN,70256316.0,849441914880.0,15.761,0.224,442.119,31.153,7.58,452.316,33.355,7.961,6.438,0.532,0.247,6.293,0.52,0.241,4.994,0.071,389.864,5.549,0.459,245.792,9022.319,10775.977,134.518,1214.526,1963.711,2546.797,5463.774,402.403,26526.402,2.157,20.699,0.295,178.9,2.546,8.55,9.272,10.196,0.145,165.155,2.351,36.276,0.516,221.765,3.157,0.076,24.39,1831.958,1.746,1.544,1.329,0.046,1.129,0.781,0.572,0.024,9.613,1.383,0.348,1.339,5.859999999999999,6.042,3.385,0.189,2.016,8.248,0.857,0.005,0.005,0.011,0.0,651.389,600.688,-52.256,-11.819,2.6075367767546973e-05,6.2929431141819866e-06,2.1566607061753004e-09,5.204817330711281e-10,1656.195,1626.368,1492.142,410.967,397.031,389.909,2.123409432103216e-09,2.3298409995920777e-09,2.3440335545693913e-09,5.269012429594114e-10,5.687637127077281e-10,6.125152828809837e-10
Iran,2005,IRN,71828417.0,908856000512.0,10.568,0.0,0.0,0.0,0.0,0.0,0.0,0.0,636.302,13.346,2.132,252.028,18.103,7.936,0.57,27.124,2.656,173.31,12.449,0.322,0.934,176.39,2455.713,177.07,9.255,5.914,108.342,27012.984,2.135,5.635,101.288,2263.032,162.55,26434.193,1898.726,91.8,97.986,4.065,37.909,970.469,1734.411,124.58,13510.935,6.121,55.724,13450.46,966.125,70.356,50.082,112.67,21.076,6.5,38.839,201.174,14.45,540.715,8.161,2.004,21.2,6.565,39.029,202.148,14.52,543.368,8.2,2.014,-0.68,-0.386,1255.695,0.0,0.0,0.0,0.0,0.0,0.0,0.0,7.215,61.248,910.154,520.685,37.4,12671.23,-0.46,-11.183,33657.164,2417.541,21.122,46.97,0.0,0.0,8.82,500.0,0.0,0.0,7.895,0.0,0.0,0.233,0.0,2465.18,1940.3,21.2,6.565,39.029,202.148,14.52,543.368,8.2,2.014,0.0,0.0,0.0,0.0,0.0,0.0,0.0,0.0,53.132,0.065,0.191,0.975,0.07,2.653,0.04,0.01,IRN,71828456.0,908856000512.0,16.125,0.224,466.784,24.665,5.579,481.374,29.058,6.424,6.702,0.53,0.248,6.499,0.514,0.241,6.086,0.085,401.952,5.596,0.442,261.917,9489.104,11257.352,140.604,1236.45,2163.871,2561.386,5686.263,402.403,27646.455,2.135,21.924,0.305,200.161,2.787,8.807,9.544,14.59,0.203,175.264,2.44,34.167,0.476,222.489,3.098,0.076,24.39,1940.3,1.665,1.576,1.395,0.053,1.152,0.801,0.587,0.024,9.524,1.468,0.348,1.357,5.859999999999999,6.302,3.705,0.298,2.003,8.248,0.878,0.006,0.005,0.011,0.0,685.56,632.569,-64.833,-13.889,2.7012985682254044e-05,6.498594373238282e-06,2.1348816522165674e-09,5.135951126878618e-10,1831.958,1656.195,1626.368,442.119,410.967,397.031,2.1566607061753004e-09,2.123409432103216e-09,2.3298409995920777e-09,5.204817330711281e-10,5.269012429594114e-10,5.687637127077281e-10
Iran,2006,IRN,73392696.0,995245162496.0,10.568,0.0,0.0,0.0,0.0,0.0,0.0,0.0,624.722,-3.475,-0.629,238.086,17.474,7.63,0.56,6.105,0.76,179.972,13.209,0.29,0.825,193.2,2632.415,193.43,9.273,9.275,179.971,28889.395,2.13,8.876,168.522,2381.572,174.79,28166.945,2067.248,90.363,97.647,9.003,87.371,1057.84,1704.802,125.12,14413.423,8.969,86.647,14344.38,1052.773,64.685,49.967,120.84,28.108,10.651,49.489,252.205,18.51,674.308,9.569,2.338,28.346,10.795,49.825,253.976,18.64,678.877,9.637,2.353,-0.23,-0.119,1255.695,0.0,0.0,0.0,0.0,0.0,0.0,0.0,8.985,81.78,991.934,669.14,49.11,13515.438,1.323,31.99,33375.68,2449.531,25.389,46.854,0.0,0.0,8.82,500.0,0.0,0.0,7.895,0.0,0.0,0.233,0.0,2635.548,2120.271,28.346,10.795,49.825,253.976,18.64,678.877,9.637,2.353,0.0,0.0,0.0,0.0,0.0,0.004,0.0,0.0,76.728,0.144,0.335,1.771,0.13,4.565,0.067,0.016,IRN,73392746.0,995245162496.0,17.253,0.235,501.018,34.234,7.334,478.11,-3.264,-0.678,6.514,0.48,0.225,6.827,0.503,0.236,5.983,0.082,437.026,5.955,0.439,279.169,9990.122,11735.462,146.587,1259.328,2385.411,2538.479,5919.627,402.403,29747.424,2.13,22.879,0.312,221.54,3.019,9.207,9.639,-22.908,-0.312,185.356,2.526,34.729,0.473,233.364,3.18,0.076,24.39,2120.271,1.634,1.636,1.33,0.049,1.173,0.822,0.601,0.025,9.447,1.559,0.342,1.376,5.859999999999999,6.584,3.987,-0.43,2.08,8.248,0.901,0.006,0.005,0.011,0.0,707.444,675.711,-63.992,-12.772,2.8889400656435503e-05,6.82653296553304e-06,2.130400709190608e-09,5.034116405484298e-10,1940.3,1831.958,1656.195,466.784,442.119,410.967,2.1348816522165674e-09,2.1566607061753004e-09,2.123409432103216e-09,5.135951126878618e-10,5.204817330711281e-10,5.269012429594114e-10
Iran,2007,IRN,74602596.0,1098784571392.0,10.568,0.0,0.0,0.0,0.0,0.0,0.0,0.0,630.859,4.244,0.742,244.166,18.215,7.64,0.57,0.848,0.112,178.554,13.321,0.281,0.809,202.44,2713.579,203.12,9.146,6.307,133.721,30213.311,2.051,6.558,135.563,2480.075,185.02,29527.275,2202.812,91.089,97.861,12.07,127.682,1185.522,1859.855,138.75,15891.166,12.099,127.372,15819.078,1180.144,68.309,52.668,128.14,-2.972,-1.726,47.763,240.742,17.96,640.236,8.842,2.122,-2.868,-1.686,48.138,242.619,18.1,645.263,8.911,2.139,-0.68,-0.336,1255.695,0.0,0.0,0.0,0.0,0.0,0.0,0.0,0.72,7.139,999.074,612.579,45.7,13391.945,1.251,30.633,33245.012,2480.164,22.499,44.385,0.0,0.0,8.82,500.0,0.0,0.0,7.895,0.0,0.0,0.233,0.0,2722.693,2253.991,-2.868,-1.686,48.138,242.619,18.1,645.263,8.911,2.139,0.0,-0.0,0.0,0.0,0.0,0.004,0.0,0.0,12.45,0.04,0.375,1.877,0.14,5.023,0.069,0.017,IRN,74602646.0,1098784571392.0,19.4,0.26,507.775,6.756,1.349,492.104,13.994,2.927,6.596,0.448,0.218,6.806,0.462,0.225,6.577,0.088,491.955,6.594,0.448,298.57,10497.897,12227.565,153.164,1279.426,2621.931,2522.808,6144.806,402.403,31167.166,2.051,20.097,0.269,236.52,3.17,9.151,9.646,-15.671,-0.21,180.594,2.421,38.565,0.517,225.18,3.018,0.076,24.39,2253.991,1.711,1.61,1.362,0.051,1.198,0.842,0.615,0.025,9.357,1.652,0.338,1.392,5.859999999999999,5.855,4.106,-0.341,2.001,8.248,0.921,0.006,0.005,0.012,0.0,719.594,682.682,-15.82,-3.116,3.021330517774435e-05,6.806393971602471e-06,2.051349335151768e-09,4.6212425367123876e-10,2120.271,1940.3,1831.958,501.018,466.784,442.119,2.130400709190608e-09,2.1348816522165674e-09,2.1566607061753004e-09,5.034116405484298e-10,5.135951126878618e-10,5.204817330711281e-10
Iran,2008,IRN,75514155.0,1132365742080.0,10.568,0.0,0.0,0.0,0.0,0.0,0.0,0.0,662.359,-21.263,-3.873,189.929,14.342,5.165,0.39,-4.505,-0.6,168.453,12.721,0.185,0.618,208.3,2758.423,210.49,9.114,3.078,69.376,30767.311,2.052,4.499,99.104,2686.251,202.85,30483.23,2301.916,96.37,99.133,6.102,72.345,1257.867,1788.539,135.06,16657.369,4.705,55.53,16363.478,1235.674,64.165,54.17,139.42,-58.583,-28.138,19.625,98.525,7.44,259.889,3.535,0.845,-57.823,-27.996,20.142,101.173,7.64,266.738,3.63,0.867,-2.19,-1.051,1255.695,0.0,0.0,0.0,0.0,0.0,0.0,0.0,3.066,30.632,1029.706,892.548,67.4,13635.933,1.017,25.234,33177.863,2505.398,32.021,44.345,0.0,0.0,8.82,500.0,0.0,0.0,7.895,0.0,0.0,0.233,0.0,2787.425,2323.367,-57.823,-27.996,20.142,101.173,7.64,266.738,3.63,0.867,100.0,0.0,0.001,0.0,0.0,0.007,0.0,0.0,38.964,0.142,0.517,2.649,0.2,6.841,0.095,0.022,IRN,75514200.0,1132365742080.0,21.606,0.286,528.536,20.761,4.089,507.556,15.453,3.14,6.721,0.448,0.218,6.999,0.467,0.227,5.859,0.078,515.729,6.83,0.455,320.175,11026.433,12735.122,159.023,1299.677,2868.806,2501.829,6378.751,402.403,31688.732,2.052,20.251,0.268,246.875,3.269,9.268,9.667,-20.979,-0.278,180.717,2.393,31.215,0.413,233.945,3.098,0.076,24.39,2323.367,1.88,1.648,1.373,0.044,1.228,0.862,0.629,0.026,9.278,1.742,0.333,1.409,5.859999999999999,6.05,4.165,-0.43,2.088,8.248,0.941,0.006,0.006,0.012,0.0,730.008,699.832,-12.806,-2.423,3.076730448748277e-05,6.999160422807802e-06,2.0517814286153647e-09,4.667537884263013e-10,2253.991,2120.271,1940.3,507.775,501.018,466.784,2.051349335151768e-09,2.130400709190608e-09,2.1348816522165674e-09,4.6212425367123876e-10,5.034116405484298e-10,5.135951126878618e-10
Iran,2009,IRN,76457779.0,1208128372736.0,10.568,0.0,0.0,0.0,0.0,0.0,0.0,0.0,666.832,-35.471,-5.087,121.047,9.255,4.97,0.38,-27.547,-3.504,120.543,9.216,0.171,0.389,217.73,2847.715,221.81,9.372,2.407,55.922,31119.002,1.969,2.518,57.961,2810.178,214.86,30865.092,2359.876,96.867,99.233,7.161,90.077,1347.944,1954.151,149.41,17629.914,9.847,121.682,17753.016,1357.356,67.359,56.681,147.91,-9.613,-1.98,17.646,87.892,6.72,230.79,3.03,0.742,-8.944,-1.897,18.245,90.9,6.95,238.635,3.133,0.767,-4.08,-1.874,1255.695,0.0,0.0,0.0,0.0,0.0,0.0,0.0,-2.625,-27.029,1002.677,851.058,65.07,13114.131,-3.809,-95.438,31520.137,2409.96,29.336,42.163,0.005,0.002,8.82,500.0,0.005,0.022,7.895,0.069,0.001,0.233,0.0,2901.078,2379.29,-8.944,-1.897,18.245,90.9,6.95,238.635,3.133,0.767,50.0,0.0,0.001,0.0,0.0,0.01,0.0,0.0,15.526,0.077,0.594,3.008,0.23,7.765,0.104,0.025,IRN,76457832.0,1208128372736.0,24.561,0.321,543.413,14.877,2.815,520.235,12.679,2.498,6.804,0.431,0.219,7.107,0.45,0.228,4.393,0.057,521.616,6.822,0.432,344.736,11569.847,13255.357,163.416,1320.152,3129.872,2478.651,6611.67,402.403,32012.967,1.969,20.475,0.268,261.065,3.415,9.376,9.748,-23.178,-0.303,185.703,2.429,28.683,0.375,232.918,3.046,0.076,24.39,2379.29,2.078,1.723,1.413,0.034,1.265,0.883,0.643,0.026,9.207,1.836,0.328,1.426,5.859999999999999,6.197,4.514,-0.439,2.126,8.248,0.959,0.006,0.006,0.013,0.0,745.329,716.874,-21.797,-4.011,3.111900490857796e-05,7.107355594388197e-06,1.969401641161458e-09,4.4979739923610464e-10,2323.367,2253.991,2120.271,528.536,507.775,501.018,2.0517814286153647e-09,2.051349335151768e-09,2.130400709190608e-09,4.667537884263013e-10,4.6212425367123876e-10,5.034116405484298e-10
Iran,2010,IRN,77420793.0,1310507008000.0,10.568,0.0,0.0,0.0,0.129,0.01,0.004,0.0,661.236,44.393,4.109,172.61,13.364,4.521,0.35,-5.469,-0.504,112.533,8.712,0.149,0.544,231.99,2996.482,235.68,9.66,3.325,79.103,31753.65,1.876,2.948,69.558,2909.425,225.25,31379.605,2429.434,95.575,98.894,7.118,95.95,1443.894,2245.521,173.85,18649.951,6.022,81.745,18588.051,1439.102,73.765,58.776,155.84,52.491,9.052,26.698,132.393,10.25,344.842,4.349,1.087,50.073,8.926,27.172,134.718,10.43,350.962,4.425,1.106,-3.69,-1.591,1255.695,0.0,0.0,0.0,0.0,0.0,0.0,0.0,-3.042,-30.501,972.176,659.384,51.05,12557.044,2.323,55.979,31851.113,2465.938,21.661,39.574,0.032,0.01,8.82,500.0,0.027,0.132,7.895,0.412,0.004,0.233,0.001,3044.143,2458.393,50.073,8.926,27.172,134.718,10.43,350.962,4.425,1.106,133.333,0.001,0.002,0.0,0.0,0.024,0.0,0.0,-25.287,-0.154,0.44,2.196,0.17,5.685,0.072,0.018,IRN,77420852.0,1310507008000.0,30.104,0.389,561.496,18.083,3.328,536.702,16.467,3.165,6.932,0.41,0.221,7.253,0.428,0.231,5.448,0.07,488.251,6.306,0.373,374.84,12131.343,13792.06,168.864,1341.343,3407.092,2453.857,6839.203,402.403,32248.412,1.855,21.191,0.274,277.22,3.581,9.595,9.941,-24.794,-0.32,192.915,2.492,29.226,0.377,227.533,2.939,0.076,24.39,2430.688,2.383,1.683,1.382,0.039,1.314,0.902,0.656,0.026,9.138,1.929,0.322,1.44,5.859999999999999,6.21,4.451,-0.452,2.009,8.248,0.977,0.007,0.006,0.013,0.0,769.613,742.832,-73.245,-13.045,3.175365305286873e-05,7.252516415086632e-06,1.875909846336358e-09,4.2845707544663507e-10,2379.29,2323.367,2253.991,543.413,528.536,507.775,1.969401641161458e-09,2.0517814286153647e-09,2.051349335151768e-09,4.4979739923610464e-10,4.667537884263013e-10,4.6212425367123876e-10
Iran,2011,IRN,78383547.0,1345049329664.0,10.568,0.0,0.0,0.0,0.255,0.02,0.008,0.0,654.06,2.765,0.37,175.205,13.733,5.486,0.43,6.887,0.6,118.806,9.312,0.183,0.538,230.58,2941.689,235.59,9.295,3.894,95.725,32584.869,1.899,3.88,94.27,2865.015,224.57,32196.855,2523.704,95.322,98.88,6.097,88.032,1531.926,1815.815,142.33,19543.977,4.917,70.761,19262.494,1509.863,60.414,60.022,154.09,4.214,0.981,27.679,136.253,10.68,353.119,4.533,1.084,5.693,1.404,28.576,140.591,11.02,364.566,4.678,1.12,-5.01,-2.173,1255.695,0.277,0.277,1.403,0.11,3.539,0.047,0.011,0.604,5.868,978.044,1043.714,81.81,12477.675,0.234,5.766,31533.459,2471.704,34.726,38.32,0.069,0.022,8.82,115.686,0.037,0.281,7.895,0.877,0.009,0.233,0.003,3005.605,2554.118,4.666,1.127,28.299,139.187,10.91,361.027,4.631,1.109,0.0,-0.0,0.002,0.0,0.0,0.023,0.0,0.0,25.444,0.109,0.549,2.679,0.21,7.007,0.089,0.022,IRN,78383602.0,1345049329664.0,32.915,0.42,576.146,14.65,2.609,550.163,13.461,2.508,7.019,0.409,0.218,7.35,0.428,0.228,5.313,0.068,495.675,6.324,0.369,407.755,12707.487,14342.222,174.177,1362.305,3700.355,2427.874,7062.897,402.403,33107.25,1.879,20.961,0.267,293.263,3.741,9.699,9.989,-25.983,-0.331,194.686,2.484,26.698,0.341,223.695,2.854,0.076,24.39,2527.506,2.422,1.67,1.383,0.036,1.365,0.922,0.67,0.026,9.059,2.021,0.316,1.452,5.859999999999999,5.834,4.574,-0.492,1.969,8.248,0.991,0.007,0.006,0.014,0.0,782.952,760.252,-80.471,-13.967,3.258487396596083e-05,7.350338403687963e-06,1.898902845918693e-09,4.2834562814430317e-10,2458.393,2379.29,2323.367,561.496,543.413,528.536,1.875909846336358e-09,1.969401641161458e-09,2.0517814286153647e-09,4.2845707544663507e-10,4.4979739923610464e-10,4.667537884263013e-10
Iran,2012,IRN,79370525.0,1324570771456.0,10.568,0.0,0.0,0.0,0.252,0.02,0.008,0.0,648.348,-22.442,-3.082,134.195,10.651,5.04,0.4,-10.309,-0.96,105.233,8.352,0.161,0.414,241.61,3044.077,248.74,9.758,0.772,19.719,32428.113,1.943,0.443,11.183,2954.371,234.49,31937.385,2534.887,94.271,98.57,-0.422,-6.471,1525.455,1969.875,156.35,19219.418,3.94,59.495,19772.549,1569.358,62.857,59.318,161.27,17.016,4.543,32.222,157.489,12.5,405.965,5.025,1.253,29.333,8.189,36.765,179.538,14.25,463.207,5.729,1.43,-7.13,-2.951,1255.695,3.464,3.742,18.269,1.45,47.14,0.583,0.145,2.12,20.736,998.781,979.457,77.74,12583.771,-15.08,-372.736,26445.186,2098.968,31.254,38.838,0.071,0.023,8.82,2.727,0.002,0.285,7.895,0.89,0.009,0.233,0.003,3133.909,2573.836,17.306,4.725,33.023,161.269,12.8,416.067,5.146,1.284,0.0,-0.0,0.002,0.0,0.0,0.023,0.0,0.0,33.491,0.18,0.729,3.528,0.28,9.19,0.113,0.028,IRN,79370583.0,1324570771456.0,34.824,0.439,599.121,22.975,3.988,572.763,22.6,4.108,7.216,0.432,0.224,7.548,0.452,0.235,4.129,0.052,553.576,6.975,0.418,442.579,13306.608,14914.985,178.306,1383.036,3992.628,2401.516,7310.06,402.403,32998.57,1.926,20.731,0.261,292.274,3.682,9.706,9.999,-26.358,-0.332,181.674,2.289,27.77,0.35,247.162,3.114,0.076,24.39,2551.596,2.497,1.712,1.409,0.028,1.415,0.941,0.683,0.027,8.972,2.106,0.311,1.468,5.859999999999999,5.498,4.462,-0.466,2.15,8.248,1.001,0.007,0.007,0.014,0.001,793.604,770.346,-45.545,-7.602,3.242810854533175e-05,7.548401150083432e-06,1.9431472107532448e-09,4.523133175748939e-10,2554.118,2458.393,2379.29,576.146,561.496,543.413,1.898902845918693e-09,1.875909846336358e-09,1.969401641161458e-09,4.2834562814430317e-10,4.2845707544663507e-10,4.4979739923610464e-10
Iran,2013,IRN,80414625.0,1287095582720.0,10.568,0.0,0.0,0.0,0.249,0.02,0.008,0.0,633.624,-16.791,-1.788,110.212,8.863,5.72,0.46,0.67,0.056,104.563,8.408,0.178,0.332,250.98,3121.074,258.86,9.799,3.901,100.407,33255.691,2.078,3.46,87.711,2981.299,239.74,32613.447,2622.598,92.614,98.169,0.845,12.89,1538.345,1712.251,137.69,19130.162,0.377,5.923,19589.479,1575.281,53.191,57.583,164.02,16.973,5.18,37.402,181.808,14.62,465.109,5.648,1.4,34.07,12.142,48.907,237.768,19.12,608.186,7.386,1.831,-7.88,-3.14,193.13,7.142,10.883,52.975,4.26,135.34,1.646,0.407,7.67,76.61,1075.391,1263.327,101.59,13373.072,-5.988,-125.683,24538.891,1973.286,39.245,40.254,0.06,0.019,8.82,-14.602,-0.01,0.24,7.895,0.75,0.007,0.233,0.002,3219.066,2674.244,16.042,5.0,38.024,184.792,14.86,472.846,5.741,1.423,0.0,-0.0,0.002,0.0,0.0,0.022,0.0,0.0,-22.615,-0.169,0.56,2.736,0.22,6.965,0.085,0.021,IRN,80414688.0,1287095582720.0,36.718,0.457,609.839,10.718,1.789,586.389,13.626,2.379,7.292,0.456,0.221,7.584,0.474,0.23,4.118,0.051,516.909,6.428,0.402,479.296,13916.447,15501.374,182.425,1403.776,4287.562,2378.066,7563.388,402.403,33801.539,2.06,20.74,0.258,294.934,3.668,9.722,10.035,-23.45,-0.292,181.998,2.263,27.753,0.345,253.329,3.15,0.076,24.39,2652.032,2.524,1.728,1.451,0.027,1.464,0.96,0.697,0.027,8.884,2.185,0.306,1.484,5.859999999999999,5.383,4.477,-0.458,2.188,8.248,1.012,0.007,0.007,0.014,0.001,807.0,781.819,-92.93,-15.238,3.325569198388934e-05,7.583676753182111e-06,2.0777353569565985e-09,4.738101879824934e-10,2573.836,2554.118,2458.393,599.121,576.146,561.496,1.9431472107532448e-09,1.898902845918693e-09,1.875909846336358e-09,4.523133175748939e-10,4.2834562814430317e-10,4.2845707544663507e-10
Iran,2014,IRN,81501999.0,1352736964608.0,10.568,0.0,0.0,0.0,0.613,0.05,0.018,0.0,644.161,19.067,1.69,129.475,10.552,6.503,0.53,3.628,0.305,106.911,8.713,0.192,0.379,269.74,3309.612,275.63,10.004,4.219,112.82,34196.27,2.06,4.343,113.901,3150.966,256.81,33575.859,2736.5,93.172,98.279,12.719,195.665,1734.009,2355.771,192.0,21275.668,11.377,179.225,21527.152,1754.506,69.659,62.275,177.55,-0.821,-0.496,36.906,177.91,14.5,452.821,5.261,1.325,-1.556,-0.99,47.917,230.915,18.82,587.926,6.828,1.721,-5.89,-2.184,-4.368,-0.528,10.355,49.937,4.07,127.052,1.477,0.372,-7.76,-83.453,991.938,788.692,64.28,12170.717,2.578,50.875,24835.719,2024.161,23.321,35.625,0.146,0.047,8.82,141.451,0.085,0.572,7.895,1.787,0.017,0.233,0.005,3381.88,2787.064,-0.752,-0.462,37.562,180.977,14.75,460.874,5.351,1.349,0.0,-0.0,0.002,0.0,0.0,0.022,0.0,0.0,-8.676,-0.051,0.509,2.454,0.2,6.244,0.073,0.018,IRN,81502045.0,1352736964608.0,34.968,0.429,644.151,34.312,5.626,618.668,32.279,5.505,7.591,0.457,0.223,7.903,0.476,0.233,3.591,0.044,556.36,6.826,0.411,514.265,14560.599,16120.042,186.015,1426.561,4622.569,2352.583,7811.188,402.403,34628.117,2.047,22.785,0.28,335.007,4.11,10.132,10.336,-25.482,-0.313,186.109,2.283,27.004,0.331,247.8,3.04,0.076,24.39,2768.922,2.327,1.817,1.515,0.024,1.502,0.981,0.712,0.026,8.813,2.279,0.3,1.499,5.859999999999999,5.892,5.052,-0.472,2.135,8.248,1.023,0.007,0.007,0.015,0.001,842.389,825.782,-87.791,-13.629,3.419626554190365e-05,7.903494936844738e-06,2.0603148083616116e-09,4.761834834510224e-10,2674.244,2573.836,2554.118,609.839,599.121,576.146,2.0777353569565985e-09,1.9431472107532448e-09,1.898902845918693e-09,4.738101879824934e-10,4.523133175748939e-10,4.2834562814430317e-10
Iran,2015,IRN,82619310.0,1331012173824.0,10.568,0.0,0.0,0.0,0.242,0.02,0.007,0.0,650.835,20.304,2.143,153.658,12.695,5.568,0.46,13.572,1.183,119.779,9.896,0.164,0.46,277.57,3359.626,280.24,10.248,-0.867,-24.162,33441.367,2.076,-0.685,-18.753,3187.269,263.33,32894.812,2717.747,93.966,98.449,6.124,106.185,1840.195,2500.747,206.61,22273.182,4.615,80.973,22216.1,1835.479,73.726,66.66,182.39,-8.632,-3.356,33.549,160.374,13.25,406.072,4.728,1.215,-10.173,-5.107,42.81,204.674,16.91,518.16,6.034,1.551,-2.67,-0.962,-14.109,-1.506,8.849,42.363,3.5,107.105,1.249,0.321,-12.811,-127.081,864.857,680.955,56.26,10467.976,3.56,72.065,25372.1,2096.225,20.076,31.329,0.051,0.016,8.82,-65.021,-0.095,0.197,7.895,0.617,0.006,0.233,0.002,3391.943,2762.903,-9.087,-3.601,33.961,162.311,13.41,411.055,4.785,1.23,114.286,0.002,0.004,0.0,0.0,0.046,0.0,0.0,-29.5,-0.152,0.357,1.695,0.14,4.321,0.05,0.013,IRN,82619365.0,1331012173824.0,31.23,0.378,641.911,-2.24,-0.348,618.633,-0.035,-0.006,7.488,0.465,0.226,7.769,0.482,0.235,4.302,0.052,603.151,7.3,0.453,545.495,15202.51,16738.676,190.317,1449.118,4979.338,2329.306,8038.242,402.403,33449.172,2.055,22.557,0.273,356.769,4.318,10.009,10.241,-23.278,-0.282,190.885,2.31,26.515,0.321,227.053,2.748,0.076,24.39,2735.836,2.152,1.813,1.511,0.029,1.529,1.0,0.726,0.027,8.744,2.376,0.295,1.508,5.859999999999999,5.874,5.272,-0.421,1.919,8.248,1.034,0.007,0.008,0.015,0.001,846.104,826.968,-38.76,-6.038,3.344137103057344e-05,7.769498107374611e-06,2.0757909313948463e-09,4.822728241138386e-10,2787.064,2674.244,2573.836,644.151,609.839,599.121,2.0603148083616116e-09,2.0777353569565985e-09,1.9431472107532448e-09,4.761834834510224e-10,4.738101879824934e-10,4.523133175748939e-10
Iran,2016,IRN,83812175.0,1413723717632.0,10.568,0.0,0.0,0.0,0.239,0.02,0.007,0.0,642.133,-16.821,-2.135,125.992,10.56,5.846,0.49,4.595,0.455,123.499,10.351,0.171,0.362,283.67,3384.592,286.14,9.921,5.703,157.555,34845.262,2.066,5.309,144.293,3150.736,264.07,34148.258,2862.04,92.287,98.098,6.684,122.996,1963.191,2688.392,225.32,23423.691,8.605,157.94,23784.363,1993.419,78.745,67.29,183.74,16.375,5.199,38.749,183.983,15.42,462.328,5.389,1.328,30.598,12.678,55.488,263.327,22.07,662.057,7.713,1.902,-2.47,-0.871,85.226,7.418,16.267,77.196,6.47,194.089,2.261,0.558,2.709,23.433,888.29,456.497,38.26,10598.575,19.918,417.535,29992.779,2513.76,13.371,30.447,0.068,0.022,8.82,33.742,0.017,0.26,7.895,0.813,0.008,0.233,0.002,3414.063,2920.457,16.36,5.26,39.221,186.13,15.6,467.968,5.452,1.344,233.333,0.009,0.013,0.0,0.0,0.15,0.0,0.0,10.638,0.035,0.392,1.909,0.16,4.677,0.056,0.013,IRN,83812229.0,1413723717632.0,30.618,0.365,644.684,2.773,0.432,621.012,2.378,0.384,7.41,0.439,0.215,7.692,0.456,0.223,3.451,0.041,562.238,6.708,0.398,576.113,15847.193,17359.688,193.768,1478.904,5360.042,2305.634,8238.365,402.403,34628.828,2.041,29.786,0.355,380.704,4.542,10.265,10.508,-23.672,-0.282,222.615,2.656,26.778,0.319,200.124,2.388,0.076,24.39,2884.797,2.054,1.82,1.559,0.024,1.55,1.019,0.741,0.026,8.727,2.475,0.291,1.512,5.859999999999999,7.963,5.476,-0.537,1.673,8.248,1.05,0.007,0.008,0.016,0.001,880.737,860.331,-82.445,-12.788,3.484525965350458e-05,7.692003991446073e-06,2.0657904819562563e-09,4.5601838036632186e-10,2762.903,2787.064,2674.244,641.911,644.151,609.839,2.0757909313948463e-09,2.0603148083616116e-09,2.0777353569565985e-09,4.822728241138386e-10,4.761834834510224e-10,4.738101879824934e-10
Iran,2017,IRN,85026715.0,1486668300288.0,10.568,0.0,0.0,0.0,0.235,0.02,0.007,0.0,641.675,13.466,1.422,140.916,11.982,8.115,0.69,4.595,0.455,123.499,10.351,0.226,0.397,300.85,3538.3,305.17,10.228,3.535,103.25,35561.852,2.034,3.385,96.888,3299.551,280.55,34799.977,2958.927,91.932,97.962,4.424,86.849,2050.04,2969.655,252.5,24110.537,7.278,145.082,25150.928,2138.501,82.741,67.871,195.82,11.736,4.331,43.08,202.642,17.23,506.664,5.646,1.426,11.499,6.071,61.56,289.556,24.62,724.007,8.068,2.038,-4.32,-1.436,7.465,1.127,17.394,81.857,6.96,204.571,2.281,0.576,0.97,8.616,896.906,321.781,27.36,10548.521,8.511,213.939,32080.494,2727.699,8.965,29.694,0.076,0.024,8.82,12.11,0.008,0.287,7.895,0.898,0.008,0.233,0.003,3589.107,3023.708,13.172,4.944,44.166,207.699,17.66,519.435,5.787,1.462,1616.1,0.202,0.215,1.058,0.09,2.523,0.029,0.007,103.846,0.403,0.795,3.764,0.32,9.35,0.105,0.026,IRN,85026761.0,1486668300288.0,29.908,0.352,696.4,51.716,8.022,672.523,51.512,8.295,7.91,0.452,0.225,8.19,0.468,0.232,4.708,0.055,603.299,7.095,0.406,606.021,16543.594,18032.209,198.477,1512.124,5759.546,2281.757,8467.424,402.403,35445.574,2.015,33.22,0.391,399.504,4.699,10.861,11.078,-23.877,-0.281,231.762,2.726,26.624,0.313,229.059,2.694,0.076,24.39,2995.331,1.981,1.935,1.672,0.032,1.567,1.04,0.756,0.027,8.724,2.575,0.286,1.52,5.859999999999999,8.578,5.605,-0.564,1.885,8.248,1.067,0.008,0.008,0.016,0.001,941.945,923.447,-93.101,-13.369,3.556185841120599e-05,8.190362561264586e-06,2.033882070004615e-09,4.684299785399958e-10,2920.457,2762.903,2787.064,644.684,641.911,644.151,2.0657904819562563e-09,2.0757909313948463e-09,2.0603148083616116e-09,4.5601838036632186e-10,4.822728241138386e-10,4.761834834510224e-10
Iran,2018,IRN,86117959.0,1483607244800.0,10.568,0.0,0.0,0.0,0.232,0.02,0.006,0.0,657.884,32.276,3.867,184.036,15.849,7.432,0.64,4.595,0.455,123.499,10.351,0.205,0.508,308.64,3583.922,312.35,10.097,3.249,98.232,36251.902,2.104,3.949,116.854,3421.238,294.63,35715.91,3075.781,94.327,98.587,3.726,76.394,2126.434,3092.154,266.29,24692.107,2.934,62.751,25560.891,2201.252,85.254,68.158,205.49,-42.909,-18.607,24.473,114.262,9.84,284.176,3.15,0.784,-28.021,-17.466,44.094,205.764,17.72,512.022,5.673,1.413,-3.71,-1.202,-1.038,-0.266,17.128,80.007,6.89,198.888,2.206,0.549,4.08,36.593,933.499,321.652,27.7,10839.769,-4.73,-129.031,30175.674,2598.667,8.868,29.921,0.076,0.024,8.82,0.0,0.0,0.284,7.895,0.887,0.008,0.233,0.002,3627.002,3121.94,-38.652,-17.199,26.966,125.758,10.83,313.134,3.467,0.864,158.512,0.337,0.552,2.555,0.22,6.407,0.07,0.018,135.849,1.071,1.866,8.709,0.75,21.664,0.24,0.06,IRN,86118000.0,1483607244800.0,30.272,0.352,689.783,-6.617,-0.95,739.523,66.999,9.962,8.587,0.498,0.239,8.01,0.465,0.223,4.459,0.052,584.637,6.789,0.394,636.294,17233.375,18771.734,202.936,1544.563,6150.389,2331.497,8699.194,402.403,36159.855,2.087,32.439,0.377,390.843,4.538,10.628,11.248,49.74,0.578,230.367,2.675,27.806,0.323,231.77,2.691,0.076,24.39,3095.919,1.947,1.878,1.823,0.03,1.581,1.059,0.774,0.027,8.707,2.661,0.291,1.528,5.859999999999999,7.968,5.232,1.294,1.892,8.248,1.085,0.008,0.008,0.017,0.001,968.633,915.225,-105.146,-15.243,3.625190420502144e-05,8.009742446410646e-06,2.1042900747096704e-09,4.649363923084558e-10,3023.708,2920.457,2762.903,696.4,644.684,641.911,2.033882070004615e-09,2.0657904819562563e-09,2.0757909313948463e-09,4.684299785399958e-10,4.5601838036632186e-10,4.822728241138386e-10
Iran,2019,IRN,87051599.0,1438754537472.0,10.568,0.0,0.0,0.0,0.115,0.01,0.003,0.0,607.815,19.459,3.084,217.49,18.933,9.305,0.81,4.595,0.455,123.499,10.351,0.254,0.575,312.02,3584.311,318.88,9.873,5.611,175.162,37875.254,2.292,3.659,112.555,3186.156,277.36,36625.82,3188.336,86.979,96.877,2.702,57.462,2183.896,2808.794,244.51,25087.367,3.72,81.888,26227.43,2283.14,76.678,66.357,193.82,244.226,59.352,83.824,389.08,33.87,962.926,10.622,2.547,134.31,58.682,102.776,476.958,41.52,1180.636,13.021,3.123,-6.86,-2.199,-6.895,-1.26,15.868,73.634,6.41,182.282,2.01,0.482,5.571,52.009,985.508,368.058,32.04,11320.961,-27.738,-720.818,21571.688,1877.85,10.048,29.945,0.033,0.011,8.82,-56.277,-0.043,0.123,7.895,0.384,0.003,0.233,0.001,3663.115,3297.102,224.048,59.942,86.908,403.324,35.11,998.354,11.01,2.641,130.134,0.712,1.264,5.859,0.51,14.515,0.16,0.038,-3.733,-0.079,1.787,8.271,0.72,20.53,0.226,0.054,IRN,87051647.0,1438754537472.0,35.303,0.406,735.347,45.565,6.606,754.361,14.839,2.007,8.666,0.524,0.231,8.447,0.511,0.225,4.847,0.056,653.124,7.503,0.454,671.597,17968.725,19526.096,207.783,1570.527,6579.704,2350.511,8939.113,402.403,37705.781,2.269,25.963,0.298,429.315,4.932,10.753,11.254,19.014,0.218,206.887,2.377,28.512,0.328,239.919,2.756,0.076,24.39,3263.971,2.175,1.982,1.845,0.033,1.604,1.079,0.792,0.027,8.641,2.755,0.292,1.537,5.859999999999999,5.965,5.624,0.502,1.933,8.248,1.101,0.008,0.009,0.017,0.001,979.721,936.081,-82.223,-11.182,3.787526062559703e-05,8.44724971142696e-06,2.291636213216228e-09,5.110996913289045e-10,3121.94,3023.708,2920.457,689.783,696.4,644.684,2.1042900747096704e-09,2.033882070004615e-09,2.0657904819562563e-09,4.649363923084558e-10,4.684299785399958e-10,4.5601838036632186e-10
Iran,2020,IRN,87723397.0,1446203752448.0,10.568,0.0,0.0,0.0,0.228,0.02,0.006,0.0,632.81,13.034,2.468,243.956,21.401,9.12,0.8,4.595,0.455,123.499,10.351,0.237,0.626,330.41,3766.498,337.21,10.003,3.769,124.274,39001.859,2.366,4.754,151.581,3487.667,305.95,38073.273,3339.917,90.73,97.74,8.415,183.778,2367.673,3057.679,268.23,26990.215,3.268,74.615,26877.152,2357.755,79.544,69.288,213.39,-31.478,-26.528,57.296,264.468,23.2,653.147,6.88,1.677,-24.691,-25.558,77.218,356.347,31.26,880.248,9.27,2.26,-6.8,-2.058,-1.253,-0.238,15.63,72.159,6.33,178.178,1.877,0.457,-3.517,-34.665,950.843,420.868,36.92,10839.104,-8.732,-163.971,19537.305,1713.879,10.949,27.826,0.07,0.022,8.82,109.077,0.036,0.255,7.895,0.796,0.007,0.233,0.002,3844.014,3421.375,-28.97,-25.32,61.588,284.189,24.93,702.07,7.393,1.802,14.378,0.178,1.442,6.612,0.58,16.434,0.172,0.042,55.956,0.993,2.78,12.881,1.13,31.693,0.335,0.081,IRN,87723446.0,1446203752448.0,38.808,0.442,756.606,21.259,2.891,765.076,10.715,1.42,8.721,0.529,0.226,8.625,0.523,0.223,5.577,0.064,690.109,7.867,0.477,710.405,18725.328,20291.17,213.36,1595.452,7045.036,2358.981,9161.078,402.403,38812.543,2.343,24.925,0.284,465.332,5.305,10.814,11.275,8.47,0.097,199.027,2.269,29.224,0.333,221.965,2.53,0.076,24.39,3387.954,2.369,2.154,1.984,0.039,1.633,1.101,0.81,0.027,8.589,2.86,0.292,1.546,5.859999999999999,6.215,6.151,0.246,2.025,8.248,1.115,0.008,0.009,0.018,0.001,989.057,948.608,-66.497,-8.789,3.9001852607235e-05,8.62490057675107e-06,2.3657627731974923e-09,5.231669456805705e-10,3297.102,3121.94,3023.708,735.347,689.783,696.4,2.291636213216228e-09,2.1042900747096704e-09,2.033882070004615e-09,5.110996913289045e-10,4.649363923084558e-10,4.684299785399958e-10
Iran,2021,IRN,88455443.0,1525523152896.0,10.568,0.0,0.0,0.0,0.226,0.02,0.006,0.0,659.97,-5.354,-1.146,228.983,20.255,9.496,0.84,4.595,0.455,123.499,10.351,0.236,0.601,349.61,3952.385,356.41,10.656,-1.344,-45.979,38159.289,2.213,-0.426,-14.232,3813.332,337.31,37597.285,3325.685,94.641,98.602,-3.056,-72.359,2295.314,3416.183,302.18,25948.82,3.0,70.733,27454.365,2428.488,84.784,68.053,235.22,-40.414,-23.24,34.057,156.35,13.83,385.015,3.88,1.01,-38.798,-30.07,47.148,215.928,19.1,533.018,5.359,1.398,-6.8,-1.945,-44.132,-6.92,8.711,40.02,3.54,98.477,0.993,0.258,6.234,59.272,1010.115,387.653,34.29,11419.482,14.849,254.501,22252.781,1968.38,9.621,29.949,0.07,0.022,8.82,-0.004,-0.0,0.253,7.895,0.789,0.006,0.233,0.002,4029.26,3375.397,-37.444,-23.15,38.438,175.908,15.56,434.541,4.366,1.14,6.126,0.085,1.526,6.557,0.58,17.254,0.163,0.045,0.413,0.005,2.785,12.775,1.13,31.483,0.317,0.083,IRN,88455491.0,1525523152896.0,37.419,0.423,779.756,23.149,3.06,794.64,29.564,3.864,8.983,0.521,0.239,8.815,0.511,0.235,5.181,0.059,696.318,7.872,0.456,747.824,19505.084,21085.811,218.541,1627.948,7521.075,2373.865,9389.698,402.403,37783.531,2.178,32.496,0.367,476.04,5.382,11.121,11.599,14.884,0.168,210.188,2.376,29.2,0.33,228.62,2.585,0.076,24.39,3322.058,2.206,2.108,1.96,0.034,1.655,1.123,0.829,0.027,8.576,2.958,0.292,1.554,5.859999999999999,8.015,6.008,0.419,1.983,8.248,1.132,0.008,0.009,0.018,0.001,1025.982,983.726,-83.438,-10.701,3.815929111337967e-05,8.815235675985239e-06,2.212616041645952e-09,5.111400626858651e-10,3421.375,3297.102,3121.94,756.606,735.347,689.783,2.3657627731974923e-09,2.291636213216228e-09,2.1042900747096704e-09,5.231669456805705e-10,5.110996913289045e-10,4.649363923084558e-10
Iran,2022,IRN,89524192.0,1572209033216.0,10.568,0.0,0.0,0.0,0.335,0.03,0.008,0.0,655.171,6.215,1.259,240.312,21.514,10.165,0.91,4.595,0.455,123.499,10.351,0.248,0.617,360.63,4028.297,367.08,10.624,3.399,114.723,38985.211,2.22,3.213,106.863,3848.569,344.54,38342.125,3432.548,93.86,98.425,4.3,98.698,2394.013,3500.953,313.42,26741.52,2.0,48.57,27669.145,2477.058,85.382,68.646,240.5,1.28,0.351,34.408,156.382,14.0,384.341,3.814,0.987,16.757,7.763,54.911,251.776,22.54,613.367,6.14,1.575,-6.45,-1.789,85.664,7.422,16.133,73.388,6.57,180.209,1.79,0.463,0.684,6.906,1017.021,337.451,30.21,11360.292,5.348,105.277,23163.082,2073.656,8.23,29.162,0.07,0.022,8.82,0.0,0.0,0.25,7.895,0.78,0.006,0.233,0.002,4100.344,3490.12,1.135,0.341,38.778,178.388,15.97,433.158,4.351,1.112,0.0,-0.004,1.522,7.707,0.69,17.006,0.188,0.044,0.0,-0.007,2.778,13.963,1.25,31.031,0.341,0.08,IRN,89524247.0,1572209033216.0,34.704,0.388,800.747,20.991,2.692,819.163,24.524,3.086,9.15,0.521,0.236,8.944,0.509,0.231,5.348,0.06,697.12,7.787,0.443,782.527,20305.832,21904.975,223.888,1660.323,8017.583,2392.281,9621.511,402.403,39151.336,2.205,32.375,0.362,496.507,5.546,11.273,11.779,18.417,0.206,214.788,2.399,30.039,0.336,231.813,2.589,0.076,24.39,3466.873,2.167,2.147,2.006,0.035,1.672,1.144,0.847,0.027,8.565,3.058,0.293,1.562,5.859999999999999,8.033,6.291,0.52,1.946,8.248,1.148,0.008,0.01,0.019,0.001,1054.494,1009.187,-103.626,-12.941,3.898521642060686e-05,8.944470652738258e-06,2.219882933035219e-09,5.093133184472604e-10,3375.397,3421.375,3297.102,779.756,756.606,735.347,2.212616041645952e-09,2.3657627731974923e-09,2.291636213216228e-09,5.111400626858651e-10,5.231669456805705e-10,5.110996913289045e-10
Iran,2023,IRN,90608663.0,1572209033216.0,10.568,0.0,0.0,0.0,0.331,0.03,0.008,0.0,641.732,-16.042,-3.451,199.347,18.063,10.154,0.92,4.595,0.455,123.499,10.351,0.24,0.503,380.28,4196.95,382.87,10.795,3.037,105.984,39688.301,2.22,2.411,82.77,3878.878,351.46,38796.703,3515.317,91.796,97.87,3.0,71.82,2465.833,3571.623,323.62,27214.1,4.857,120.317,28665.857,2597.375,84.525,68.651,245.7,62.92,21.239,55.647,249.976,22.65,614.147,5.916,1.549,40.371,21.598,76.51,346.656,31.41,844.397,8.204,2.13,-2.59,-0.681,1.051,0.05,16.183,73.282,6.64,178.606,1.734,0.451,1.416,14.401,1031.422,297.102,26.92,11383.255,18.417,381.906,27100.744,2455.562,7.031,28.716,0.07,0.022,8.82,0.0,0.0,0.247,7.895,0.771,0.006,0.233,0.002,4225.534,3596.104,56.735,21.548,60.326,273.373,24.77,665.79,6.47,1.68,10.317,0.145,1.667,8.388,0.76,18.4,0.199,0.046,6.693,0.164,2.942,14.679,1.33,32.472,0.347,0.082,IRN,90608708.0,1572209033216.0,38.928,0.43,817.88,17.133,2.14,838.975,19.811,2.418,9.259,0.521,0.238,9.027,0.509,0.232,5.444,0.06,697.12,7.787,0.443,821.455,21123.711,22743.949,229.332,1698.715,8526.85,2413.376,9847.361,402.403,39598.59,2.205,38.392,0.424,509.267,5.621,11.199,11.756,21.095,0.233,203.894,2.25,30.502,0.337,225.85,2.493,0.076,24.39,3531.116,2.48,2.164,2.026,0.035,1.698,1.166,0.866,0.027,8.581,3.157,0.294,1.567,5.859999999999999,9.342,6.446,0.582,1.85,8.248,1.16,0.009,0.01,0.019,0.001,1065.222,1014.768,-103.626,-12.941,3.9688302210131496e-05,9.026505487750591e-06,2.2872938165506295e-09,5.202107243506942e-10,3490.12,3375.397,3421.375,800.747,779.756,756.606,2.219882933035219e-09,2.212616041645952e-09,2.3657627731974923e-09,5.093133184472604e-10,5.111400626858651e-10,5.231669456805705e-10
Iran,2024,IRN,91567679.0,1572209033216.0,10.568,0.0,0.0,0.0,0.328,0.03,0.008,0.0,641.936,2.147,0.388,201.494,18.45,10.047,0.92,4.595,0.455,123.499,10.351,0.237,0.514,384.79,4202.247,387.78,10.931,-0.176,-6.318,39203.637,2.22,0.049,1.707,3901.158,357.22,38409.016,3517.025,92.119,98.068,-0.482,-11.897,2453.936,3394.975,310.87,26799.15,1.224,31.782,28712.715,2629.157,80.167,68.425,248.93,-17.278,-9.615,46.032,238.075,21.8,502.714,5.622,1.284,-9.444,-7.216,69.294,333.742,30.56,756.753,7.881,1.932,-2.99,-0.777,10.705,1.732,17.916,72.515,6.64,195.655,1.712,0.5,1.281,13.217,1044.638,496.136,45.43,11408.372,11.04,271.105,29777.619,2726.667,11.715,29.128,0.107,0.034,8.82,53.888,0.038,0.375,7.895,1.173,0.009,0.233,0.003,4234.9,3589.786,-14.85,-8.948,51.378,261.228,23.92,561.098,6.168,1.433,31.721,0.529,2.196,8.3,0.76,23.983,0.196,0.061,3.41,0.1,3.043,14.525,1.33,33.228,0.343,0.085,IRN,90608708.0,1572209033216.0,38.928,0.43,817.88,17.133,2.14,838.975,19.811,2.418,9.259,0.521,0.238,9.027,0.509,0.232,5.444,0.06,697.12,7.787,0.443,821.455,21123.711,22743.949,229.332,1698.715,8526.85,2413.376,9847.361,402.403,39598.59,2.205,38.392,0.424,509.267,5.621,11.199,11.756,21.095,0.233,203.894,2.25,30.502,0.337,225.85,2.493,0.076,24.39,3531.116,2.48,2.164,2.026,0.035,1.698,1.166,0.866,0.027,8.581,3.157,0.294,1.567,5.859999999999999,9.342,6.446,0.582,1.85,8.248,1.16,0.009,0.01,0.019,0.001,1065.222,1014.768,-103.626,-12.941,3.920363647089888e-05,9.026505487750591e-06,2.2832752669388922e-09,5.202107243506942e-10,3596.104,3490.12,3375.397,817.88,800.747,779.756,2.2872938165506295e-09,2.219882933035219e-09,2.212616041645952e-09,5.202107243506942e-10,5.093133184472604e-10,5.111400626858651e-10
Japan,1993,JPN,124839901.0,3860865220608.0,80.527,0.0,0.0,0.0,126.823,16.11,1.465,0.0,424.427,1.983,17.551,7231.707,902.806,1123.281,140.23,-5.0,-2.473,376.393,46.989,15.142,16.458,1099.67,8656.927,926.103,19.072,1.671,90.685,44192.43,1.429,-0.717,-32.523,4496.561,561.35,36078.285,4504.01,60.614,82.109,0.693,3.83,556.939,1460.462,182.324,4461.224,3.233,0.884,226.043,28.219,19.687,10.153,466.73,15.659,34.817,257.167,741.59,92.58,2059.972,9.997,4.688,13.893,119.124,981.41,2818.512,351.863,7861.35,37.994,17.891,0.0,0.0,14.129,85.18,688.055,1984.141,247.7,5511.501,26.746,12.543,-1.74,-53.905,3044.265,1912.818,238.796,24385.355,-13.033,-1.427,76.296,9.525,25.785,55.497,36.123,11.559,8.82,-2.454,-0.909,92.594,7.895,289.355,1.248,0.233,0.659,7418.326,5516.979,13.336,33.944,293.355,834.371,104.163,2349.849,11.247,5.348,114.286,0.033,0.062,0.18,0.023,0.501,0.002,0.001,0.0,0.003,0.003,0.008,0.001,0.021,0.0,0.0,JPN,124839954.0,3860865220608.0,41.224,0.33,1171.892,-7.0,-0.594,1169.314,-10.547,-0.894,9.367,0.303,0.212,9.387,0.304,0.212,318.422,2.551,1393.49,11.162,0.361,1181.892,32387.236,37889.324,12674.524,2.163,1416.575,5779.391,17070.096,41.985,44213.789,1.429,0.212,0.002,129.389,1.036,9.873,9.954,-2.579,-0.021,56.719,0.454,34.515,0.276,672.881,5.39,0.078,9.764,5516.978,7.465,5.15,4.217,3.741,8.52,3.691,2.459,2.734,0.024,1.558,0.865,5.739,1.674,0.091,3.215,-0.052,7.3,4.517,1.906,0.003,0.016,0.02,0.001,1242.707,1232.518,221.597,18.909,4.41924333150501e-05,9.387155012889469e-06,1.4289488714996373e-09,3.03530927146805e-10,5426.293,5363.508,5184.285,1178.892,1169.093,1157.393,1.4070454741058711e-09,1.4023425313372665e-09,1.4012257037450424e-09,3.056883682948228e-10,3.056709968529327e-10,3.128240096627763e-10
Japan,1994,JPN,125286818.0,3893220605952.0,80.527,0.0,0.0,0.0,126.823,16.11,1.465,0.0,424.427,4.71,42.52,7545.292,945.326,1251.905,156.847,-4.017,-1.887,359.986,45.101,15.932,16.609,1099.67,8656.927,984.493,19.345,3.651,201.418,45642.445,1.469,5.528,248.976,5085.0,637.083,37936.836,4752.985,64.712,83.509,6.944,38.676,595.615,1589.309,199.12,4754.009,-0.892,-0.252,223.227,27.967,20.226,10.465,466.73,-30.372,-78.106,179.061,514.515,64.462,1429.209,6.548,3.146,-4.448,-42.809,938.601,2683.542,336.212,7491.622,34.151,16.491,0.0,0.0,4.258,29.3,717.355,2061.254,258.248,5725.706,26.232,12.604,5.511,167.78,3212.045,2243.787,281.117,25637.533,-8.185,-0.78,69.801,8.745,28.554,56.435,42.102,13.473,8.82,16.551,5.979,107.534,7.895,336.042,1.368,0.233,0.74,7857.914,5718.397,-25.151,-72.109,221.246,622.288,77.964,1765.916,7.919,3.887,28.889,0.018,0.081,0.231,0.029,0.643,0.003,0.001,0.0,0.0,0.003,0.008,0.001,0.021,0.0,0.0,JPN,125286862.0,3893220605952.0,42.297,0.338,1226.893,55.001,4.693,1230.187,60.873,5.206,9.819,0.316,0.215,9.793,0.315,0.215,326.205,2.604,1467.121,11.71,0.377,1224.189,33614.129,39119.508,13000.729,2.395,1552.265,5782.685,17783.043,51.506,45703.57,1.469,0.232,0.002,135.69,1.083,10.293,10.413,3.294,0.026,56.616,0.452,37.004,0.295,712.947,5.691,0.076,9.522,5718.397,7.176,5.336,4.259,3.811,8.465,3.733,2.492,2.753,0.026,1.634,0.858,5.798,1.89,0.074,3.341,0.056,7.707,4.4,1.926,0.003,0.017,0.02,0.001,1304.646,1289.551,240.228,19.58,4.564244739618141e-05,9.7926708388625e-06,1.4688088805596193e-09,3.1513575113732624e-10,5516.979,5426.293,5363.508,1171.892,1178.892,1169.093,1.4289488714996373e-09,1.4070454741058711e-09,1.4023425313372665e-09,3.03530927146805e-10,3.056883682948228e-10,3.056709968529327e-10
Japan,1995,JPN,125672604.0,3997430972416.0,80.527,0.0,0.0,0.0,126.823,16.11,1.465,0.0,424.427,3.653,34.53,7796.891,979.856,1341.588,168.601,-9.668,-4.36,324.184,40.741,16.679,16.662,1099.67,8656.927,1010.88,19.439,3.384,193.508,47042.117,1.479,1.414,67.23,4921.042,618.44,38355.344,4820.216,61.178,81.966,1.773,10.561,606.176,1600.704,201.165,4823.453,1.584,0.443,226.066,28.41,19.9,10.308,466.73,22.232,39.808,218.869,626.97,78.793,1741.584,7.794,3.722,13.029,121.965,1060.566,3023.864,380.017,8439.118,37.593,18.034,0.0,0.0,11.09,79.556,796.912,2282.823,286.888,6341.174,28.38,13.551,0.689,22.139,3234.184,1978.75,248.675,25734.998,1.693,0.148,70.764,8.893,24.6,54.996,44.672,14.295,8.82,6.106,2.571,113.749,7.895,355.466,1.414,0.233,0.76,8043.758,5911.905,19.45,42.408,263.654,741.041,93.129,2097.945,9.213,4.483,36.207,0.029,0.11,0.314,0.04,0.873,0.004,0.002,0.0,0.0,0.003,0.008,0.001,0.021,0.0,0.0,JPN,125672659.0,3997430972416.0,42.142,0.335,1239.195,12.302,1.003,1233.66,3.473,0.282,9.816,0.309,0.209,9.86,0.31,0.21,336.139,2.675,1498.473,11.924,0.375,1266.331,34853.324,40353.168,13336.868,2.918,1692.914,5777.151,18493.266,61.025,47131.613,1.479,0.523,0.004,140.649,1.119,10.357,10.412,-5.535,-0.044,54.985,0.438,37.165,0.296,710.223,5.651,0.076,9.519,5911.905,6.759,5.266,4.259,3.818,8.394,3.772,2.524,2.773,0.03,1.706,0.85,5.851,2.07,0.16,3.334,-0.102,7.607,4.258,1.947,0.003,0.017,0.021,0.001,1308.562,1301.55,259.278,20.923,4.704211428610131e-05,9.860497978323113e-06,1.478926100486712e-09,3.099978482557874e-10,5718.397,5516.979,5426.293,1226.893,1171.892,1178.892,1.4688088805596193e-09,1.4289488714996373e-09,1.4070454741058711e-09,3.1513575113732624e-10,3.03530927146805e-10,3.056883682948228e-10
Japan,1996,JPN,125975260.0,4118875209728.0,80.527,0.0,0.0,0.0,126.823,16.11,1.465,0.0,424.427,2.626,25.727,7982.38,1005.582,1416.503,178.444,3.514,1.432,334.77,42.173,17.327,16.765,1099.67,8656.927,1029.857,19.426,1.988,117.509,47861.891,1.464,1.911,92.128,4990.017,628.619,38994.512,4912.344,61.039,81.898,6.697,40.597,646.772,1690.143,212.916,5134.123,-2.313,-0.657,220.306,27.753,20.674,10.783,466.73,-2.056,-4.5,214.369,612.604,77.173,1701.679,7.494,3.574,2.358,25.223,1085.79,3087.735,388.978,8619.069,37.77,18.102,0.0,0.0,3.351,26.702,823.614,2353.646,296.501,6537.905,28.791,13.731,0.798,25.804,3259.989,1883.371,237.258,25878.008,3.413,0.303,73.003,9.197,23.038,54.35,47.649,15.248,8.82,6.663,2.977,121.037,7.895,378.241,1.481,0.233,0.794,8175.074,6029.414,-0.7,-1.479,262.175,734.089,92.477,2081.164,8.98,4.371,37.975,0.042,0.151,0.433,0.054,1.202,0.005,0.003,100.0,0.003,0.005,0.015,0.002,0.042,0.0,0.0,JPN,125975305.0,4118875209728.0,42.56,0.338,1251.695,12.5,1.009,1246.332,12.672,1.027,9.893,0.303,0.207,9.936,0.304,0.208,344.945,2.738,1491.88,11.843,0.362,1308.891,36105.02,41599.5,13681.813,3.49,1839.349,5771.788,19201.029,70.444,47956.695,1.464,0.572,0.005,146.434,1.162,10.445,10.499,-5.362,-0.043,52.911,0.42,39.808,0.316,707.765,5.618,0.075,9.419,6029.414,6.688,5.16,4.117,3.822,8.325,3.808,2.554,2.792,0.035,1.775,0.842,5.896,2.222,0.163,3.324,-0.089,7.358,4.242,1.965,0.003,0.018,0.021,0.001,1322.667,1315.789,240.185,19.189,4.7861889707550134e-05,9.936034685528168e-06,1.4638496417079281e-09,3.038924308859211e-10,5911.905,5718.397,5516.979,1239.195,1226.893,1171.892,1.478926100486712e-09,1.4688088805596193e-09,1.4289488714996373e-09,3.099978482557874e-10,3.1513575113732624e-10,3.03530927146805e-10
Japan,1997,JPN,126265874.0,4160709459968.0,80.527,0.0,0.0,0.0,126.823,16.11,1.465,0.0,424.427,2.721,27.364,8180.722,1032.946,1489.991,188.135,-34.105,-14.383,220.089,27.79,17.835,16.899,1099.67,8656.927,1054.864,19.707,1.95,117.55,48682.707,1.477,0.332,16.304,4884.575,616.755,39033.883,4928.647,58.468,80.632,3.8,24.575,671.348,1739.8,219.677,5316.938,4.639,1.287,229.995,29.041,20.825,10.983,466.73,12.008,25.742,240.111,684.587,86.44,1901.631,8.194,3.928,9.037,98.062,1183.851,3359.038,424.132,9375.862,40.207,19.368,0.0,0.0,8.316,68.488,892.103,2543.498,321.157,7065.271,30.445,14.595,-1.093,-35.635,3224.353,1654.785,208.943,25536.221,-9.868,-0.908,65.648,8.289,19.808,52.75,51.368,16.438,8.82,7.804,3.719,130.183,7.895,406.821,1.558,0.233,0.84,8354.308,6146.964,11.352,29.574,291.749,815.54,102.975,2310.592,9.762,4.773,76.702,0.116,0.268,0.763,0.096,2.119,0.009,0.004,-50.0,-0.003,0.003,0.008,0.001,0.021,0.0,0.0,JPN,126265926.0,4160709459968.0,39.926,0.316,1244.395,-7.299,-0.583,1239.913,-6.419,-0.515,9.82,0.298,0.202,9.855,0.299,0.202,350.478,2.776,1467.228,11.62,0.353,1348.817,37349.414,42839.414,14032.292,4.071,1990.418,5767.306,19893.926,79.888,48774.598,1.477,0.582,0.005,151.069,1.196,10.342,10.4,-4.482,-0.035,50.382,0.399,39.236,0.311,692.896,5.488,0.075,9.443,6146.964,6.028,5.1,3.898,3.904,8.232,3.84,2.579,2.812,0.04,1.842,0.832,5.931,2.353,0.165,3.417,-0.061,7.096,4.22,1.981,0.003,0.018,0.022,0.001,1313.218,1305.798,222.832,17.907,4.8682702659627185e-05,9.85535084104947e-06,1.4773836191021318e-09,2.990824069723846e-10,6029.414,5911.905,5718.397,1251.695,1239.195,1226.893,1.4638496417079281e-09,1.478926100486712e-09,1.4688088805596193e-09,3.038924308859211e-10,3.099978482557874e-10,3.1513575113732624e-10
Japan,1998,JPN,126549132.0,4111245246464.0,80.527,0.0,0.0,0.0,126.823,16.11,1.465,0.0,424.427,-4.669,-48.227,7781.321,984.719,1519.033,192.232,-14.286,-3.97,188.226,23.82,18.141,16.373,1099.67,8656.927,1059.663,20.215,-1.583,-97.283,47805.0,1.471,-2.397,-118.146,4857.688,614.736,38012.918,4810.501,58.012,79.983,3.022,20.291,691.639,1818.263,230.1,5465.378,-0.778,-0.226,227.695,28.815,21.714,11.5,466.73,3.053,7.331,247.442,703.908,89.079,1955.301,8.406,4.114,1.708,20.03,1203.881,3408.761,431.376,9513.155,40.709,20.017,0.0,0.0,1.5,13.38,905.483,2575.868,325.974,7155.188,30.762,15.055,-2.798,-90.21,3134.143,1520.393,192.404,24766.217,-1.245,-0.103,64.686,8.186,18.157,52.111,50.539,16.173,8.82,-1.612,-0.828,127.797,7.895,399.366,1.526,0.233,0.84,8373.53,6049.681,2.357,6.65,298.399,832.893,105.402,2357.967,9.947,4.961,48.746,0.13,0.398,1.132,0.143,3.144,0.014,0.007,636.842,0.017,0.02,0.056,0.007,0.155,0.001,0.0,JPN,126549181.0,4111245246464.0,35.363,0.279,1204.594,-39.801,-3.198,1201.909,-38.004,-3.065,9.498,0.292,0.199,9.519,0.293,0.199,328.119,2.593,1372.182,10.843,0.334,1384.18,38554.004,44041.324,14360.411,4.572,2145.028,5764.621,20570.943,88.873,47896.113,1.471,0.5,0.004,154.61,1.222,9.99,10.044,-2.685,-0.021,47.49,0.375,39.25,0.31,677.016,5.35,0.071,8.986,6049.681,5.357,4.956,3.947,3.756,8.121,3.868,2.604,2.828,0.043,1.907,0.825,5.957,2.458,0.149,3.461,-0.044,6.85,4.074,1.997,0.003,0.019,0.022,0.001,1271.017,1264.268,167.588,13.912,4.7804997982917434e-05,9.518781476744528e-06,1.471496015763888e-09,2.929997914953012e-10,6146.964,6029.414,5911.905,1244.395,1251.695,1239.195,1.4773836191021318e-09,1.4638496417079281e-09,1.478926100486712e-09,2.990824069723846e-10,3.038924308859211e-10,3.099978482557874e-10
Japan,1999,JPN,126801516.0,4098283012096.0,80.527,0.0,0.0,0.0,126.823,16.11,1.465,0.0,424.427,5.205,51.258,8170.069,1035.977,1668.852,211.613,6.831,1.627,200.683,25.447,19.609,16.955,1099.67,8656.927,1079.142,20.127,1.559,94.33,48453.77,1.499,2.773,133.412,5122.477,649.538,38989.387,4943.913,60.19,80.914,5.029,34.78,726.419,1929.684,244.687,5728.785,0.351,0.101,228.039,28.916,22.674,11.889,466.73,-5.935,-14.686,232.756,660.812,83.792,1835.59,7.765,3.809,-3.154,-37.69,1166.192,3294.662,417.768,9196.984,38.713,19.086,0.0,0.0,-2.681,-24.275,881.208,2501.823,317.235,6949.507,29.397,14.422,1.512,47.374,3181.517,1523.942,193.238,25090.531,-8.35,-0.683,59.167,7.502,17.907,52.07,51.521,16.487,8.82,1.943,0.982,130.021,7.895,406.314,1.528,0.233,0.843,8510.481,6144.011,-4.619,-13.415,284.983,792.839,100.533,2247.477,9.316,4.664,52.203,0.208,0.606,1.719,0.218,4.776,0.02,0.01,414.286,0.081,0.101,0.287,0.036,0.797,0.003,0.002,JPN,126801566.0,4098283012096.0,35.01,0.276,1241.195,36.601,3.038,1230.296,28.387,2.362,9.703,0.3,0.2,9.788,0.303,0.202,346.12,2.73,1464.35,11.548,0.357,1419.19,39795.203,45271.621,14706.531,5.112,2308.884,5753.722,21257.512,97.973,48548.125,1.499,0.541,0.004,163.856,1.292,10.231,10.233,-10.899,-0.086,46.05,0.363,36.91,0.291,686.568,5.415,0.072,9.099,6144.011,5.054,4.994,3.987,3.905,8.001,3.895,2.629,2.847,0.047,1.971,0.816,5.98,2.555,0.164,3.552,-0.182,6.774,4.15,2.013,0.002,0.02,0.023,0.001,1297.507,1297.267,223.155,17.979,4.845376612058764e-05,9.788483211634707e-06,1.499167085793264e-09,3.028573176465944e-10,6049.681,6146.964,6029.414,1204.594,1244.395,1251.695,1.471496015763888e-09,1.4773836191021318e-09,1.4638496417079281e-09,2.929997914953012e-10,2.990824069723846e-10,3.038924308859211e-10
Japan,2000,JPN,127027758.0,4209652006912.0,80.527,0.0,0.0,0.0,126.823,16.11,1.465,0.0,424.427,7.203,74.626,8742.998,1110.603,1875.496,238.24,-25.814,-6.569,148.613,18.878,21.665,17.858,1099.67,8656.927,1099.67,20.116,1.779,109.312,49228.012,1.485,2.074,102.546,5349.382,679.52,39727.215,5046.459,61.793,81.144,4.162,30.232,756.65,2034.988,258.5,5956.573,7.844,2.268,245.488,31.184,23.507,12.166,466.73,0.807,1.878,234.633,664.973,84.47,1847.103,7.681,3.773,0.571,6.496,1172.688,3307.545,420.15,9231.744,38.207,18.856,0.0,0.0,0.595,5.241,886.449,2512.207,319.12,6978.387,29.02,14.254,-0.073,-2.312,3179.205,1438.898,182.78,25027.643,8.625,0.647,64.155,8.15,16.621,51.12,50.347,16.111,8.82,-2.279,-1.174,126.831,7.895,396.347,1.465,0.233,0.81,8656.927,6253.324,0.496,1.256,286.239,795.338,101.03,2253.358,9.187,4.603,57.808,0.35,0.956,2.677,0.34,7.524,0.031,0.015,199.75,0.202,0.303,0.866,0.11,2.384,0.01,0.005,JPN,127027796.0,4209652006912.0,35.086,0.276,1263.993,22.798,1.837,1270.698,40.402,3.284,10.003,0.302,0.203,9.951,0.3,0.202,372.971,2.936,1547.456,12.182,0.368,1454.276,41059.195,46542.316,15079.503,5.626,2477.612,5760.426,21934.814,107.365,49314.926,1.485,0.513,0.004,168.728,1.328,10.31,10.425,6.705,0.053,44.778,0.353,27.539,0.217,677.303,5.332,0.074,9.392,6253.323,4.846,4.955,4.125,4.053,7.878,3.921,2.655,2.868,0.05,2.033,0.811,5.998,2.651,0.148,3.552,0.127,6.594,4.342,2.029,0.002,0.02,0.023,0.001,1324.316,1309.623,283.463,22.426,4.922801203812438e-05,9.950522954834154e-06,1.4854729060103807e-09,3.0026068613856873e-10,6144.011,6049.681,6146.964,1241.195,1204.594,1244.395,1.499167085793264e-09,1.471496015763888e-09,1.4773836191021318e-09,3.028573176465944e-10,2.929997914953012e-10,2.990824069723846e-10
Japan,2001,JPN,127260090.0,4224163250176.0,80.527,0.0,0.0,0.0,125.963,16.03,1.48,0.0,424.017,2.391,26.551,8935.674,1137.155,1995.205,253.91,2.236,0.422,151.66,19.3,23.442,18.48,1083.14,8511.23,1083.14,20.024,-1.081,-67.62,48606.785,1.464,-1.11,-56.011,5219.861,664.28,39214.559,4990.448,61.329,81.102,2.727,20.634,777.284,2015.714,256.52,6107.837,-0.474,-0.148,243.879,31.036,23.683,12.632,459.27,-3.47,-9.393,225.24,640.735,81.54,1769.921,7.528,3.66,-0.309,-9.817,1162.871,3291.37,418.86,9137.751,38.671,18.898,0.0,0.0,0.444,-0.985,885.464,2518.779,320.54,6957.909,29.594,14.39,-3.246,-103.196,3076.01,1208.942,153.85,24171.047,0.252,0.021,64.2,8.17,14.204,49.989,50.09,16.029,8.82,-0.511,-0.257,125.953,7.895,393.602,1.48,0.233,0.814,8511.23,6185.704,-2.687,-8.832,277.407,772.591,98.32,2179.841,9.077,4.508,45.247,0.425,1.38,3.929,0.5,10.848,0.046,0.022,131.193,0.393,0.696,1.964,0.25,5.47,0.023,0.011,JPN,127260144.0,4224163250176.0,34.374,0.27,1249.393,-14.6,-1.155,1243.451,-27.247,-2.144,9.771,0.294,0.201,9.818,0.296,0.202,382.016,3.002,1511.744,11.879,0.358,1488.65,42308.586,47785.766,15461.519,6.176,2645.477,5754.484,22590.396,116.372,48681.129,1.464,0.55,0.004,167.865,1.319,10.161,10.205,-5.943,-0.047,43.23,0.34,26.622,0.209,655.581,5.152,0.071,9.007,6185.704,4.539,4.86,4.081,4.127,7.746,3.943,2.68,2.89,0.053,2.089,0.805,6.007,2.729,0.164,3.501,-0.125,6.335,4.222,2.043,0.002,0.021,0.024,0.001,1298.719,1293.117,262.351,20.998,4.860678630668854e-05,9.817629940761266e-06,1.4643619655898177e-09,2.9577289654890684e-10,6253.324,6144.011,6049.681,1263.993,1241.195,1204.594,1.4854729060103807e-09,1.499167085793264e-09,1.471496015763888e-09,3.0026068613856873e-10,3.028573176465944e-10,2.929997914953012e-10
Japan,2002,JPN,127484547.0,4226576285696.0,80.527,0.0,0.0,0.0,132.879,16.94,1.536,0.0,433.726,6.222,70.753,9474.938,1207.908,2074.134,264.42,-57.205,-11.041,64.789,8.26,23.971,19.698,1103.07,8652.578,1103.07,20.399,-0.32,-19.807,48365.836,1.459,0.081,4.033,5413.754,690.17,39177.152,4994.481,62.568,81.446,-2.164,-16.824,760.46,1982.672,252.76,5965.118,10.691,3.318,269.477,34.354,22.914,12.401,478.43,-1.149,-4.418,220.822,632.233,80.6,1732.146,7.307,3.601,-1.421,-25.097,1137.774,3238.824,412.9,8924.797,37.432,18.554,0.0,0.0,-1.959,-24.482,860.982,2465.083,314.26,6753.617,28.49,14.04,-1.622,-49.896,3026.113,1356.949,172.99,23737.098,-1.211,-0.099,63.31,8.071,15.683,49.347,52.935,16.939,8.82,5.681,2.846,132.873,7.895,415.229,1.536,0.233,0.863,8652.578,6165.896,0.335,-0.615,276.792,773.741,98.64,2171.179,8.942,4.514,38.996,0.523,1.903,5.412,0.69,14.928,0.063,0.031,63.889,0.435,1.132,3.216,0.41,8.876,0.037,0.018,JPN,127484599.0,4226576285696.0,32.417,0.254,1278.995,29.601,2.369,1267.122,23.671,1.904,9.939,0.3,0.206,10.033,0.303,0.207,399.142,3.131,1501.085,11.775,0.355,1521.067,43587.582,49052.891,15860.66,6.702,2817.25,5742.611,23256.877,125.028,48435.285,1.459,0.526,0.004,171.773,1.347,10.366,10.364,-11.873,-0.093,42.203,0.331,26.343,0.207,666.48,5.228,0.068,8.656,6165.896,4.128,4.867,4.035,4.123,7.604,3.965,2.703,2.911,0.056,2.141,0.797,6.019,2.791,0.162,3.479,-0.232,6.451,4.002,2.057,0.002,0.021,0.024,0.001,1321.266,1321.568,222.09,17.364,4.8365830566115215e-05,1.0032545186105106e-05,1.4588393970001769e-09,3.026078115112939e-10,6185.704,6253.324,6144.011,1249.393,1263.993,1241.195,1.4643619655898177e-09,1.4854729060103807e-09,1.499167085793264e-09,2.9577289654890684e-10,3.0026068613856873e-10,3.028573176465944e-10
Japan,2003,JPN,127671194.0,4288493387776.0,80.527,0.0,0.0,0.0,140.047,17.88,1.636,0.0,476.318,2.761,33.351,9722.313,1241.259,2287.595,292.06,-2.302,-0.19,63.205,8.069,26.731,20.238,1092.59,8557.843,1092.59,19.737,-0.048,-2.984,48271.754,1.437,3.987,199.139,5877.442,750.38,40679.656,5193.62,68.679,84.68,9.8,74.522,834.982,2139.089,273.1,6540.099,3.134,1.077,277.515,35.431,24.996,13.614,520.42,14.73,31.145,251.967,724.282,92.47,1973.564,8.463,4.108,-17.121,-198.161,939.612,2680.401,342.21,7359.626,31.321,15.32,0.0,0.0,-26.787,-234.067,626.915,1802.129,230.08,4910.384,21.058,10.222,3.016,91.266,3117.379,1450.758,185.22,24417.244,2.265,0.183,64.65,8.254,16.952,50.828,55.864,17.876,8.82,5.532,2.929,140.02,7.895,437.561,1.636,0.233,0.911,8557.843,6162.913,13.672,35.906,312.698,878.272,112.13,2449.242,10.263,5.098,37.335,0.696,2.599,7.441,0.95,20.36,0.087,0.042,101.453,1.136,2.267,6.501,0.83,17.757,0.076,0.037,JPN,127671255.0,4288493387776.0,31.935,0.25,1287.495,8.5,0.665,1274.042,6.921,0.546,9.979,0.297,0.207,10.084,0.3,0.209,412.504,3.231,1525.526,11.949,0.356,1553.002,44875.078,50326.934,16273.164,7.209,2994.417,5729.158,23913.406,133.88,48335.68,1.437,0.508,0.004,177.168,1.388,10.413,10.402,-13.452,-0.105,41.371,0.324,26.376,0.207,656.529,5.142,0.069,8.852,6162.913,3.698,4.653,3.775,3.922,7.442,3.982,2.723,2.931,0.059,2.19,0.789,6.023,2.848,0.147,3.461,-0.221,6.192,4.005,2.069,0.002,0.022,0.025,0.001,1328.098,1329.426,238.031,18.488,4.827175815399636e-05,1.0084454797597078e-05,1.4370811477911752e-09,3.0022081966359077e-10,6165.896,6185.704,6253.324,1278.995,1249.393,1263.993,1.4588393970001769e-09,1.4643619655898177e-09,1.4854729060103807e-09,3.026078115112939e-10,2.9577289654890684e-10,3.0026068613856873e-10
Japan,2004,JPN,127815728.0,4380398190592.0,80.527,0.0,0.0,0.0,141.219,18.05,1.61,0.0,450.263,2.646,32.843,9968.276,1274.103,2311.062,295.39,0.044,0.004,63.161,8.073,26.346,20.499,1121.19,8771.925,1121.19,20.287,1.366,84.194,48875.883,1.426,-1.254,-65.153,5655.72,722.89,40123.914,5128.467,64.475,82.513,-3.466,-28.942,806.041,2017.436,257.86,6306.271,3.809,1.349,287.76,36.78,22.999,12.969,504.83,-0.871,-3.547,248.42,717.204,91.67,1943.58,8.176,3.997,16.389,147.277,1086.889,3116.205,398.3,8503.563,35.525,17.487,0.0,0.0,24.247,147.789,774.703,2236.579,285.87,6061.097,25.497,12.464,-2.215,-69.055,3048.324,1327.223,169.64,23849.365,7.947,0.656,69.708,8.91,15.13,49.045,56.417,18.053,8.82,0.99,0.553,141.246,7.895,441.394,1.61,0.233,0.908,8771.925,6247.106,0.265,-0.512,312.186,879.626,112.43,2442.467,10.028,5.023,33.3,0.847,3.446,9.936,1.27,26.962,0.113,0.055,73.077,1.635,3.902,11.266,1.44,30.532,0.128,0.063,JPN,127815770.0,4380398190592.0,31.276,0.245,1282.895,-4.6,-0.357,1265.336,-8.707,-0.683,9.9,0.289,0.203,10.037,0.293,0.205,420.467,3.29,1533.578,11.998,0.35,1584.278,46157.973,51592.27,16693.631,7.688,3170.497,5711.599,24558.785,143.094,48931.176,1.426,0.479,0.004,176.08,1.378,10.361,10.318,-17.559,-0.137,41.031,0.321,26.192,0.205,645.38,5.049,0.072,9.213,6247.106,3.465,4.481,3.718,3.867,7.277,3.995,2.741,2.949,0.061,2.233,0.781,6.019,2.901,0.14,3.332,-0.325,5.868,3.979,2.079,0.002,0.022,0.026,0.001,1318.803,1324.279,250.683,19.54,4.887587856167397e-05,1.0037063501631996e-05,1.4261502557957451e-09,2.92871776532859e-10,6162.913,6165.896,6185.704,1287.495,1278.995,1249.393,1.4370811477911752e-09,1.4588393970001769e-09,1.4643619655898177e-09,3.0022081966359077e-10,3.026078115112939e-10,2.9577289654890684e-10
Japan,2005,JPN,127913277.0,4450600615936.0,80.527,0.0,0.0,0.0,169.568,21.69,1.881,0.0,461.802,4.765,60.712,10435.307,1334.814,2495.441,319.2,-16.805,-1.357,52.507,6.716,27.683,21.113,1153.07,9014.467,1153.07,20.428,1.71,106.83,49673.781,1.428,2.345,120.263,5919.948,757.24,41033.5,5248.729,65.672,83.02,2.635,21.239,827.28,1978.606,253.09,6467.504,7.366,2.709,308.722,39.49,21.949,13.085,532.49,-15.388,-39.921,208.499,606.348,77.56,1630.0,6.726,3.298,-0.621,-13.368,1073.521,3094.518,395.83,8392.567,34.328,16.98,0.0,0.0,2.509,13.034,787.737,2290.927,293.04,6158.368,25.414,12.46,1.257,38.312,3086.636,1445.901,184.95,24130.691,9.044,0.806,75.955,9.716,16.04,48.822,67.769,21.686,8.82,20.121,11.352,169.537,7.895,529.802,1.881,0.233,1.072,9014.467,6353.936,-8.578,-26.402,285.784,803.591,102.79,2234.199,8.914,4.52,28.19,0.936,4.382,12.743,1.63,34.257,0.141,0.069,32.639,1.232,5.134,14.932,1.91,40.14,0.166,0.081,JPN,127913331.0,4450600615936.0,32.28,0.252,1290.296,7.401,0.577,1275.467,10.132,0.801,9.971,0.287,0.201,10.087,0.29,0.203,430.874,3.368,1541.668,12.052,0.346,1616.558,47448.27,52867.734,17124.504,8.198,3345.199,5696.771,25201.146,152.665,49706.562,1.427,0.509,0.004,174.702,1.366,10.4,10.386,-14.829,-0.116,40.462,0.316,25.151,0.197,642.359,5.022,0.075,9.571,6352.418,3.334,4.357,3.696,3.731,7.11,4.004,2.758,2.964,0.063,2.269,0.773,6.013,2.95,0.146,3.234,-0.303,5.784,3.951,2.088,0.002,0.023,0.026,0.001,1328.494,1330.299,251.372,19.482,4.967378015028065e-05,1.0087267604656391e-05,1.427658095684623e-09,2.899150275088522e-10,6247.106,6162.913,6165.896,1282.895,1287.495,1278.995,1.4261502557957451e-09,1.4370811477911752e-09,1.4588393970001769e-09,2.92871776532859e-10,3.0022081966359077e-10,3.026078115112939e-10
Japan,2006,JPN,127997206.0,4514225061888.0,80.527,0.043,0.337,0.043,168.207,21.53,1.849,0.001,447.245,-1.699,-22.672,10251.332,1312.142,2432.397,311.34,22.118,1.486,64.078,8.202,26.739,20.818,1164.35,9096.683,1164.35,20.821,-0.281,-17.834,49501.879,1.404,-1.434,-75.262,5825.049,745.59,40418.598,5173.467,64.035,82.081,7.038,58.224,885.503,2187.86,280.04,6918.146,10.242,4.045,340.118,43.534,24.051,14.049,520.75,14.499,28.953,237.452,693.843,88.81,1855.133,7.627,3.767,5.804,55.905,1129.426,3271.634,418.76,8823.83,35.965,17.919,0.0,0.0,3.84,25.874,813.611,2377.318,304.29,6356.476,26.134,12.909,-3.59,-110.813,2975.822,1204.792,154.21,23249.119,0.993,0.096,76.658,9.812,13.244,47.214,67.275,21.528,8.82,-0.729,-0.494,168.191,7.895,525.597,1.849,0.233,1.067,9096.683,6336.102,11.403,30.031,315.815,894.316,114.47,2467.355,9.831,5.011,22.425,0.954,5.336,15.625,2.0,41.688,0.172,0.085,11.78,0.574,5.709,16.641,2.13,44.599,0.183,0.091,JPN,127997248.0,4514225061888.0,31.991,0.25,1267.295,-23.001,-1.783,1260.54,-14.927,-1.17,9.848,0.279,0.199,9.901,0.281,0.2,427.99,3.344,1514.616,11.833,0.336,1648.549,48715.562,54128.273,17552.494,8.752,3536.538,5690.015,25806.732,162.497,49536.465,1.404,0.555,0.004,191.339,1.495,10.208,10.255,-6.755,-0.053,40.105,0.313,24.587,0.192,605.588,4.731,0.077,9.832,6335.821,3.03,4.138,3.505,3.51,6.929,4.007,2.772,2.976,0.066,2.312,0.767,5.997,2.994,0.16,3.443,-0.127,5.397,3.887,2.095,0.002,0.024,0.027,0.001,1312.631,1306.59,247.32,19.516,4.9501877408167415e-05,9.90095505803367e-06,1.4035857568319889e-09,2.80733676904885e-10,6353.936,6247.106,6162.913,1290.296,1282.895,1287.495,1.427658095684623e-09,1.4261502557957451e-09,1.4370811477911752e-09,2.899150275088522e-10,2.92871776532859e-10,3.0022081966359077e-10
Japan,2007,JPN,128087633.0,4590814101504.0,80.527,0.035,0.608,0.078,173.319,22.2,1.881,0.001,470.193,4.974,65.262,10753.604,1377.404,2477.288,317.31,4.667,0.383,67.021,8.585,26.888,22.049,1180.11,9213.302,1180.11,21.055,-0.958,-60.681,48993.184,1.367,0.975,50.446,6240.571,799.34,40783.902,5223.913,67.734,83.623,7.724,68.397,953.901,2317.554,296.85,7447.25,6.247,2.72,361.111,46.254,25.154,15.27,554.88,-16.099,-39.288,198.164,581.711,74.51,1547.099,6.314,3.172,-9.062,-106.333,1023.093,2972.73,380.77,7987.442,32.266,16.377,0.0,0.0,-8.308,-71.567,742.044,2178.274,279.01,5793.254,23.643,11.878,-2.796,-83.213,2892.609,1445.729,185.18,22583.047,3.708,0.364,79.445,10.176,15.692,46.304,69.369,22.198,8.82,3.112,2.094,173.303,7.895,541.573,1.881,0.233,1.11,9213.302,6275.421,-11.065,-34.766,281.048,794.456,101.76,2194.188,8.623,4.499,15.877,0.814,6.15,18.035,2.31,48.015,0.196,0.098,28.337,1.579,7.287,21.392,2.74,56.893,0.232,0.117,JPN,128087684.0,4590814101504.0,30.658,0.239,1302.996,35.701,2.817,1290.413,29.873,2.37,10.074,0.281,0.206,10.173,0.284,0.208,445.459,3.478,1523.26,11.892,0.332,1679.207,50018.562,55418.688,17997.953,9.37,3744.312,5677.432,26414.896,172.821,49017.004,1.367,0.617,0.005,207.774,1.622,10.479,10.485,-12.583,-0.098,40.18,0.314,24.568,0.192,608.164,4.748,0.081,10.323,6274.491,2.704,4.132,3.572,3.484,6.736,4.01,2.786,2.986,0.069,2.359,0.761,5.982,3.038,0.18,3.607,-0.274,5.405,3.976,2.104,0.002,0.024,0.027,0.001,1342.968,1342.256,220.263,16.904,4.899318422099307e-05,1.01726876410693e-05,1.3669516694095944e-09,2.838267834833749e-10,6336.102,6353.936,6247.106,1267.295,1290.296,1282.895,1.4035857568319889e-09,1.427658095684623e-09,1.4261502557957451e-09,2.80733676904885e-10,2.899150275088522e-10,2.92871776532859e-10
Japan,2008,JPN,128155949.0,4542408163328.0,5.517,0.004,0.641,0.082,166.126,21.29,1.799,0.001,485.224,2.714,37.377,11039.525,1414.781,2603.859,333.7,-13.741,-1.18,57.781,7.405,28.191,23.081,1183.7,9236.402,1183.7,21.368,-1.87,-117.336,48051.492,1.356,-0.73,-38.134,6476.328,829.98,40464.598,5185.779,70.117,84.603,3.889,37.094,990.995,2534.646,324.83,7732.727,-0.46,-0.213,359.256,46.041,27.442,16.167,574.36,0.879,0.159,198.323,586.473,75.16,1547.512,6.35,3.236,-7.096,-79.3,943.793,2760.075,353.72,7364.411,29.883,15.397,0.0,0.0,-9.772,-77.812,664.233,1964.326,251.74,5183.002,21.267,10.837,-3.893,-112.606,2780.003,1337.823,171.45,21692.346,3.86,0.393,82.468,10.569,14.484,45.354,66.541,21.293,8.82,-4.077,-2.828,166.149,7.895,519.216,1.799,0.233,1.086,9236.402,6158.084,0.236,-1.488,279.56,795.749,101.98,2181.408,8.615,4.561,12.173,0.694,6.844,20.21,2.59,53.406,0.219,0.112,7.482,0.483,7.77,22.941,2.94,60.633,0.248,0.127,JPN,128155991.0,4542408163328.0,28.553,0.223,1232.196,-70.801,-5.434,1222.294,-68.119,-5.279,9.538,0.269,0.198,9.615,0.271,0.2,426.743,3.33,1501.035,11.713,0.33,1707.76,51250.758,56640.984,18424.697,9.937,3947.626,5667.53,26978.305,182.434,48084.367,1.356,0.567,0.004,203.313,1.586,9.904,9.926,-9.902,-0.077,38.769,0.303,22.888,0.179,563.407,4.396,0.075,9.613,6158.532,2.485,3.842,3.308,3.232,6.549,4.006,2.796,2.992,0.071,2.398,0.754,5.958,3.067,0.169,3.43,-0.203,5.029,3.698,2.109,0.002,0.025,0.028,0.001,1272.125,1269.305,268.839,21.818,4.8051487644946956e-05,9.614813871635469e-06,1.3556870669870127e-09,2.712649228547595e-10,6275.421,6336.102,6353.936,1302.996,1267.295,1290.296,1.3669516694095944e-09,1.4035857568319889e-09,1.427658095684623e-09,2.838267834833749e-10,2.80733676904885e-10,2.899150275088522e-10
Japan,2009,JPN,128192428.0,4298103324672.0,612.66,0.504,4.57,0.586,158.59,20.33,1.825,0.01,460.207,-16.104,-227.833,9259.106,1186.947,2434.465,312.08,4.31,0.319,60.254,7.724,28.014,21.217,1114.02,8690.217,1114.02,22.37,-8.7,-535.752,43858.535,1.308,-11.152,-578.328,5788.875,742.09,35941.676,4607.451,66.614,82.359,-6.682,-66.215,924.78,2533.067,324.72,7214.0,-3.704,-1.706,345.85,44.335,29.148,16.531,512.68,-6.251,-13.372,184.951,549.72,70.47,1442.758,6.326,3.306,5.279,43.118,986.911,2901.341,371.93,7698.668,33.386,17.641,0.0,0.0,9.099,56.635,720.867,2142.482,274.65,5623.324,24.654,12.886,-10.226,-284.28,2495.723,821.343,105.29,19468.568,-7.604,-0.804,76.175,9.765,9.451,44.611,63.518,20.326,8.82,-4.543,-3.023,158.557,7.895,495.489,1.825,0.233,1.135,8690.217,5622.332,-4.142,-13.517,266.043,758.859,97.28,2075.345,8.732,4.756,17.407,1.149,7.993,23.792,3.05,62.355,0.274,0.143,16.377,1.225,8.996,26.757,3.43,70.172,0.308,0.161,JPN,128192471.0,4298103324672.0,25.308,0.197,1163.393,-68.803,-5.584,1150.351,-71.943,-5.886,8.974,0.268,0.205,9.075,0.271,0.207,411.9,3.213,1394.256,10.876,0.324,1733.068,52414.148,57791.332,18836.598,10.439,4148.695,5654.488,27494.787,190.563,43881.684,1.308,0.503,0.004,201.07,1.569,9.344,9.34,-13.042,-0.102,37.415,0.292,21.378,0.167,516.483,4.029,0.063,8.129,5621.991,2.141,3.688,3.125,3.158,6.358,3.998,2.801,2.995,0.073,2.434,0.747,5.929,3.078,0.152,3.476,-0.247,4.714,3.331,2.112,0.002,0.025,0.028,0.001,1197.259,1197.769,230.863,19.844,4.385853429658073e-05,9.075361375942204e-06,1.3080960543053153e-09,2.7067590332737793e-10,6158.084,6275.421,6336.102,1232.196,1302.996,1267.295,1.3556870669870127e-09,1.3669516694095944e-09,1.4035857568319889e-09,2.712649228547595e-10,2.838267834833749e-10,2.80733676904885e-10
Japan,2010,JPN,128185219.0,4480295763968.0,282.328,1.654,17.472,2.24,170.3,21.83,1.888,0.038,446.663,13.968,165.787,10552.969,1352.735,2471.814,316.85,-28.396,-2.193,43.147,5.531,27.408,22.738,1156.04,9018.513,1156.04,21.898,6.418,360.837,46675.965,1.335,5.621,258.972,5815.335,745.44,37963.992,4866.423,64.482,81.799,8.065,74.587,999.367,2543.897,326.09,7796.275,-7.89,-3.498,318.579,40.837,28.208,16.798,516.36,25.596,45.525,230.476,690.407,88.5,1797.991,7.655,3.874,10.827,95.946,1082.857,3203.177,410.6,8447.599,35.518,18.201,0.0,0.0,6.446,40.473,761.341,2280.762,292.36,5939.38,25.29,12.797,0.745,18.598,2514.321,799.624,102.5,19614.748,-4.551,-0.444,72.712,9.321,8.866,42.263,68.21,21.827,8.82,7.386,4.692,170.278,7.895,532.118,1.888,0.233,1.147,9018.513,5983.169,23.123,55.473,321.517,922.415,118.24,2508.219,10.228,5.404,30.729,2.375,10.368,31.049,3.98,80.884,0.344,0.174,14.543,1.228,10.223,30.659,3.93,79.754,0.34,0.172,JPN,128185273.0,4480295763968.0,24.321,0.19,1214.798,51.405,4.419,1201.852,51.501,4.477,9.376,0.268,0.201,9.477,0.271,0.203,446.507,3.483,1445.526,11.277,0.323,1757.39,53628.949,58993.184,19283.104,10.916,4360.757,5641.541,28017.092,199.688,46709.957,1.336,0.476,0.004,212.062,1.654,9.75,9.752,-12.946,-0.101,37.588,0.293,22.085,0.172,522.307,4.075,0.071,9.125,5983.799,1.925,3.642,3.094,3.2,6.162,3.99,2.807,2.999,0.074,2.468,0.74,5.897,3.102,0.14,3.405,-0.236,4.613,3.707,2.115,0.002,0.026,0.029,0.001,1250.038,1249.746,230.728,18.993,4.667596659486889e-05,9.476892091964345e-06,1.3354406305312692e-09,2.7114236737891317e-10,5622.332,6158.084,6275.421,1163.393,1232.196,1302.996,1.3080960543053153e-09,1.3556870669870127e-09,1.3669516694095944e-09,2.7067590332737793e-10,2.712649228547595e-10,2.838267834833749e-10
Japan,2011,JPN,128096387.0,4468738359296.0,-2.64,-0.059,17.023,2.181,164.798,21.11,1.912,0.039,505.343,-5.181,-70.085,10013.16,1282.65,2225.434,285.07,38.659,2.138,59.869,7.669,25.817,22.722,1104.2,8620.071,1104.2,21.259,-5.241,-313.575,44260.375,1.269,1.005,48.888,6462.087,827.77,38371.965,4915.311,74.966,87.076,12.096,120.885,1120.252,2965.189,379.83,8745.387,-0.109,-0.045,318.452,40.793,34.399,19.845,558.0,-6.797,-16.78,213.696,643.968,82.49,1668.246,7.471,3.786,-32.515,-353.292,729.565,2157.984,276.43,5695.438,25.034,12.924,0.0,0.0,-44.271,-339.249,422.091,1271.933,162.93,3295.108,14.755,7.477,-0.076,-1.913,2512.408,1271.464,162.87,19613.42,-4.062,-0.379,69.807,8.942,14.75,44.508,65.954,21.105,8.82,-3.307,-2.256,164.76,7.895,514.876,1.911,0.233,1.168,8620.071,5669.594,-3.989,-14.043,307.474,886.052,113.5,2400.33,10.279,5.447,36.615,3.723,14.091,42.468,5.44,110.004,0.493,0.25,13.585,1.329,11.552,34.818,4.46,90.181,0.404,0.205,JPN,128096431.0,4468738359296.0,24.983,0.195,1264.797,49.999,4.116,1254.265,52.414,4.361,9.792,0.281,0.221,9.874,0.283,0.223,430.97,3.364,1526.404,11.916,0.342,1782.372,54893.742,60247.449,19714.072,11.395,4607.488,5631.01,28569.955,208.46,44288.176,1.269,0.479,0.004,246.731,1.926,10.14,10.159,-10.531,-0.082,36.474,0.285,21.289,0.166,552.861,4.316,0.068,8.773,5669.208,1.839,3.666,3.153,2.924,5.965,3.981,2.813,2.998,0.076,2.517,0.734,5.873,3.105,0.133,3.848,-0.2,4.866,3.189,2.118,0.002,0.026,0.029,0.001,1301.284,1298.855,261.608,20.684,4.4260374026005554e-05,9.87378797462351e-06,1.2687236405787655e-09,2.8303223377778035e-10,5983.169,5622.332,6158.084,1214.798,1163.393,1232.196,1.3354406305312692e-09,1.3080960543053153e-09,1.3556870669870127e-09,2.7114236737891317e-10,2.7067590332737793e-10,2.712649228547595e-10
Japan,2012,JPN,127928244.0,4530172329984.0,-0.839,-0.018,16.902,2.162,172.988,22.13,1.999,0.039,594.527,5.578,71.549,10585.614,1354.199,2613.184,334.3,3.896,0.299,62.283,7.968,30.202,24.184,1106.88,8652.351,1106.88,20.56,-0.958,-54.31,43894.02,1.24,6.851,336.744,7641.471,977.56,41054.691,5252.055,88.317,93.793,9.989,111.898,1232.151,3404.174,435.49,9631.577,-4.651,-1.897,304.039,38.895,39.344,22.004,658.07,-6.53,-14.985,198.711,602.682,77.1,1553.303,6.966,3.549,-52.805,-381.982,347.583,1010.879,129.32,2717.017,11.683,6.207,0.0,0.0,-88.957,-375.722,46.37,140.626,17.99,362.466,1.625,0.828,6.102,153.296,2665.705,1624.114,207.77,20837.498,-3.594,-0.321,67.387,8.621,18.771,47.605,69.156,22.13,8.82,4.856,3.202,172.987,7.895,540.586,1.999,0.233,1.235,8652.351,5615.285,-1.884,-6.26,301.214,870.253,111.33,2354.551,10.058,5.379,35.534,4.909,19.0,57.61,7.37,148.519,0.666,0.339,6.019,0.632,12.184,36.974,4.73,95.241,0.427,0.218,JPN,127928283.0,4530172329984.0,25.625,0.2,1305.998,41.201,3.258,1297.3,43.034,3.431,10.141,0.286,0.231,10.209,0.288,0.233,450.458,3.521,1583.696,12.38,0.35,1807.997,56199.742,61544.75,20164.531,11.887,4863.403,5622.312,29134.594,217.33,43924.301,1.24,0.492,0.004,255.914,2.0,10.469,10.498,-8.698,-0.068,35.573,0.278,21.362,0.167,564.639,4.414,0.069,8.869,5615.884,1.837,3.731,3.191,3.022,5.781,3.975,2.82,2.998,0.077,2.565,0.727,5.851,3.109,0.131,3.907,-0.154,4.912,3.205,2.121,0.002,0.027,0.03,0.001,1343.008,1339.295,277.698,21.263,4.3894020776209167e-05,1.0208829270381045e-05,1.2395301085642877e-09,2.8828881218401967e-10,5669.594,5983.169,5622.332,1264.797,1214.798,1163.393,1.2687236405787655e-09,1.3354406305312692e-09,1.3080960543053153e-09,2.8303223377778035e-10,2.7114236737891317e-10,2.7067590332737793e-10
Japan,2013,JPN,127723595.0,4621006798848.0,18.604,0.402,20.079,2.565,181.486,23.18,2.131,0.046,595.904,4.079,55.239,11035.064,1409.438,2838.551,362.55,2.39,0.19,63.874,8.158,33.33,25.354,1087.76,8516.516,1087.76,20.388,-0.696,-39.064,43658.5,1.207,-1.037,-54.478,7458.371,952.61,40693.941,5197.576,87.575,93.499,0.261,3.218,1235.369,3316.38,423.58,9672.205,-8.665,-3.37,278.138,35.525,38.941,22.223,648.2,2.894,4.183,202.894,621.107,79.33,1588.54,7.293,3.65,4.742,13.793,361.376,1058.144,135.15,2829.363,12.425,6.501,0.0,0.0,-18.834,-9.022,37.348,114.309,14.6,292.409,1.342,0.672,-4.237,-112.935,2552.77,1303.44,166.48,19986.672,-1.327,-0.114,66.599,8.506,15.305,45.922,72.427,23.177,8.82,4.73,3.271,181.46,7.895,567.062,2.131,0.233,1.303,8516.516,5576.221,8.479,22.815,324.029,943.835,120.55,2536.954,11.082,5.829,75.108,14.015,33.015,101.078,12.91,258.486,1.187,0.594,8.583,0.944,13.128,40.165,5.13,102.787,0.472,0.236,JPN,127723641.0,4621006798848.0,26.805,0.21,1315.298,9.3,0.712,1308.229,10.929,0.842,10.243,0.283,0.235,10.298,0.285,0.236,481.655,3.771,1530.563,11.983,0.331,1834.802,57515.039,62852.977,20646.188,12.328,5118.73,5615.243,29676.553,226.44,43669.051,1.207,0.441,0.003,255.328,1.999,10.558,10.608,-7.069,-0.055,35.429,0.277,21.551,0.169,541.959,4.243,0.071,9.11,5575.617,1.843,3.726,3.237,3.211,5.606,3.969,2.828,3.003,0.078,2.609,0.722,5.825,3.109,0.114,3.876,-0.138,4.681,3.093,2.125,0.002,0.027,0.03,0.001,1354.839,1348.511,215.265,16.366,4.365850334857828e-05,1.0297999569241764e-05,1.2067112736969205e-09,2.8463450872392114e-10,5615.285,5669.594,5983.169,1305.998,1264.797,1214.798,1.2395301085642877e-09,1.2687236405787655e-09,1.3354406305312692e-09,2.8828881218401967e-10,2.8303223377778035e-10,2.7114236737891317e-10
Japan,2014,JPN,127486555.0,4634693337088.0,21.485,0.551,24.438,3.116,185.353,23.63,2.224,0.058,591.529,-1.682,-23.703,10869.661,1385.736,2789.314,355.6,8.631,0.704,69.515,8.862,33.461,25.597,1062.72,8335.938,1062.72,20.464,-2.59,-144.426,42606.805,1.172,-2.723,-141.54,7285.631,928.82,39659.375,5056.037,87.4,93.396,0.984,12.152,1247.521,3536.687,450.88,9785.513,-6.669,-2.369,260.071,33.156,42.427,23.044,628.63,2.996,5.016,207.91,640.93,81.71,1630.838,7.689,3.841,-0.511,-3.837,357.539,1050.307,133.9,2804.524,12.6,6.604,0.0,0.0,-100.0,-37.348,0.0,0.0,0.0,0.0,0.0,0.0,-5.092,-129.99,2422.78,959.631,122.34,19004.201,-4.816,-0.41,63.51,8.097,11.512,44.754,73.837,23.628,8.82,1.946,1.409,185.335,7.895,579.171,2.223,0.233,1.364,8335.938,5431.795,11.29,33.51,357.539,1050.307,133.9,2804.524,12.6,6.604,82.42,26.904,59.919,184.725,23.55,470.003,2.216,1.107,-2.322,-0.37,12.758,39.298,5.01,100.075,0.471,0.236,JPN,127486600.0,4634693337088.0,26.557,0.208,1263.806,-51.492,-3.915,1258.854,-49.375,-3.774,9.874,0.272,0.232,9.913,0.273,0.233,473.225,3.712,1441.706,11.309,0.311,1861.36,58778.844,64111.832,21119.412,12.779,5376.059,5610.291,30173.697,235.538,42605.559,1.172,0.451,0.004,257.329,2.018,10.162,10.232,-4.952,-0.039,34.227,0.268,21.104,0.166,497.145,3.9,0.071,9.098,5431.217,1.768,3.565,3.082,3.151,5.437,3.959,2.832,3.006,0.079,2.65,0.716,5.79,3.103,0.117,3.881,-0.092,4.283,2.979,2.127,0.002,0.028,0.031,0.001,1304.437,1295.496,177.9,14.077,4.2606806655023016e-05,9.913245784262739e-06,1.171985847808611e-09,2.7268384509643856e-10,5576.221,5615.285,5669.594,1315.298,1305.998,1264.797,1.2067112736969205e-09,1.2395301085642877e-09,1.2687236405787655e-09,2.8463450872392114e-10,2.8828881218401967e-10,2.8303223377778035e-10
Japan,2015,JPN,127275819.0,4707025158144.0,21.066,0.656,29.635,3.772,223.845,28.49,2.766,0.071,578.049,0.884,12.245,10983.869,1397.981,2747.105,349.64,-10.455,-0.927,62.351,7.936,33.942,26.167,1030.12,8093.604,1030.12,20.267,-1.262,-68.534,42138.883,1.139,-2.682,-135.606,6847.962,871.58,38659.594,4920.431,84.61,92.1,-4.837,-60.345,1187.176,3280.277,417.5,9327.588,-1.118,-0.371,257.588,32.785,40.529,22.222,595.46,4.965,9.217,217.127,673.891,85.77,1705.955,8.326,4.064,18.462,64.496,422.035,1245.641,158.54,3315.907,15.39,7.9,0.0,0.0,-100.0,11.454,11.454,35.513,4.52,89.995,0.439,0.214,-3.612,-87.506,2335.274,820.58,104.44,18348.135,-3.933,-0.318,61.113,7.778,10.139,43.712,89.016,28.485,8.82,20.558,15.18,223.807,7.895,699.396,2.765,0.233,1.666,8093.604,5363.261,15.16,53.042,410.581,1210.128,154.02,3225.912,14.952,7.685,46.679,27.524,87.443,271.379,34.54,687.039,3.353,1.637,4.165,0.464,13.222,41.013,5.22,103.887,0.507,0.247,JPN,127275868.0,4707025158144.0,25.936,0.204,1223.199,-40.606,-3.213,1218.964,-39.89,-3.169,9.577,0.259,0.227,9.611,0.26,0.228,466.243,3.663,1356.43,10.657,0.288,1887.296,60002.047,65330.793,21585.654,13.206,5621.293,5606.055,30650.582,244.011,42152.383,1.14,0.427,0.003,245.234,1.927,9.855,9.93,-4.236,-0.033,33.483,0.263,20.743,0.163,476.886,3.747,0.067,8.473,5363.93,1.787,3.455,2.978,3.179,5.289,3.948,2.835,3.01,0.08,2.682,0.71,5.751,3.091,0.111,3.624,-0.077,4.031,2.791,2.128,0.002,0.029,0.031,0.001,1263.848,1254.316,133.231,10.892,4.213888421334738e-05,9.6106121232659e-06,1.139416259698675e-09,2.598666798888138e-10,5431.795,5576.221,5615.285,1263.806,1315.298,1305.998,1.171985847808611e-09,1.2067112736969205e-09,1.2395301085642877e-09,2.7268384509643856e-10,2.8463450872392114e-10,2.8828881218401967e-10
Japan,2016,JPN,127159900.0,4742508969984.0,22.316,0.842,36.282,4.614,186.144,23.67,2.225,0.087,567.04,-0.186,-2.595,10973.471,1395.385,2662.71,338.59,14.486,1.15,71.448,9.085,31.831,26.46,1063.7,8365.058,1063.7,21.262,-1.257,-67.441,41646.93,1.117,-1.863,-91.667,7032.484,894.25,37973.949,4828.764,84.07,91.565,-1.938,-23.002,1164.174,3605.146,458.43,9155.201,3.007,0.986,265.575,33.77,43.098,22.075,603.16,-7.391,-17.564,199.562,624.647,79.43,1569.382,7.467,3.784,7.237,22.808,444.843,1332.574,169.45,3498.296,15.93,8.435,0.0,0.0,290.733,32.964,44.418,139.038,17.68,349.308,1.662,0.842,-2.829,-66.07,2269.204,764.628,97.23,17845.279,-20.318,-1.58,48.74,6.198,9.141,43.029,73.971,23.671,8.82,-16.901,-15.045,186.15,7.895,581.72,2.225,0.233,1.403,8365.058,5295.819,-0.893,-10.156,400.425,1193.537,151.77,3148.988,14.268,7.593,25.436,21.415,108.859,340.752,43.33,856.076,4.074,2.064,2.259,0.197,13.419,41.994,5.34,105.529,0.502,0.254,JPN,127159949.0,4742508969984.0,25.969,0.204,1203.184,-20.015,-1.636,1197.251,-21.713,-1.781,9.415,0.252,0.226,9.462,0.254,0.227,457.145,3.595,1329.164,10.453,0.28,1913.265,61205.23,66528.047,22042.801,13.666,5872.056,5600.123,31111.1,252.34,41699.695,1.117,0.46,0.004,250.763,1.972,9.699,9.762,-5.933,-0.047,32.914,0.259,20.249,0.159,460.518,3.622,0.065,8.329,5295.605,1.742,3.397,3.006,3.189,5.147,3.935,2.838,3.013,0.081,2.711,0.706,5.709,3.08,0.123,3.607,-0.135,3.85,2.772,2.129,0.002,0.029,0.032,0.001,1241.284,1233.341,125.98,10.471,4.164692642885028e-05,9.461972967604686e-06,1.116670318078042e-09,2.5370199774320285e-10,5363.261,5431.795,5576.221,1223.199,1263.806,1315.298,1.139416259698675e-09,1.171985847808611e-09,1.2067112736969205e-09,2.598666798888138e-10,2.7268384509643856e-10,2.8463450872392114e-10
Japan,2017,JPN,127064637.0,4821960097792.0,3.42,0.158,37.551,4.771,187.306,23.8,2.21,0.09,558.03,1.475,20.578,11143.646,1415.963,2860.513,363.47,3.588,0.326,74.067,9.411,33.753,26.566,1076.86,8474.899,1076.86,21.423,1.102,58.377,42137.578,1.11,0.015,0.709,6960.945,884.49,38008.004,4829.473,82.136,90.608,0.489,5.69,1169.865,3652.708,464.13,9206.849,3.007,0.986,265.575,33.77,43.1,21.948,600.92,-0.23,-1.454,198.109,623.62,79.24,1559.117,7.358,3.717,13.272,55.766,500.609,1513.954,192.37,3939.801,17.864,9.392,0.0,0.0,64.458,28.266,72.684,228.781,29.07,572.02,2.7,1.364,-1.126,-25.559,2243.645,447.725,56.89,17657.51,-20.318,-1.58,48.74,6.198,5.283,42.094,74.39,23.805,8.82,0.566,0.418,187.344,7.895,585.449,2.211,0.233,1.396,8474.899,5354.196,7.485,27.501,427.926,1285.173,163.3,3367.78,15.164,8.029,24.732,26.244,135.102,425.295,54.04,1063.255,5.018,2.535,16.492,2.135,15.554,48.951,6.22,122.409,0.578,0.292,JPN,127064685.0,4821960097792.0,26.429,0.208,1187.484,-15.699,-1.305,1183.419,-13.832,-1.155,9.314,0.245,0.221,9.346,0.246,0.222,459.108,3.613,1307.205,10.288,0.271,1939.694,62392.715,67711.469,22501.908,14.105,6116.86,5596.057,31559.361,260.786,42275.172,1.11,0.439,0.003,244.803,1.927,9.583,9.668,-4.065,-0.032,32.85,0.259,20.301,0.16,448.259,3.528,0.066,8.446,5354.677,1.751,3.299,2.942,3.163,5.014,3.921,2.84,3.016,0.081,2.734,0.702,5.665,3.069,0.113,3.434,-0.096,3.69,2.789,2.129,0.002,0.03,0.032,0.001,1228.456,1217.667,119.721,10.082,4.2137577585807436e-05,9.345507762443912e-06,1.1103775003139726e-09,2.462658288159114e-10,5295.819,5363.261,5431.795,1203.184,1223.199,1263.806,1.116670318078042e-09,1.139416259698675e-09,1.171985847808611e-09,2.5370199774320285e-10,2.598666798888138e-10,2.7268384509643856e-10
Japan,2018,JPN,126913388.0,4852985364480.0,7.653,0.365,40.473,5.137,202.894,25.75,2.378,0.097,541.466,-2.074,-29.366,10925.54,1386.597,2841.781,360.66,-28.65,-2.696,52.91,6.715,33.304,26.204,1082.93,8532.827,1082.93,21.916,-0.682,-36.526,41899.996,1.096,-2.441,-117.881,6764.298,858.48,37124.469,4711.592,79.274,89.042,-1.093,-12.783,1157.082,3511.135,445.61,9117.096,3.007,0.986,265.575,33.77,41.149,21.867,586.37,2.213,3.378,201.486,638.231,81.0,1587.587,7.48,3.808,16.445,79.25,579.86,1768.529,224.45,4568.94,20.726,10.958,0.0,0.0,68.904,49.471,122.155,386.957,49.11,962.506,4.535,2.309,-3.375,-75.732,2167.913,411.383,52.21,17081.832,-20.318,-1.58,48.74,6.198,4.821,40.97,80.461,25.748,8.82,8.162,6.071,202.875,7.895,633.986,2.378,0.233,1.521,8532.827,5317.67,7.371,29.779,457.705,1381.572,175.34,3606.434,16.191,8.65,13.289,17.192,152.294,482.376,61.22,1199.984,5.653,2.878,18.417,2.773,18.327,58.071,7.37,144.404,0.681,0.346,JPN,126913433.0,4852985364480.0,26.183,0.206,1142.481,-45.004,-3.79,1141.931,-41.488,-3.506,8.998,0.235,0.215,9.002,0.235,0.215,442.511,3.487,1279.094,10.078,0.264,1965.877,63535.195,68853.398,22944.418,14.534,6350.128,5595.508,31991.146,269.09,42109.379,1.096,0.428,0.003,233.268,1.838,9.235,9.341,-0.549,-0.004,32.156,0.253,19.817,0.156,431.787,3.402,0.065,8.303,5316.556,1.684,3.11,2.814,3.001,4.886,3.903,2.839,3.016,0.082,2.747,0.698,5.619,3.058,0.105,3.123,-0.014,3.525,2.739,2.128,0.002,0.03,0.033,0.001,1185.511,1172.047,136.613,11.958,4.189999245784817e-05,9.002049452085904e-06,1.0957523257583102e-09,2.3541818369411413e-10,5354.196,5295.819,5363.261,1187.484,1203.184,1223.199,1.1103775003139726e-09,1.116670318078042e-09,1.139416259698675e-09,2.462658288159114e-10,2.5370199774320285e-10,2.598666798888138e-10
Japan,2019,JPN,126699371.0,4833468219392.0,-6.931,-0.356,37.731,4.781,217.839,27.6,2.635,0.092,528.49,-1.731,-24.003,10754.543,1362.594,2768.522,350.77,-27.131,-1.822,38.62,4.893,33.49,26.315,1047.4,8266.813,1047.4,21.807,-2.108,-112.07,41086.234,1.077,-3.296,-155.308,6356.385,805.35,35961.379,4556.284,76.89,87.991,-6.555,-75.849,1081.233,3290.861,416.95,8533.845,3.007,0.986,265.575,33.77,39.808,20.881,553.54,-8.739,-18.517,182.969,583.428,73.92,1444.117,7.057,3.534,7.51,41.954,621.813,1910.428,242.05,4907.786,23.11,12.009,0.0,0.0,33.661,40.311,162.466,518.077,65.64,1282.293,6.267,3.138,-2.558,-55.456,2112.457,297.002,37.63,16672.99,-20.318,-1.58,48.74,6.198,3.593,40.796,86.241,27.597,8.82,7.183,5.78,217.816,7.895,680.674,2.635,0.233,1.665,8266.813,5205.6,0.394,1.643,459.348,1392.351,176.41,3625.493,16.843,8.871,10.139,14.61,166.904,532.205,67.43,1317.325,6.438,3.223,1.191,0.126,18.453,58.88,7.46,145.646,0.712,0.356,JPN,126699422.0,4833468219392.0,25.328,0.2,1105.478,-37.003,-3.239,1104.079,-37.852,-3.315,8.714,0.228,0.212,8.725,0.229,0.212,432.809,3.416,1250.277,9.868,0.259,1991.205,64640.672,69957.477,23377.229,14.923,6573.533,5594.109,32406.957,276.825,41382.203,1.077,0.389,0.003,223.405,1.763,8.953,9.048,-1.399,-0.011,31.572,0.249,19.628,0.155,415.812,3.282,0.061,7.736,5205.537,1.56,2.979,2.7,2.945,4.757,3.882,2.837,3.014,0.082,2.753,0.695,5.571,3.04,0.089,2.927,-0.037,3.35,2.534,2.125,0.002,0.031,0.033,0.001,1146.365,1134.34,144.799,13.098,4.108623396401833e-05,8.725201603524216e-06,1.0769906335816998e-09,2.287132034022265e-10,5317.67,5354.196,5295.819,1142.481,1187.484,1203.184,1.0957523257583102e-09,1.1103775003139726e-09,1.116670318078042e-09,2.3541818369411413e-10,2.462658288159114e-10,2.5370199774320285e-10
Japan,2020,JPN,126304487.0,4626661244928.0,7.684,0.367,40.757,5.148,240.451,30.37,3.004,0.107,527.749,-6.74,-91.842,10061.019,1270.752,2693.887,340.25,1.802,0.088,39.439,4.981,33.654,26.488,1011.03,8004.704,1011.03,22.819,-7.307,-380.36,38203.234,1.043,-8.049,-366.74,6135.966,775.0,33170.195,4189.544,76.654,87.329,-3.696,-39.958,1041.275,3241.69,409.44,8244.165,3.007,0.986,265.575,33.77,40.497,21.705,533.57,5.97,10.444,193.413,620.168,78.33,1531.322,7.748,4.032,-2.285,-13.953,607.86,1868.738,236.03,4812.657,23.345,12.671,0.0,0.0,-34.488,-56.294,106.172,340.447,43.0,840.601,4.253,2.213,-11.122,-234.94,1877.518,200.389,25.31,14865.011,-20.318,-1.58,48.74,6.198,2.503,39.136,94.916,30.373,8.82,10.059,8.675,240.475,7.895,751.484,3.004,0.233,1.978,8004.704,4825.24,9.382,42.341,501.689,1528.291,193.03,3972.056,19.092,10.457,12.593,20.554,187.459,601.087,75.92,1484.181,7.509,3.908,12.743,2.3,20.753,66.585,8.41,164.313,0.832,0.433,JPN,126304536.0,4626661244928.0,24.49,0.194,1040.483,-64.995,-5.879,1041.607,-62.472,-5.658,8.247,0.225,0.216,8.238,0.225,0.216,399.497,3.163,1185.81,9.388,0.256,2015.695,65681.156,70999.078,23776.723,15.316,6795.465,5595.233,32794.082,283.872,38526.551,1.043,0.394,0.003,221.932,1.757,8.458,8.574,1.124,0.009,31.029,0.246,19.177,0.152,387.124,3.065,0.056,7.047,4825.249,1.495,2.962,2.701,2.8,4.634,3.863,2.835,3.011,0.082,2.758,0.692,5.533,3.02,0.098,2.934,0.033,3.532,2.388,2.122,0.002,0.031,0.034,0.001,1082.978,1068.269,145.326,13.967,3.820323501254521e-05,8.237890997042195e-06,1.0429205304991138e-09,2.248885200187575e-10,5205.6,5317.67,5354.196,1105.478,1142.481,1187.484,1.0769906335816998e-09,1.0957523257583102e-09,1.1103775003139726e-09,2.287132034022265e-10,2.3541818369411413e-10,2.462658288159114e-10
Japan,2021,JPN,125679288.0,4725883797504.0,-2.865,-0.148,39.787,5.0,276.816,34.79,3.362,0.1,514.493,7.768,98.716,10896.524,1369.467,2771.021,348.26,-8.711,-0.434,36.182,4.547,33.659,27.39,1034.67,8232.622,1034.67,22.578,4.237,204.468,40020.184,1.064,2.836,118.806,6089.388,765.31,34280.516,4308.351,73.967,86.17,-1.342,-13.977,1027.298,3069.559,385.78,8173.967,3.007,0.986,265.575,33.77,37.285,20.547,532.33,1.652,2.711,196.124,633.597,79.63,1560.51,7.696,3.923,13.759,83.622,691.482,2143.233,269.36,5501.96,26.033,13.83,0.0,0.0,42.38,44.623,150.795,487.113,61.22,1199.837,5.917,3.016,1.814,34.067,1911.585,248.808,31.27,15210.023,-20.318,-1.58,48.74,6.198,3.022,38.233,108.731,34.794,8.82,14.556,13.816,276.848,7.895,865.149,3.363,0.233,2.175,8232.622,5029.708,7.549,38.999,540.688,1656.12,208.14,4302.124,20.117,10.814,10.881,19.885,207.344,669.8,84.18,1649.788,8.136,4.147,13.457,2.735,23.488,75.907,9.54,186.89,0.922,0.47,JPN,125679341.0,4725883797504.0,24.396,0.194,1061.905,21.422,2.059,1064.431,22.824,2.191,8.469,0.225,0.211,8.449,0.225,0.211,427.989,3.405,1222.915,9.73,0.259,2040.091,66743.062,72063.516,24204.711,15.675,7006.468,5597.758,33184.598,291.516,40425.16,1.066,0.359,0.003,211.002,1.679,8.674,8.799,2.525,0.02,30.82,0.245,19.589,0.156,390.515,3.107,0.061,7.644,5037.481,1.438,2.871,2.625,2.828,4.514,3.842,2.832,3.007,0.083,2.755,0.689,5.492,3.005,0.088,2.663,0.071,3.387,2.536,2.119,0.002,0.032,0.034,0.001,1105.844,1090.126,161.01,15.162,4.0020182163985203e-05,8.449320242695985e-06,1.0642893933736725e-09,2.2469976950361129e-10,4825.24,5205.6,5317.67,1040.483,1105.478,1142.481,1.0429205304991138e-09,1.0769906335816998e-09,1.0957523257583102e-09,2.248885200187575e-10,2.287132034022265e-10,2.3541818369411413e-10
Japan,2022,JPN,124997534.0,4774494732288.0,0.828,0.041,40.335,5.042,302.646,37.83,3.636,0.101,519.619,-0.288,-3.943,10924.414,1365.525,2807.975,350.99,3.325,0.151,37.589,4.699,33.731,27.488,1040.57,8324.724,1040.57,22.838,-0.655,-32.937,39974.961,1.047,-0.51,-21.99,6205.002,775.61,34291.566,4286.361,74.537,86.285,-3.109,-31.94,995.358,3030.78,378.84,7963.024,3.007,0.986,265.575,33.77,36.407,20.037,540.7,-5.975,-12.172,183.952,598.972,74.87,1471.642,7.195,3.703,-1.589,-10.166,681.316,2119.722,264.96,5450.636,25.463,13.715,0.0,0.0,-15.433,-23.586,127.209,414.168,51.77,1017.693,4.975,2.561,0.727,13.893,1925.478,366.247,45.78,15404.128,-20.318,-1.58,48.74,6.198,4.4,38.76,118.218,37.83,8.82,8.725,9.487,302.645,7.895,945.766,3.635,0.233,2.38,8324.724,4996.771,2.387,13.419,554.107,1705.554,213.19,4432.942,20.488,11.154,8.184,16.417,223.761,728.574,91.07,1790.125,8.752,4.504,-1.266,-0.354,23.134,75.361,9.42,185.075,0.905,0.466,JPN,124997586.0,4774494732288.0,23.157,0.185,1032.687,-29.218,-2.752,1034.632,-29.799,-2.8,8.277,0.217,0.207,8.262,0.216,0.206,417.193,3.338,1196.439,9.572,0.251,2063.248,67775.742,73098.148,24621.906,16.026,7206.197,5599.703,33569.383,298.989,40377.672,1.048,0.351,0.003,199.73,1.598,8.487,8.607,1.945,0.016,30.554,0.244,19.734,0.158,384.784,3.078,0.06,7.473,5004.881,1.446,2.769,2.534,2.747,4.409,3.819,2.827,3.002,0.083,2.749,0.686,5.449,2.989,0.087,2.531,0.055,3.231,2.479,2.115,0.002,0.032,0.035,0.001,1075.8,1060.885,163.752,15.857,3.9974956625943994e-05,8.261655549091898e-06,1.0465549299298277e-09,2.162924158270299e-10,5029.708,4825.24,5205.6,1061.905,1040.483,1105.478,1.0642893933736725e-09,1.0429205304991138e-09,1.0769906335816998e-09,2.2469976950361129e-10,2.248885200187575e-10,2.287132034022265e-10
Japan,2023,JPN,124370893.0,4774494732288.0,-1.921,-0.097,39.759,4.945,338.102,42.05,4.15,0.102,493.585,-7.72,-105.414,10131.877,1260.111,2646.118,329.1,-4.95,-0.233,35.908,4.466,32.479,26.116,1013.26,8147.083,1013.26,23.214,-2.767,-138.241,39064.852,1.047,-5.307,-227.479,5726.822,712.25,32635.309,4058.882,70.293,84.119,-7.962,-79.247,916.112,2790.203,347.02,7365.965,3.007,0.986,265.575,33.77,34.248,18.986,500.13,-0.45,-2.168,181.783,599.015,74.5,1461.624,7.353,3.767,13.062,84.943,766.259,2420.261,301.01,6161.083,29.707,15.881,0.0,0.0,49.613,61.719,188.928,622.815,77.46,1519.072,7.645,3.915,-2.224,-42.818,1882.66,290.502,36.13,15137.466,-20.318,-1.58,48.74,6.198,3.566,39.018,131.292,42.013,8.82,11.059,13.073,337.807,7.895,1055.647,4.146,0.233,2.721,8147.083,4858.53,4.39,23.224,577.331,1797.446,223.55,4642.011,22.062,11.965,5.809,11.265,235.026,779.845,96.99,1889.72,9.572,4.871,5.749,1.151,24.285,80.485,10.01,195.261,0.988,0.503,JPN,124370947.0,4774494732288.0,20.71,0.167,988.785,-43.902,-4.251,991.809,-42.823,-4.139,7.975,0.217,0.205,7.95,0.216,0.205,393.898,3.167,1196.439,9.572,0.251,2083.958,68764.531,74089.953,25015.805,16.385,7394.643,5602.727,33947.109,306.635,39209.965,1.048,0.359,0.003,188.445,1.515,8.172,8.295,3.024,0.024,30.039,0.242,19.528,0.157,377.727,3.037,0.061,7.646,4834.374,1.32,2.616,2.395,2.558,4.309,3.794,2.82,2.994,0.083,2.738,0.684,5.403,2.976,0.087,2.385,0.083,3.094,2.539,2.11,0.002,0.032,0.035,0.001,1031.62,1016.298,163.752,15.857,3.9064847753404494e-05,7.950289226309357e-06,1.0176008713851338e-09,2.0709730671881196e-10,4996.771,5029.708,4825.24,1032.687,1061.905,1040.483,1.0465549299298277e-09,1.0642893933736725e-09,1.0429205304991138e-09,2.162924158270299e-10,2.2469976950361129e-10,2.248885200187575e-10
Japan,2024,JPN,123752991.0,4774494732288.0,1.204,0.06,40.439,5.004,375.668,46.49,4.548,0.105,482.324,-0.124,-1.558,10169.872,1258.552,2632.744,325.81,-18.229,-0.814,29.509,3.652,31.87,26.425,1022.3,8260.811,1022.3,23.897,-1.311,-63.714,38745.055,1.047,-2.661,-108.002,5658.611,700.27,31925.539,3950.881,68.499,82.955,-0.728,-6.673,909.438,2800.66,346.59,7348.82,3.007,0.986,265.575,33.77,33.903,19.095,493.08,6.599,11.995,193.778,630.449,78.02,1565.849,7.632,4.069,5.815,45.548,811.808,2602.2,322.03,6559.904,31.501,17.045,0.0,0.0,9.611,18.159,207.087,686.125,84.91,1673.389,8.306,4.348,-5.299,-99.77,1782.89,225.207,27.87,14406.847,-20.318,-1.58,48.74,6.198,2.726,37.435,141.931,45.418,8.82,8.103,10.639,367.004,7.895,1146.889,4.443,0.233,2.98,8260.811,4794.816,4.525,27.39,604.721,1916.075,237.12,4886.515,23.195,12.697,0.355,0.835,235.861,824.384,102.02,1905.902,9.979,4.952,15.9,3.861,28.146,85.574,10.59,227.437,1.036,0.591,JPN,124370947.0,4774494732288.0,20.71,0.167,988.785,-43.902,-4.251,991.809,-42.823,-4.139,7.975,0.217,0.205,7.95,0.216,0.205,393.898,3.167,1196.439,9.572,0.251,2083.958,68764.531,74089.953,25015.805,16.385,7394.643,5602.727,33947.109,306.635,39209.965,1.048,0.359,0.003,188.445,1.515,8.172,8.295,3.024,0.024,30.039,0.242,19.528,0.157,377.727,3.037,0.061,7.646,4834.374,1.32,2.616,2.395,2.558,4.309,3.794,2.82,2.994,0.083,2.738,0.684,5.403,2.976,0.087,2.385,0.083,3.094,2.539,2.11,0.002,0.032,0.035,0.001,1031.62,1016.298,163.752,15.857,3.87450514226356e-05,7.950289226309357e-06,1.0042562132437963e-09,2.0709730671881196e-10,4858.53,4996.771,5029.708,988.785,1032.687,1061.905,1.0176008713851338e-09,1.0465549299298277e-09,1.0642893933736725e-09,2.0709730671881196e-10,2.162924158270299e-10,2.2469976950361129e-10
Russia,1993,RUS,148135377.0,1453307985920.0,94.334,0.0,0.0,0.0,0.545,0.08,0.009,0.0,470.049,-9.741,-177.837,11124.08,1647.87,1001.729,148.392,-9.813,-186.749,11586.136,1716.317,15.513,18.555,863.7,5886.814,956.587,11.444,-6.768,-647.489,60209.324,6.137,-7.471,-651.244,4458.39,660.445,54446.047,8065.386,69.042,90.818,-0.291,-11.962,4101.487,2897.135,429.168,27687.426,-3.991,-236.341,38383.738,5685.989,44.865,46.184,412.59,0.982,4.708,484.136,1176.552,174.289,3268.2,18.22,5.452,0.428,3.477,815.396,1981.532,293.535,5504.396,30.686,9.182,-14.06,-1.628,-0.368,-1.222,331.072,804.575,119.186,2234.93,12.46,3.728,-16.614,-461.445,2316.029,559.526,82.886,15634.542,-11.017,-510.964,27860.977,4127.196,8.665,26.079,0.188,0.06,8.82,-4.762,-0.009,0.405,7.895,1.266,0.006,0.233,0.002,6457.519,8919.131,0.98,4.699,484.324,1176.957,174.349,3269.466,18.226,5.454,250.959,0.0,0.0,0.0,0.0,0.0,0.0,0.0,63.158,0.0,0.0,0.0,0.0,0.0,0.0,0.0,RUS,148135419.0,1453307985920.0,21.995,0.148,1866.729,-99.776,-5.074,1941.934,-211.325,-9.814,13.109,1.336,0.218,12.602,1.284,0.209,507.516,3.426,1113.469,7.517,0.766,1095.526,72761.023,173975.062,33848.672,412.99,14027.059,105041.914,23248.949,127.83,59901.234,6.137,22.063,0.149,781.669,5.277,14.957,16.687,75.205,0.508,456.843,3.084,98.629,0.666,509.992,3.443,0.159,23.494,8919.131,3.983,8.203,7.003,5.963,7.897,8.293,11.291,7.3,4.625,15.425,15.723,7.816,5.095,9.437,19.42,1.512,5.533,10.868,8.575,0.02,0.065,0.088,0.003,2471.992,2215.646,-753.26,-40.352,6.020932460987991e-05,1.2601503493232684e-05,6.137123779963161e-09,1.2844689619029986e-09,9566.62,9938.643,10076.104,1966.505,2406.756,2536.248,6.140954661953888e-09,5.575396593478809e-09,5.49146846103777e-09,1.2623286016906315e-09,1.350146011254724e-09,1.3822530912116552e-09
Russia,1994,RUS,148200678.0,1297672699904.0,94.334,0.0,0.0,0.0,0.545,0.08,0.009,0.0,470.049,-12.54,-206.645,9724.822,1441.225,1096.383,162.485,-11.002,-188.835,10306.849,1527.482,18.55,17.791,863.7,5886.814,875.914,11.504,-8.753,-780.707,54914.895,6.272,-8.988,-724.922,4045.174,599.497,49530.566,7340.464,68.443,90.611,-6.054,-248.286,3853.201,2454.39,363.742,25999.889,-1.779,-101.158,37684.246,5584.831,41.527,47.564,412.59,0.939,4.547,488.683,1187.08,175.926,3297.443,20.085,6.032,-6.721,-54.8,760.596,1847.542,273.807,5132.204,31.26,9.389,-14.06,-1.628,-17.927,-59.35,271.722,660.051,97.82,1833.475,11.168,3.354,-11.658,-269.991,2046.037,494.4,73.27,13805.856,-10.51,-433.764,24921.83,3693.432,8.365,25.256,0.191,0.061,8.82,1.667,0.003,0.412,7.895,1.286,0.007,0.233,0.002,5910.324,8138.424,0.939,4.55,488.874,1187.491,175.987,3298.729,20.092,6.035,250.959,0.0,0.0,0.0,0.0,0.0,0.0,0.0,63.158,0.0,0.0,0.0,0.0,0.0,0.0,0.0,RUS,148200736.0,1297672699904.0,16.475,0.111,1647.665,-219.065,-11.735,1748.718,-193.217,-9.95,11.8,1.348,0.215,11.118,1.27,0.202,454.67,3.068,1176.427,7.938,0.907,1112.001,74408.688,175723.781,34303.34,431.657,14759.995,105142.961,23655.75,145.946,54683.012,6.272,18.667,0.126,732.937,4.946,13.307,15.181,101.053,0.682,426.241,2.876,85.127,0.574,406.8,2.745,0.122,18.116,8138.424,2.795,7.166,6.055,5.312,7.689,8.264,11.194,7.264,4.67,15.537,15.601,7.713,5.356,5.932,18.046,1.716,4.397,8.371,8.518,0.02,0.066,0.089,0.003,2249.906,1972.18,-471.238,-28.6,5.4914890470338765e-05,1.1117792289506502e-05,6.271553682682905e-09,1.2697076852444317e-09,8919.131,9566.62,9938.643,1866.729,1966.505,2406.756,6.137123779963161e-09,6.140954661953888e-09,5.575396593478809e-09,1.2844689619029986e-09,1.2623286016906315e-09,1.350146011254724e-09
Russia,1995,RUS,148291356.0,1274033471488.0,94.334,0.0,0.0,0.0,0.545,0.08,0.009,0.0,470.049,-3.669,-52.88,9362.283,1388.346,1080.953,160.296,-5.045,-77.062,9780.876,1450.419,18.638,18.114,863.7,5886.814,860.027,11.988,-5.362,-436.391,51938.52,6.045,-6.024,-442.217,3922.225,581.632,46518.203,6898.247,67.63,90.002,-3.341,-128.75,3724.452,2384.119,353.544,25115.77,-3.096,-172.888,36495.34,5411.943,41.109,48.593,412.59,0.187,0.914,489.598,1188.574,176.255,3301.594,20.494,6.388,0.745,5.664,766.26,1860.164,275.846,5167.259,32.074,9.998,-14.06,-1.628,1.75,4.756,276.478,671.192,99.532,1864.423,11.573,3.607,-12.736,-260.588,1785.45,457.153,67.792,12040.147,-2.15,-79.421,24371.014,3614.011,7.883,23.295,0.184,0.059,8.82,-3.279,-0.006,0.398,7.895,1.243,0.007,0.233,0.002,5799.576,7702.033,0.186,0.908,489.782,1188.972,176.314,3302.837,20.501,6.39,250.959,0.0,0.0,0.0,0.0,0.0,0.0,0.0,63.158,0.0,0.0,0.0,0.0,0.0,0.0,0.0,RUS,148291405.0,1274033471488.0,16.646,0.112,1619.727,-27.937,-1.696,1614.626,-134.092,-7.668,10.888,1.267,0.21,10.923,1.271,0.21,479.041,3.23,1168.603,7.88,0.917,1128.647,76028.422,177338.406,34782.383,451.634,15459.577,105137.867,24042.543,163.633,51845.484,6.045,19.977,0.135,699.582,4.718,13.097,14.215,-5.101,-0.034,409.42,2.761,80.771,0.545,386.793,2.608,0.119,17.687,7702.033,2.67,6.883,5.575,5.441,7.482,8.229,11.093,7.231,4.719,15.582,15.475,7.607,5.549,6.122,16.585,-0.094,4.143,7.911,8.45,0.02,0.067,0.09,0.003,2107.94,1942.115,-451.125,-27.852,5.1938516227472813e-05,1.092259527785841e-05,6.04539297621785e-09,1.2713378700390418e-09,8138.424,8919.131,9566.62,1647.665,1866.729,1966.505,6.271553682682905e-09,6.137123779963161e-09,6.140954661953888e-09,1.2697076852444317e-09,1.2844689619029986e-09,1.2623286016906315e-09
Russia,1996,RUS,148084532.0,1256336523264.0,94.334,0.0,0.0,0.0,0.545,0.08,0.009,0.0,470.049,-1.852,-25.709,9201.751,1362.637,1084.722,160.631,-3.122,-45.283,9488.746,1405.137,18.961,18.466,863.7,5886.814,847.183,12.259,-3.75,-288.831,50060.609,5.901,-3.637,-250.87,3925.12,581.25,44889.07,6647.377,68.61,90.085,0.558,20.779,3745.231,2458.806,364.111,25291.168,2.056,111.273,37297.73,5523.217,42.979,50.755,412.59,-12.451,-60.962,428.636,1042.033,154.309,2894.537,18.214,5.809,-4.515,-34.596,731.664,1778.66,263.392,4940.855,31.09,9.915,-14.06,-1.628,9.539,26.372,302.85,736.242,109.026,2045.115,12.869,4.104,-13.775,-245.94,1539.509,381.592,56.508,10396.152,-2.535,-91.598,23786.5,3522.413,6.67,20.863,0.178,0.057,8.82,-3.39,-0.006,0.385,7.895,1.203,0.007,0.233,0.002,5720.942,7413.202,-12.448,-60.968,428.814,1042.418,154.366,2895.74,18.221,5.811,250.959,0.0,0.0,0.0,0.0,0.0,0.0,0.0,63.158,0.0,0.0,0.0,0.0,0.0,0.0,0.0,RUS,148084580.0,1256336523264.0,12.723,0.086,1586.822,-32.905,-2.032,2070.26,455.634,28.219,13.98,1.648,0.279,10.716,1.263,0.214,477.466,3.224,1253.82,8.467,0.998,1141.37,77615.234,179408.672,35259.848,471.789,16159.352,105621.297,24403.873,179.005,50010.332,5.901,20.154,0.136,699.775,4.726,12.828,16.821,483.438,3.265,390.116,2.634,76.986,0.52,361.332,2.44,0.104,15.372,7413.202,1.999,6.541,6.839,5.29,7.26,8.186,11.014,7.195,4.756,15.595,15.41,7.493,5.646,5.752,15.887,8.04,3.756,6.923,8.393,0.02,0.068,0.091,0.003,2490.945,1899.571,-333.003,-20.985,5.0060609976469046e-05,1.07156464231454e-05,5.900649915629515e-09,1.2630548986010442e-09,7702.033,8138.424,8919.131,1619.727,1647.665,1866.729,6.04539297621785e-09,6.271553682682905e-09,6.137123779963161e-09,1.2713378700390418e-09,1.2697076852444317e-09,1.2844689619029986e-09
Russia,1997,RUS,147853713.0,1303661510656.0,94.334,0.0,0.0,0.0,0.545,0.08,0.009,0.0,470.049,-7.793,-106.189,8497.914,1256.448,1062.012,157.022,-3.998,-56.173,9123.638,1348.964,18.825,18.01,863.7,5886.814,834.131,12.826,-5.425,-402.197,47418.523,5.378,-6.167,-409.939,3825.959,565.682,42186.551,6237.438,67.817,89.409,-7.774,-291.148,3454.083,2413.653,356.868,23361.486,-5.211,-287.84,35409.168,5235.377,42.783,49.512,412.59,2.025,8.681,437.317,1064.796,157.434,2957.766,18.874,6.269,0.986,7.214,738.878,1799.001,265.989,4997.359,31.888,10.591,-14.06,-1.628,-0.484,-1.467,301.383,733.82,108.498,2038.389,13.007,4.32,-0.819,-12.602,1526.908,350.294,51.792,10327.15,1.501,52.882,24181.299,3575.295,6.209,21.887,0.178,0.057,8.82,0.0,0.0,0.386,7.895,1.205,0.007,0.233,0.003,5641.597,7011.005,2.024,8.681,437.495,1065.181,157.491,2958.97,18.881,6.271,250.959,0.0,0.0,0.0,0.0,0.0,0.0,0.0,63.158,0.0,0.0,0.0,0.0,0.0,0.0,0.0,RUS,147853772.0,1303661510656.0,12.273,0.083,1482.245,-104.578,-6.59,1558.098,-512.162,-24.739,10.538,1.195,0.222,10.025,1.137,0.211,411.997,2.787,1177.988,7.967,0.904,1153.644,79097.477,180966.766,35671.848,493.632,16828.584,105697.156,24756.83,192.948,47390.879,5.378,21.843,0.148,669.233,4.526,12.074,13.445,75.854,0.513,370.158,2.504,70.724,0.478,352.956,2.387,0.094,13.943,7011.005,1.853,6.074,4.898,4.589,7.041,8.133,10.896,7.148,4.805,15.576,15.256,7.381,5.684,6.192,15.138,1.024,3.615,6.231,8.308,0.02,0.068,0.092,0.003,1987.878,1785.131,-304.256,-20.527,4.741852509310978e-05,1.0025073962942182e-05,5.3779335684092385e-09,1.1369860871739145e-09,7413.202,7702.033,8138.424,1586.822,1619.727,1647.665,5.900649915629515e-09,6.04539297621785e-09,6.271553682682905e-09,1.2630548986010442e-09,1.2713378700390418e-09,1.2697076852444317e-09
Russia,1998,RUS,147635488.0,1263722561536.0,94.334,0.0,0.0,0.0,0.545,0.08,0.009,0.0,470.049,-6.367,-79.997,7968.617,1176.451,1103.886,162.973,-6.156,-83.038,8574.669,1265.925,19.703,16.895,863.7,5886.814,827.158,12.731,-0.186,-13.058,47400.168,5.538,-0.042,-2.644,3809.516,562.42,42231.0,6234.794,67.994,89.537,4.1,141.62,3595.702,2347.022,346.504,24355.271,3.39,177.486,36663.699,5412.863,41.891,51.638,412.59,0.675,2.953,440.269,1073.57,158.497,2982.138,19.162,6.323,-1.397,-10.319,728.559,1776.497,262.274,4934.85,31.708,10.463,-14.06,-1.628,-4.405,-13.275,288.108,702.534,103.719,1951.484,12.539,4.137,-4.209,-64.267,1462.641,358.608,52.943,9907.109,-1.002,-35.821,23974.412,3539.474,6.401,21.005,0.181,0.058,8.82,1.754,0.003,0.393,7.895,1.228,0.007,0.233,0.003,5602.705,6997.947,0.676,2.956,440.451,1073.963,158.555,2983.366,19.169,6.325,250.959,0.0,0.0,0.0,0.0,0.0,0.0,0.0,63.158,0.0,0.0,0.0,0.0,0.0,0.0,0.0,RUS,147635542.0,1263722561536.0,11.923,0.081,1465.253,-16.991,-1.146,1467.69,-90.409,-5.802,9.941,1.161,0.21,9.925,1.159,0.209,400.631,2.714,1055.489,7.149,0.835,1165.566,80562.734,182434.453,36072.477,515.48,17501.984,105699.594,25102.402,204.828,47388.211,5.538,21.849,0.148,673.399,4.561,11.955,12.859,2.436,0.017,361.879,2.451,65.292,0.442,345.571,2.341,0.08,11.88,6997.946,1.806,6.029,4.82,4.586,6.839,8.082,10.787,7.104,4.858,15.556,15.123,7.269,5.666,6.493,15.073,0.04,3.496,5.386,8.227,0.02,0.069,0.092,0.003,1898.417,1764.916,-409.765,-27.965,4.740016844730416e-05,9.924798460793336e-06,5.537565928627798e-09,1.159473641286461e-09,7011.005,7413.202,7702.033,1482.245,1586.822,1619.727,5.3779335684092385e-09,5.900649915629515e-09,6.04539297621785e-09,1.1369860871739145e-09,1.2630548986010442e-09,1.2713378700390418e-09
Russia,1999,RUS,147241915.0,1375023529984.0,94.334,0.0,0.0,0.0,0.545,0.08,0.009,0.0,470.049,0.811,9.542,8054.722,1185.993,1095.757,161.341,8.232,104.205,9305.301,1370.13,19.066,16.821,863.7,5886.814,846.225,12.923,1.266,88.591,48128.535,5.154,0.5,31.176,3809.221,560.877,42555.613,6265.97,66.28,88.873,-0.307,-11.041,3584.661,2435.676,358.634,24345.385,0.578,31.267,36974.051,5444.13,42.38,50.843,412.59,1.259,5.542,445.811,1089.989,160.492,3027.746,18.966,6.323,7.683,55.972,784.531,1918.095,282.424,5328.179,33.375,11.127,-14.06,-1.628,17.504,50.431,338.539,827.713,121.874,2299.202,14.402,4.802,2.234,32.675,1495.316,277.788,40.902,10155.505,0.141,4.978,24072.303,3544.452,4.833,21.209,0.181,0.058,8.82,0.0,0.0,0.394,7.895,1.231,0.007,0.233,0.003,5747.174,7086.538,1.258,5.542,445.992,1090.382,160.55,3028.977,18.972,6.326,250.959,0.0,0.0,0.0,0.0,0.0,0.0,0.0,63.158,0.0,0.0,0.0,0.0,0.0,0.0,0.0,RUS,147241973.0,1375023529984.0,13.173,0.089,1494.179,28.925,1.974,1546.524,78.834,5.371,10.503,1.125,0.218,10.148,1.087,0.211,407.464,2.767,1011.276,6.868,0.735,1178.739,82056.914,183980.984,36479.938,539.114,18188.562,105751.938,25452.795,217.764,48097.676,5.154,23.633,0.161,686.577,4.663,12.271,13.357,52.345,0.356,364.022,2.472,65.246,0.443,350.395,2.38,0.088,12.937,7086.538,1.902,6.012,5.012,4.597,6.646,8.031,10.684,7.061,4.928,15.53,15.001,7.161,5.679,7.162,14.882,0.872,3.457,5.9,8.15,0.02,0.07,0.093,0.003,1966.774,1806.864,-482.903,-32.319,4.812853731221813e-05,1.014777898962268e-05,5.15375762339315e-09,1.0866570407107046e-09,6997.947,7011.005,7413.202,1465.253,1482.245,1586.822,5.537565928627798e-09,5.3779335684092385e-09,5.900649915629515e-09,1.159473641286461e-09,1.1369860871739145e-09,1.2630548986010442e-09
Russia,2000,RUS,146717736.0,1547057496064.0,94.334,0.0,0.0,0.0,0.545,0.08,0.009,0.0,470.049,3.715,44.064,8383.831,1230.057,1196.992,175.62,3.149,43.147,9632.63,1413.278,20.008,17.139,863.7,5886.814,877.76,13.194,1.8,127.553,49169.859,4.663,1.465,91.806,3972.867,582.89,43333.383,6357.776,66.407,88.587,2.155,77.252,3661.913,2524.371,370.37,24958.898,-1.351,-73.57,36604.711,5370.56,42.195,51.024,412.59,2.233,9.956,455.767,1118.338,164.08,3106.418,18.693,6.35,4.408,34.585,819.116,2009.777,294.87,5582.94,33.593,11.413,-14.06,-1.628,7.254,24.558,363.097,890.894,130.71,2474.801,14.891,5.059,-1.973,-29.51,1465.806,251.503,36.9,9990.654,7.18,254.495,25892.895,3798.947,4.204,20.424,0.247,0.079,8.82,36.379,0.066,0.539,7.895,1.685,0.009,0.233,0.003,5982.644,7214.09,2.247,10.027,456.019,1118.883,164.16,3108.139,18.702,6.354,250.959,0.0,0.0,0.0,0.0,0.0,0.0,0.0,63.158,0.005,0.005,0.0,0.0,0.036,0.0,0.0,RUS,146717784.0,1547057496064.0,15.113,0.103,1479.142,-15.036,-1.006,1472.69,-73.834,-4.774,10.038,0.952,0.204,10.082,0.956,0.205,427.01,2.91,996.299,6.791,0.644,1193.851,83536.062,185453.656,36906.949,562.878,18870.191,105745.484,25770.314,231.874,49127.297,4.663,23.764,0.162,681.631,4.646,12.262,12.849,-6.453,-0.044,368.456,2.511,67.902,0.463,317.516,2.164,0.096,14.11,7214.09,2.087,5.798,4.78,4.64,6.467,7.977,10.58,7.019,4.987,15.484,14.888,7.046,5.724,6.847,14.351,-0.122,3.091,6.522,8.07,0.02,0.07,0.093,0.003,1885.174,1799.062,-482.844,-32.643,4.9169856328753265e-05,1.0081545397386794e-05,4.663104001211318e-09,9.561002120239295e-10,7086.538,6997.947,7011.005,1494.179,1465.253,1482.245,5.15375762339315e-09,5.537565928627798e-09,5.3779335684092385e-09,1.0866570407107046e-09,1.159473641286461e-09,1.1369860871739145e-09
Russia,2001,RUS,146117233.0,1662886739968.0,94.334,0.0,0.0,0.0,0.753,0.11,0.012,0.0,458.402,-2.451,-30.149,8211.954,1199.908,1155.031,168.77,5.703,80.596,10223.801,1493.873,18.936,16.46,875.41,5991.148,891.27,13.22,1.583,114.177,50153.344,4.407,1.152,73.242,3971.674,580.33,44012.727,6431.018,65.113,88.216,1.632,59.775,3721.688,2578.341,376.74,25470.562,-0.428,-22.99,36597.809,5347.57,42.27,51.052,408.56,5.987,24.617,480.384,1190.14,173.9,3287.662,19.511,6.59,5.453,39.906,859.023,2128.017,310.94,5878.996,34.887,11.784,-15.86,-1.812,4.758,15.176,378.273,937.124,136.93,2588.836,15.363,5.189,2.976,43.616,1509.422,238.302,34.82,10330.21,7.662,291.087,27991.453,4090.034,3.907,20.705,0.357,0.114,8.82,44.248,0.109,0.781,7.895,2.44,0.013,0.233,0.005,6099.691,7328.268,6.006,24.73,480.749,1190.893,174.01,3290.16,19.524,6.595,250.959,0.0,0.0,0.0,0.0,0.0,0.0,0.0,63.158,0.003,0.009,0.0,0.0,0.059,0.0,0.0,RUS,146117290.0,1662886739968.0,15.863,0.109,1515.647,36.505,2.468,1441.974,-30.715,-2.086,9.869,0.867,0.197,10.373,0.911,0.207,445.476,3.049,1112.515,7.614,0.669,1209.714,85051.703,186895.641,37352.426,587.226,19563.416,105671.812,26093.613,245.312,50112.773,4.407,24.348,0.167,693.223,4.744,12.613,12.719,-73.673,-0.504,375.43,2.569,69.391,0.475,323.3,2.213,0.092,13.438,7328.268,2.094,5.896,4.732,4.812,6.295,7.927,10.48,6.981,5.052,15.445,14.779,6.938,5.753,7.253,14.459,-1.546,3.124,6.299,7.991,0.019,0.071,0.094,0.003,1858.48,1843.025,-403.132,-26.598,5.015334501988516e-05,1.0372810774138976e-05,4.406955581437268e-09,9.114553406260047e-10,7214.09,7086.538,6997.947,1479.142,1494.179,1465.253,4.663104001211318e-09,5.15375762339315e-09,5.537565928627798e-09,9.561002120239295e-10,1.0866570407107046e-09,1.159473641286461e-09
Russia,2002,RUS,145939456.0,1781424717824.0,94.334,0.0,0.0,0.0,1.165,0.17,0.019,0.0,463.143,0.419,5.031,8256.434,1204.939,1167.333,170.36,-4.578,-68.384,9767.674,1425.489,19.114,16.595,878.34,6018.523,891.28,13.24,-0.407,-29.807,50010.195,4.097,-0.048,-3.115,4024.271,587.3,44044.996,6427.902,65.894,88.529,1.211,45.061,3766.749,2636.504,384.77,25810.355,2.39,127.826,37518.273,5475.396,43.17,51.878,412.79,-6.742,-36.072,444.312,1111.214,162.17,3044.498,18.195,6.119,-2.241,-26.127,832.896,2082.919,303.98,5707.13,34.106,11.471,-12.94,-1.473,3.428,9.751,388.025,970.471,141.63,2658.805,15.891,5.344,-3.525,-53.208,1456.214,220.434,32.17,9978.205,9.104,372.343,30576.906,4462.377,3.609,20.056,0.542,0.173,8.82,51.884,0.185,1.187,7.895,3.711,0.019,0.233,0.007,6107.19,7298.46,-6.702,-35.878,444.871,1112.448,162.35,3048.325,18.215,6.127,250.959,0.0,0.0,0.0,0.0,0.0,0.0,0.0,100.0,0.008,0.017,0.069,0.01,0.116,0.001,0.0,RUS,145939502.0,1781424717824.0,17.116,0.117,1506.788,-8.859,-0.585,1415.489,-26.486,-1.837,9.699,0.795,0.194,10.325,0.846,0.206,424.116,2.906,1118.927,7.667,0.628,1226.83,86558.492,188311.125,37776.539,622.042,20266.119,105580.508,26408.385,258.576,50130.184,4.097,34.816,0.239,702.703,4.815,12.598,12.61,-91.299,-0.626,378.316,2.592,70.07,0.48,314.772,2.157,0.091,13.264,7298.46,2.18,5.734,4.507,4.381,6.133,7.875,10.377,6.935,5.207,15.399,14.661,6.834,5.771,10.725,14.232,-1.78,3.047,6.132,7.911,0.019,0.072,0.094,0.003,1840.283,1838.477,-387.861,-25.741,5.0010190527227605e-05,1.0324744016188226e-05,4.096979191416535e-09,8.458331047749987e-10,7328.268,7214.09,7086.538,1515.647,1479.142,1494.179,4.406955581437268e-09,4.663104001211318e-09,5.15375762339315e-09,9.114553406260047e-10,9.561002120239295e-10,1.0866570407107046e-09
Russia,2003,RUS,145794184.0,1955876044800.0,94.334,0.0,0.0,0.0,2.538,0.37,0.04,0.0,465.377,0.62,7.474,8315.925,1212.413,1181.391,172.24,8.11,115.602,10570.321,1541.091,18.798,16.356,902.91,6193.045,916.29,13.311,2.055,150.007,51088.918,3.808,2.328,149.648,4183.294,609.9,45115.316,6577.551,66.562,88.735,2.368,89.203,3855.952,2790.372,406.82,26447.914,4.216,230.824,39138.879,5706.221,44.399,52.019,426.42,-4.011,-20.143,424.169,1067.738,155.67,2909.368,16.989,5.722,0.791,2.091,834.987,2101.524,306.39,5727.16,33.438,11.265,-13.38,-1.482,6.152,21.627,409.651,1031.18,150.34,2809.791,16.407,5.526,3.638,52.972,1509.185,211.531,30.84,10351.479,10.951,488.674,33959.184,4951.051,3.366,20.36,1.143,0.366,8.82,111.079,0.602,2.509,7.895,7.841,0.04,0.233,0.015,6284.818,7448.467,-3.886,-19.535,425.335,1070.344,156.05,2917.369,17.031,5.738,250.959,0.0,0.0,0.0,0.0,0.0,0.0,0.0,38.71,0.006,0.023,0.069,0.01,0.161,0.001,0.0,RUS,145794231.0,1955876044800.0,18.666,0.128,1537.018,30.23,2.006,1514.525,99.036,6.997,10.388,0.774,0.203,10.542,0.786,0.206,425.963,2.922,1161.657,7.968,0.594,1245.496,88095.516,189825.641,38202.504,656.585,21001.494,105558.016,26717.096,272.335,51387.617,3.808,34.543,0.237,735.376,5.044,12.912,13.362,-22.494,-0.154,393.266,2.697,71.231,0.489,308.711,2.117,0.094,13.759,7448.467,2.162,5.555,4.488,4.05,5.969,7.818,10.269,6.88,5.342,15.361,14.535,6.73,5.793,10.026,14.368,-0.37,2.911,6.225,7.83,0.019,0.072,0.095,0.003,1948.089,1882.563,-375.361,-24.421,5.108891723691768e-05,1.0542378731021184e-05,3.808251049345844e-09,7.858463239970656e-10,7298.46,7328.268,7214.09,1506.788,1515.647,1479.142,4.096979191416535e-09,4.406955581437268e-09,4.663104001211318e-09,8.458331047749987e-10,9.114553406260047e-10,9.561002120239295e-10
Russia,2004,RUS,145180052.0,2143914688512.0,94.334,0.0,0.0,0.0,3.1,0.45,0.048,0.0,453.821,-4.179,-50.662,8002.145,1161.752,1107.935,160.85,3.487,53.731,10985.131,1594.822,17.26,15.54,924.29,6366.508,931.91,13.453,0.881,65.621,51757.027,3.505,0.439,28.868,4208.98,611.06,45505.008,6606.419,65.571,88.367,2.6,100.238,3956.19,2910.593,422.56,27250.232,2.095,119.55,40127.898,5825.771,45.343,52.918,422.92,12.852,51.921,476.089,1210.083,175.68,3279.303,18.852,6.368,4.718,34.687,869.674,2210.014,320.85,5990.313,34.429,11.633,-7.62,-0.824,-3.748,-17.491,392.16,996.762,144.71,2701.197,15.528,5.246,-1.372,-20.708,1488.477,190.453,27.65,10252.629,8.827,437.022,37113.043,5388.073,2.967,19.91,1.406,0.45,8.82,22.963,0.263,3.098,7.895,9.682,0.048,0.233,0.019,6418.995,7514.088,12.874,52.179,477.514,1213.252,176.14,3289.116,18.901,6.387,250.959,0.0,0.0,0.0,0.0,0.0,0.0,0.0,-18.605,-0.004,0.019,0.069,0.01,0.131,0.001,0.0,RUS,145180094.0,2143914688512.0,20.915,0.144,1543.957,6.939,0.451,1563.839,49.314,3.256,10.772,0.729,0.208,10.635,0.72,0.205,416.376,2.868,1185.026,8.162,0.553,1266.411,89639.469,191389.5,38618.883,696.222,21744.9,105577.898,27026.414,286.64,52053.328,3.505,39.638,0.273,743.405,5.121,13.092,13.773,19.882,0.137,395.857,2.727,67.405,0.464,309.318,2.131,0.099,14.305,7514.088,2.317,5.392,4.595,3.83,5.817,7.758,10.167,6.821,5.51,15.313,14.431,6.624,5.811,11.571,14.068,0.368,2.812,6.177,7.749,0.019,0.073,0.095,0.003,1999.549,1900.629,-358.931,-23.247,5.1757027886998875e-05,1.0634770631847017e-05,3.5048446844753923e-09,7.201578534226075e-10,7448.467,7298.46,7328.268,1537.018,1506.788,1515.647,3.808251049345844e-09,4.096979191416535e-09,4.406955581437268e-09,7.858463239970656e-10,8.458331047749987e-10,9.114553406260047e-10
Russia,2005,RUS,144597838.0,2331247116288.0,94.334,0.0,0.0,0.0,3.112,0.45,0.047,0.0,457.494,-5.324,-61.849,7606.633,1099.903,1146.214,165.74,-1.123,-17.91,10905.5,1576.912,17.371,14.734,941.73,6512.753,954.11,13.787,-0.136,-10.185,51894.988,3.219,-0.131,-8.687,4367.908,631.59,45628.152,6597.732,66.197,88.383,1.209,47.82,4004.01,3043.406,440.07,27690.664,1.184,68.972,40766.461,5894.742,46.124,53.638,436.5,-1.745,-12.081,464.008,1193.725,172.61,3208.956,18.091,6.216,0.522,-2.501,867.173,2230.462,322.52,5997.138,33.803,11.617,-12.38,-1.315,3.275,9.577,401.737,1033.556,149.45,2778.302,15.664,5.382,0.359,5.342,1493.819,178.288,25.78,10330.854,2.488,134.077,38189.715,5522.15,2.702,20.011,1.41,0.451,8.82,0.333,0.005,3.121,7.895,9.753,0.047,0.233,0.019,6598.37,7503.903,-1.74,-12.077,465.437,1196.906,173.07,3218.835,18.139,6.235,250.959,0.0,0.0,0.0,0.0,0.0,0.0,0.0,-2.857,-0.001,0.018,0.069,0.01,0.126,0.001,0.0,RUS,144597888.0,2331247116288.0,22.256,0.154,1562.577,18.62,1.206,1527.995,-35.844,-2.292,10.567,0.655,0.204,10.806,0.67,0.208,417.916,2.89,1198.617,8.289,0.514,1288.668,91202.047,192917.484,39036.797,737.753,22491.082,105543.32,27346.434,301.31,52182.891,3.219,41.53,0.287,746.183,5.16,13.345,13.581,-34.582,-0.239,401.463,2.776,67.946,0.47,320.02,2.213,0.101,14.671,7503.902,2.298,5.276,4.428,3.619,5.667,7.696,10.063,6.757,5.683,15.258,14.33,6.525,5.822,11.938,13.812,-0.707,2.882,6.056,7.668,0.019,0.074,0.096,0.003,1963.805,1929.628,-363.96,-23.292,5.189498753086438e-05,1.0806361155150405e-05,3.2188363676984706e-09,6.702751454715197e-10,7514.088,7448.467,7298.46,1543.957,1537.018,1506.788,3.5048446844753923e-09,3.808251049345844e-09,4.096979191416535e-09,7.201578534226075e-10,7.858463239970656e-10,8.458331047749987e-10
Russia,2006,RUS,144102900.0,2576148332544.0,94.334,0.0,0.0,0.0,3.539,0.51,0.051,0.0,462.595,2.587,28.46,7830.256,1128.363,1233.632,177.77,3.975,62.686,11377.963,1639.597,17.918,14.469,976.31,6775.089,992.12,13.693,4.438,333.034,54384.309,3.042,4.814,317.583,4593.037,661.87,47988.734,6915.315,66.713,88.675,5.328,213.351,4217.361,3159.201,455.25,29266.318,2.597,153.07,41968.703,6047.812,45.887,54.079,458.95,0.39,-0.679,463.329,1202.543,173.29,3215.264,17.467,5.941,2.393,16.028,883.201,2291.765,330.25,6128.961,33.287,11.325,-15.81,-1.619,4.677,16.542,418.278,1085.613,156.44,2902.635,15.768,5.364,5.072,75.772,1569.592,200.204,28.85,10892.158,2.408,132.986,39243.738,5655.137,2.908,20.127,1.58,0.506,8.82,12.054,0.17,3.509,7.895,10.967,0.051,0.233,0.02,6884.802,7836.937,0.42,-0.514,464.923,1206.152,173.81,3226.327,17.519,5.962,250.959,0.0,0.0,0.0,0.0,0.0,0.0,0.0,-23.529,-0.004,0.014,0.069,0.01,0.096,0.001,0.0,RUS,144102949.0,2576148332544.0,24.545,0.17,1623.002,60.425,3.867,1667.418,139.424,9.125,11.571,0.647,0.213,11.263,0.63,0.207,437.859,3.039,1242.069,8.619,0.482,1313.212,92825.055,194584.906,39474.656,779.91,23258.039,105587.734,27681.965,317.269,54674.262,3.042,42.157,0.293,766.955,5.322,13.873,14.587,44.416,0.308,407.266,2.826,68.504,0.475,335.529,2.328,0.111,15.959,7836.936,2.325,5.299,4.637,3.591,5.519,7.635,9.963,6.692,5.851,15.205,14.233,6.433,5.845,12.131,13.802,0.833,2.99,6.309,7.588,0.019,0.074,0.096,0.003,2101.988,1999.21,-380.933,-23.471,5.4384311488526216e-05,1.126279518401798e-05,3.0421140355147415e-09,6.30011082629412e-10,7503.903,7514.088,7448.467,1562.577,1543.957,1537.018,3.2188363676984706e-09,3.5048446844753923e-09,3.808251049345844e-09,6.702751454715197e-10,7.201578534226075e-10,7.858463239970656e-10
Russia,2007,RUS,143859724.0,2858759225344.0,94.334,0.0,0.0,0.0,3.337,0.48,0.047,0.0,458.28,-3.201,-36.119,7592.42,1092.244,1186.712,170.72,1.787,29.308,11600.919,1668.905,16.759,13.931,1005.9,6992.228,1018.7,13.994,0.528,41.398,54764.008,2.756,0.387,26.767,4734.542,681.11,48255.914,6942.083,66.861,88.545,1.679,70.811,4288.172,3400.118,489.14,29808.008,-0.524,-31.681,41819.43,6016.131,48.016,54.695,466.85,2.17,7.536,470.864,1230.643,177.04,3273.08,17.379,6.006,2.229,14.88,898.081,2346.661,337.59,6242.754,33.139,11.455,-12.8,-1.272,2.315,7.407,425.685,1112.612,160.06,2959.027,15.712,5.43,-0.505,-7.925,1561.667,147.713,21.25,10855.484,2.278,128.822,40205.547,5783.959,2.086,19.919,1.514,0.484,8.82,-4.192,-0.066,3.368,7.895,10.525,0.048,0.233,0.019,7081.204,7878.335,2.152,7.473,472.396,1234.049,177.53,3283.727,17.427,6.025,250.959,0.0,0.0,0.0,0.0,0.0,0.0,0.0,26.923,0.004,0.018,0.07,0.01,0.122,0.001,0.0,RUS,143859769.0,2858759225344.0,27.645,0.192,1623.781,0.779,0.048,1678.144,10.725,0.643,11.665,0.587,0.213,11.287,0.568,0.206,423.047,2.941,1313.632,9.131,0.46,1340.857,94448.828,196263.047,39897.703,830.777,24037.391,105642.102,28008.426,333.674,55047.945,2.756,50.868,0.354,779.354,5.417,13.955,14.62,54.362,0.378,414.111,2.879,69.854,0.486,326.463,2.269,0.114,16.405,7878.334,2.438,5.149,4.645,3.309,5.379,7.572,9.867,6.62,6.076,15.144,14.153,6.343,5.867,14.819,13.53,1.183,2.901,6.319,7.511,0.019,0.075,0.097,0.003,2103.189,2007.585,-310.149,-19.1,5.4764007471611335e-05,1.128724876514982e-05,2.7558581814640177e-09,5.680020148617473e-10,7836.937,7503.903,7514.088,1623.002,1562.577,1543.957,3.0421140355147415e-09,3.2188363676984706e-09,3.5048446844753923e-09,6.30011082629412e-10,6.702751454715197e-10,7.201578534226075e-10
Russia,2008,RUS,143811787.0,3078094323712.0,94.334,0.0,0.0,0.0,3.407,0.49,0.047,0.0,475.212,7.243,79.11,8145.049,1171.354,1367.343,196.64,3.805,63.5,12046.334,1732.405,18.908,14.87,1022.37,7109.083,1040.0,14.171,0.461,36.291,55034.613,2.571,0.985,68.398,4948.412,711.64,48747.605,7010.48,68.427,88.998,-1.415,-60.695,4227.477,3438.105,494.44,29395.9,1.636,98.399,42517.586,6114.53,47.542,53.668,494.22,-6.928,-36.089,434.776,1145.803,164.78,3023.227,15.844,5.519,-2.736,-31.463,866.618,2283.262,328.36,6026.055,31.573,11.002,-17.63,-1.724,1.891,4.616,430.301,1133.982,163.08,2992.109,15.681,5.463,3.201,49.982,1611.649,142.965,20.56,11206.656,-0.619,-35.783,39970.133,5748.176,1.977,20.46,1.528,0.489,8.82,0.908,0.014,3.4,7.895,10.624,0.047,0.233,0.019,7231.674,7914.626,-6.907,-36.079,436.317,1149.28,165.28,3033.947,15.892,5.539,250.959,0.0,0.0,0.0,0.0,0.0,0.0,0.0,-21.212,-0.004,0.014,0.07,0.01,0.095,0.001,0.0,RUS,143811835.0,3078094323712.0,23.625,0.164,1652.064,28.283,1.742,1713.092,34.948,2.083,11.912,0.557,0.216,11.488,0.537,0.209,451.93,3.143,1336.602,9.294,0.434,1364.482,96100.891,197976.141,40349.633,867.402,24817.115,105703.117,28352.125,350.136,55313.555,2.571,36.625,0.255,779.724,5.422,14.183,14.998,61.027,0.424,420.304,2.923,73.968,0.514,343.698,2.39,0.114,16.462,7914.625,2.056,5.151,4.636,3.423,5.233,7.512,9.771,6.552,6.192,15.072,14.069,6.262,5.887,10.942,13.156,1.25,3.068,6.333,7.436,0.018,0.076,0.098,0.004,2156.937,2039.749,-315.463,-19.095,5.503461270528503e-05,1.1487677630982099e-05,2.571274680905629e-09,5.367164960714097e-10,7878.335,7836.937,7503.903,1623.781,1623.002,1562.577,2.7558581814640177e-09,3.0421140355147415e-09,3.2188363676984706e-09,5.680020148617473e-10,6.30011082629412e-10,6.702751454715197e-10
Russia,2009,RUS,143869089.0,2903690444800.0,94.334,0.0,0.0,0.0,3.475,0.5,0.05,0.0,452.18,-8.503,-99.605,7449.474,1071.749,1142.636,164.39,-4.84,-83.852,11458.698,1648.552,16.553,14.32,978.24,6799.515,993.1,14.322,-4.958,-392.436,52284.961,2.591,-5.913,-414.519,4551.499,654.82,45846.965,6595.961,65.937,88.133,-5.904,-249.584,3977.893,3265.677,469.83,27649.395,-12.309,-752.633,37269.281,5361.897,47.309,53.151,449.06,5.716,22.439,457.215,1210.823,174.2,3177.995,17.541,6.109,3.023,21.512,888.13,2351.304,338.28,6173.181,34.063,11.867,-14.86,-1.519,0.306,-0.95,429.35,1137.006,163.58,2984.313,16.472,5.737,-4.054,-65.331,1546.319,143.186,20.6,10748.095,1.438,82.674,40528.859,5830.85,2.074,20.661,1.554,0.497,8.82,1.739,0.027,3.457,7.895,10.804,0.05,0.233,0.021,6902.803,7522.19,5.703,22.462,458.78,1214.298,174.7,3188.868,17.591,6.13,250.959,0.0,0.0,0.0,0.0,0.0,0.0,0.0,-26.923,-0.004,0.01,0.0,0.0,0.069,0.0,0.0,RUS,143869130.0,2903690444800.0,19.746,0.137,1545.034,-107.03,-6.479,1738.382,25.291,1.476,12.083,0.599,0.231,10.739,0.532,0.205,419.075,2.913,1286.849,8.945,0.443,1384.229,97645.93,199714.516,40768.707,905.69,25549.803,105896.469,28675.133,362.365,52542.598,2.591,38.288,0.266,732.688,5.093,13.361,14.745,193.348,1.344,406.172,2.823,72.963,0.507,323.009,2.245,0.085,12.229,7522.19,1.671,4.898,4.722,3.213,5.078,7.449,9.681,6.482,6.317,14.991,13.996,6.183,5.852,11.588,12.668,3.666,2.948,5.011,7.362,0.018,0.077,0.098,0.004,2121.339,1922.171,-258.185,-16.711,5.228496303330277e-05,1.073916273769077e-05,2.5905619565856e-09,5.320932204625616e-10,7914.626,7878.335,7836.937,1652.064,1623.781,1623.002,2.571274680905629e-09,2.7558581814640177e-09,3.0421140355147415e-09,5.367164960714097e-10,5.680020148617473e-10,6.30011082629412e-10
Russia,2010,RUS,143934422.0,3105249296384.0,94.334,0.0,0.0,0.0,3.752,0.54,0.052,0.0,458.103,-1.78,-19.073,7313.579,1052.676,1153.998,166.1,6.474,106.729,12195.005,1755.281,16.002,13.538,1020.57,7090.521,1038.02,14.349,3.882,292.046,54290.25,2.516,4.561,300.837,4867.425,700.59,47916.25,6896.798,67.493,88.695,6.569,261.309,4239.202,3616.439,520.53,29452.316,11.6,621.97,41573.57,5983.868,50.146,54.518,475.52,-4.429,-23.664,433.551,1156.638,166.48,3012.145,16.038,5.576,-0.249,-9.102,879.028,2344.332,337.43,6107.145,32.507,11.305,-17.45,-1.71,4.177,14.438,443.788,1183.942,170.41,3083.267,16.417,5.707,3.79,58.601,1604.92,96.989,13.96,11150.354,2.185,127.38,41395.453,5958.23,1.345,20.64,1.678,0.537,8.82,7.944,0.123,3.73,7.895,11.657,0.052,0.233,0.022,7211.757,7814.236,-4.393,-23.54,435.24,1160.39,167.02,3023.877,16.09,5.597,250.959,0.0,0.0,0.0,0.0,0.0,0.0,0.0,10.158,0.001,0.011,0.0,0.0,0.076,0.0,0.0,RUS,143934468.0,3105249296384.0,22.723,0.158,1632.783,87.749,5.679,2027.792,289.41,16.648,14.088,0.653,0.259,11.344,0.526,0.209,419.276,2.913,1361.998,9.463,0.439,1406.951,99278.711,201742.312,41187.984,953.56,26344.396,106291.477,29009.002,376.815,54552.457,2.516,47.87,0.333,794.593,5.521,14.117,16.966,395.009,2.744,427.443,2.97,71.782,0.499,333.87,2.32,0.1,14.45,7814.235,1.799,4.895,5.22,3.005,4.933,7.385,9.599,6.407,6.496,14.912,13.947,6.106,5.853,14.028,12.759,7.198,2.949,5.87,7.297,0.018,0.077,0.099,0.004,2441.981,2031.854,-270.785,-16.584,5.4290251709212024e-05,1.1343933268298101e-05,2.5164601145226953e-09,5.258138217441487e-10,7522.19,7914.626,7878.335,1545.034,1652.064,1623.781,2.5905619565856e-09,2.571274680905629e-09,2.7558581814640177e-09,5.320932204625616e-10,5.367164960714097e-10,5.680020148617473e-10
Russia,2011,RUS,144043700.0,3306765942784.0,94.334,0.0,0.0,0.0,3.888,0.56,0.053,0.0,461.398,3.863,40.661,7590.31,1093.336,1145.555,165.01,4.401,77.258,12722.104,1832.539,15.643,13.593,1032.31,7166.645,1054.86,14.05,3.408,266.313,56097.898,2.444,3.982,274.616,4986.681,718.3,49786.375,7171.414,68.094,89.156,2.764,117.159,4356.361,3619.041,521.3,30243.332,3.082,184.409,42822.262,6168.277,49.419,54.159,486.71,-2.059,-11.128,422.423,1131.948,163.05,2932.602,15.457,5.252,-0.261,-6.813,872.216,2336.513,336.56,6055.215,31.906,10.844,-22.55,-2.184,1.483,4.246,448.034,1200.608,172.94,3110.406,16.395,5.57,7.277,116.797,1721.716,222.085,31.99,11952.735,1.395,83.132,41941.18,6041.363,3.033,21.405,1.741,0.557,8.82,3.78,0.063,3.868,7.895,12.089,0.053,0.233,0.022,7323.194,8080.549,-2.039,-11.059,424.181,1135.905,163.62,2944.809,15.511,5.274,250.959,0.003,0.003,0.0,0.0,0.022,0.0,0.0,28.81,0.003,0.014,0.069,0.01,0.097,0.001,0.0,RUS,144043751.0,3306765942784.0,25.129,0.174,1685.91,53.126,3.254,1763.578,-264.214,-13.03,12.243,0.533,0.218,11.704,0.51,0.209,430.352,2.988,1424.81,9.892,0.431,1432.08,100964.625,203505.891,41618.336,1005.122,27162.115,106369.148,29355.18,391.787,56363.645,2.444,51.561,0.358,817.72,5.677,14.558,15.399,77.669,0.539,436.187,3.028,75.461,0.524,346.176,2.403,0.104,14.972,8080.548,1.849,4.886,4.433,2.92,4.793,7.323,9.503,6.329,6.684,14.837,13.862,6.035,5.836,14.351,12.753,1.471,3.047,5.443,7.226,0.018,0.078,0.1,0.004,2218.148,2096.989,-261.1,-15.487,5.609789945690053e-05,1.1704152303004025e-05,2.443641049840045e-09,5.09836507684791e-10,7814.236,7522.19,7914.626,1632.783,1545.034,1652.064,2.5164601145226953e-09,2.5905619565856e-09,2.571274680905629e-09,5.258138217441487e-10,5.320932204625616e-10,5.367164960714097e-10
Russia,2012,RUS,144290965.0,3439833120768.0,94.334,0.0,0.0,0.0,3.465,0.5,0.047,0.0,461.904,4.691,51.288,7932.752,1144.625,1172.353,169.16,6.797,124.557,13563.541,1957.096,15.82,14.145,1052.79,7296.299,1069.27,14.157,0.592,47.814,56333.141,2.363,0.562,40.276,5043.836,727.78,49980.188,7211.689,68.063,89.12,-1.609,-70.103,4286.259,3646.174,526.11,29705.662,-2.427,-149.727,41711.203,6018.55,49.203,52.968,493.9,0.245,-1.149,421.274,1132.781,163.45,2919.614,15.286,5.206,1.468,8.216,880.431,2366.676,341.49,6101.777,31.937,10.88,-16.48,-1.565,2.656,9.527,457.562,1230.361,177.53,3171.104,16.603,5.654,3.432,59.09,1780.806,225.309,32.51,12341.771,1.4,84.573,42455.434,6125.936,3.04,22.007,1.571,0.503,8.82,-9.756,-0.17,3.485,7.895,10.891,0.047,0.233,0.019,7410.513,8128.363,0.212,-1.311,422.87,1136.315,163.96,2930.674,15.334,5.226,250.959,0.008,0.011,0.0,0.0,0.075,0.0,0.0,-2.615,-0.0,0.014,0.069,0.01,0.094,0.001,0.0,RUS,144291024.0,3439833120768.0,26.332,0.182,1701.268,15.359,0.911,2077.921,314.343,17.824,14.401,0.604,0.256,11.791,0.495,0.209,445.326,3.086,1471.615,10.199,0.428,1458.411,102665.891,205583.812,42063.664,1058.049,27969.188,106745.797,29708.971,407.607,56592.629,2.363,52.928,0.367,807.072,5.593,14.686,17.473,376.653,2.61,443.809,3.076,73.973,0.513,353.791,2.452,0.11,15.82,8128.363,1.888,4.861,5.111,2.987,4.663,7.262,9.421,6.255,6.863,14.75,13.809,5.967,5.832,14.037,12.321,6.664,3.078,5.718,7.168,0.018,0.079,0.101,0.004,2521.217,2119.029,-229.653,-13.499,5.633313908462629e-05,1.1790532445039604e-05,2.3630108539059617e-09,4.945786438675152e-10,8080.549,7814.236,7522.19,1685.91,1632.783,1545.034,2.443641049840045e-09,2.5164601145226953e-09,2.5905619565856e-09,5.09836507684791e-10,5.258138217441487e-10,5.320932204625616e-10
Russia,2013,RUS,144604052.0,3500216680448.0,94.334,0.0,0.0,0.0,3.319,0.48,0.045,0.0,450.174,-8.037,-91.993,7279.403,1052.631,1119.401,161.87,2.87,56.173,13922.634,2013.269,15.284,13.17,1045.4,7229.396,1059.08,14.234,-1.179,-95.838,55548.41,2.295,-1.738,-125.359,4874.898,704.93,49005.059,7086.33,66.561,88.664,-0.877,-37.584,4248.674,3664.904,529.96,29381.434,2.1,126.413,42495.09,6144.962,50.04,53.159,476.77,10.827,42.028,463.302,1252.731,181.15,3203.935,17.104,5.797,3.706,25.612,906.043,2449.102,354.15,6265.683,33.439,11.336,-13.68,-1.309,-2.831,-16.364,441.197,1192.982,172.51,3051.071,16.289,5.52,0.237,4.219,1785.025,90.592,13.1,12344.223,1.042,63.825,42804.887,6189.76,1.237,22.334,1.505,0.482,8.82,-4.24,-0.067,3.33,7.895,10.406,0.045,0.233,0.019,7323.999,8032.525,10.783,41.976,464.846,1256.12,181.64,3214.612,17.151,5.816,156.44,0.017,0.028,0.069,0.01,0.191,0.001,0.0,-14.816,-0.002,0.011,0.0,0.0,0.079,0.0,0.0,RUS,144604102.0,3500216680448.0,27.281,0.189,1640.437,-60.831,-3.576,1879.309,-198.612,-9.558,12.996,0.537,0.234,11.344,0.469,0.204,408.194,2.823,1432.688,9.908,0.409,1485.693,104306.328,207463.125,42471.859,1106.877,28752.037,106984.672,30066.01,423.852,55798.141,2.295,48.828,0.338,782.85,5.414,14.255,16.265,238.872,1.652,446.266,3.086,73.727,0.51,357.04,2.469,0.112,16.245,8032.525,1.875,4.647,4.65,2.721,4.539,7.198,9.334,6.178,7.005,14.653,13.749,5.901,5.819,12.673,11.883,4.669,3.084,5.516,7.112,0.018,0.08,0.102,0.004,2351.991,2061.392,-207.749,-12.664,5.55484088371185e-05,1.1344332403516384e-05,2.294865070745249e-09,4.686672711330651e-10,8128.363,8080.549,7814.236,1701.268,1685.91,1632.783,2.3630108539059617e-09,2.443641049840045e-09,2.5164601145226953e-09,4.945786438675152e-10,5.09836507684791e-10,5.258138217441487e-10
Russia,2014,RUS,144925588.0,3525987794944.0,94.334,0.0,0.0,0.0,3.795,0.55,0.052,0.0,449.286,-3.248,-34.192,7027.324,1018.439,1095.045,158.7,2.022,40.705,14172.613,2053.974,14.913,12.7,1056.15,7287.533,1064.2,14.245,0.314,25.236,55599.305,2.285,0.418,29.63,4893.752,709.23,49100.789,7115.961,66.644,88.733,-0.628,-26.692,4221.982,3690.514,534.85,29132.07,-3.798,-233.411,40790.254,5911.552,50.258,52.646,478.13,-4.282,-22.095,441.207,1196.476,173.4,3044.372,16.294,5.502,0.228,-2.509,903.534,2449.326,354.97,6234.468,33.356,11.267,-8.05,-0.762,4.782,18.745,459.942,1247.261,180.76,3173.646,16.986,5.735,5.071,90.515,1875.539,108.193,15.68,12941.395,0.976,60.441,43126.973,6250.202,1.473,23.387,1.733,0.554,8.82,15.134,0.228,3.825,7.895,11.954,0.052,0.233,0.022,7343.079,8057.762,-4.097,-21.254,443.592,1202.065,174.21,3060.823,16.37,5.531,1381.481,0.38,0.407,1.104,0.16,2.809,0.015,0.005,2048.581,0.233,0.245,0.69,0.1,1.687,0.009,0.003,RUS,144925638.0,3525987794944.0,26.453,0.183,1639.959,-0.478,-0.029,1746.89,-132.419,-7.046,12.054,0.495,0.217,11.316,0.465,0.204,397.222,2.741,1395.243,9.627,0.396,1512.146,105946.281,209210.016,42869.078,1145.343,29527.375,107091.609,30451.801,440.542,55846.121,2.285,38.466,0.265,775.338,5.35,14.224,15.525,106.93,0.738,447.485,3.088,76.768,0.53,385.79,2.662,0.115,16.69,8057.762,1.761,4.626,4.277,2.645,4.417,7.137,9.243,6.102,7.075,14.557,13.668,5.844,5.805,9.947,11.692,1.982,3.324,5.465,7.058,0.018,0.081,0.102,0.004,2249.938,2061.395,-244.717,-14.922,5.559930521033969e-05,1.1315865312940617e-05,2.2852495438453366e-09,4.6510626110265533e-10,8032.525,8128.363,8080.549,1640.437,1701.268,1685.91,2.294865070745249e-09,2.3630108539059617e-09,2.443641049840045e-09,4.686672711330651e-10,4.945786438675152e-10,5.09836507684791e-10
Russia,2015,RUS,145307563.0,3456429719552.0,94.334,0.0,0.0,0.0,3.303,0.48,0.045,0.0,444.354,5.196,52.917,7373.02,1071.356,1091.134,158.55,5.509,113.16,14914.117,2167.134,14.852,13.573,1055.89,7266.587,1067.55,14.554,-1.579,-127.207,54577.719,2.294,-2.045,-145.499,4838.84,703.12,47970.402,6970.462,65.863,88.308,-3.203,-135.234,4086.748,3645.784,529.76,28124.814,-1.136,-67.156,40220.863,5844.396,49.624,51.775,474.37,-3.115,-15.907,425.3,1156.099,167.99,2926.895,15.736,5.388,2.667,19.355,922.889,2507.99,364.43,6351.282,34.137,11.692,-11.66,-1.104,8.14,34.919,494.861,1345.216,195.47,3405.613,18.31,6.269,-3.369,-63.181,1812.358,101.922,14.81,12472.565,1.327,82.942,43584.406,6333.144,1.387,22.961,1.504,0.481,8.82,-13.203,-0.229,3.312,7.895,10.349,0.045,0.233,0.019,7346.831,7930.555,-3.012,-15.563,428.028,1162.775,168.96,2945.669,15.827,5.423,109.75,0.442,0.85,2.34,0.34,5.847,0.032,0.011,54.035,0.13,0.375,1.032,0.15,2.579,0.014,0.005,RUS,145307611.0,3456429719552.0,23.171,0.159,1638.675,-1.284,-0.078,2038.625,291.735,16.7,14.03,0.59,0.257,11.277,0.474,0.207,417.405,2.873,1322.551,9.102,0.383,1535.318,107584.961,211248.641,43286.484,1178.366,30266.883,107491.547,30860.473,457.439,54818.855,2.294,33.023,0.227,739.506,5.089,14.233,17.101,399.949,2.752,452.621,3.115,76.354,0.525,408.673,2.812,0.116,16.897,7930.555,1.597,4.628,4.98,2.846,4.303,7.078,9.167,6.035,7.111,14.439,13.623,5.791,5.795,8.6,10.929,7.23,3.454,5.565,7.015,0.018,0.082,0.104,0.004,2484.872,2068.22,-316.124,-19.291,5.457771664644837e-05,1.1277282646949501e-05,2.29443548501484e-09,4.740946968284934e-10,8057.762,8032.525,8128.363,1639.959,1640.437,1701.268,2.2852495438453366e-09,2.294865070745249e-09,2.3630108539059617e-09,4.6510626110265533e-10,4.686672711330651e-10,4.945786438675152e-10
Russia,2016,RUS,145778617.0,3463124090880.0,94.334,0.394,2.704,0.394,3.087,0.45,0.041,0.005,442.744,-3.116,-33.378,7120.231,1037.977,1176.098,171.45,4.095,88.737,15474.637,2255.871,15.715,12.903,1076.47,7384.279,1090.97,14.612,1.961,155.508,55468.105,2.335,1.623,113.1,4861.344,708.68,48591.227,7083.562,64.959,88.052,2.929,119.716,4206.464,3579.469,521.81,28855.15,0.827,48.358,40422.617,5892.753,47.83,52.288,483.02,9.892,38.549,463.849,1266.372,184.61,3181.87,16.922,5.766,5.009,38.303,961.192,2622.401,382.29,6593.506,35.041,11.948,-14.5,-1.347,0.585,-0.855,494.006,1348.689,196.61,3388.741,18.022,6.141,1.477,26.762,1839.121,105.777,15.42,12615.846,2.557,161.967,44554.621,6495.111,1.413,22.861,1.395,0.446,8.82,-7.263,-0.109,3.061,7.895,9.566,0.041,0.233,0.017,7483.745,8086.063,10.127,39.158,467.186,1273.712,185.68,3204.765,17.02,5.807,39.541,0.327,1.177,3.224,0.47,8.071,0.043,0.015,0.056,-0.003,0.372,1.029,0.15,2.553,0.014,0.005,RUS,145778669.0,3463124090880.0,20.432,0.14,1634.885,-3.79,-0.231,2046.718,8.093,0.397,14.04,0.591,0.253,11.215,0.472,0.202,405.877,2.784,1364.549,9.36,0.394,1555.75,109219.852,213295.344,43692.359,1214.584,31019.887,107903.383,31264.068,473.197,55724.008,2.335,36.218,0.248,753.005,5.165,14.229,16.931,411.833,2.825,462.751,3.174,77.368,0.531,403.595,2.769,0.108,15.758,8086.063,1.371,4.616,5.14,2.831,4.185,7.022,9.099,5.973,7.167,14.324,13.599,5.738,5.775,9.683,10.83,9.347,3.374,5.244,6.981,0.018,0.082,0.105,0.004,2468.242,2074.266,-270.336,-16.535,5.5468100647435446e-05,1.1214843784861204e-05,2.3349042043553466e-09,4.720838633260081e-10,7930.555,8057.762,8032.525,1638.675,1639.959,1640.437,2.29443548501484e-09,2.2852495438453366e-09,2.294865070745249e-09,4.740946968284934e-10,4.6510626110265533e-10,4.686672711330651e-10
Russia,2017,RUS,146186752.0,3526353747968.0,94.334,0.372,5.24,0.766,3.557,0.52,0.048,0.009,439.629,-5.961,-61.871,6677.116,976.106,1190.327,174.01,6.099,137.583,16372.577,2393.454,15.947,12.058,1080.57,7391.709,1091.17,14.529,0.614,49.679,55653.078,2.307,0.518,36.67,4799.819,701.67,48706.41,7120.232,64.304,87.957,2.485,104.542,4311.006,3531.579,516.27,29489.717,7.855,462.855,43475.957,6355.609,47.313,53.255,479.71,0.299,-0.941,462.907,1266.599,185.16,3166.549,16.969,5.718,1.983,13.665,974.857,2664.4,389.5,6668.573,35.696,12.043,-10.6,-0.981,3.32,13.847,507.853,1389.592,203.14,3473.998,18.617,6.274,-0.326,-6.0,1833.12,77.914,11.39,12539.578,0.012,0.787,44435.613,6495.898,1.044,22.645,1.624,0.52,8.82,16.421,0.229,3.554,7.895,11.106,0.048,0.233,0.02,7464.22,8135.743,0.571,-0.182,467.004,1274.808,186.36,3194.575,17.079,5.769,16.165,0.183,1.36,3.694,0.54,9.303,0.049,0.017,-6.157,-0.025,0.347,0.958,0.14,2.377,0.013,0.004,RUS,146186800.0,3526353747968.0,20.512,0.14,1666.121,31.236,1.911,2043.329,-3.389,-0.166,13.978,0.579,0.251,11.397,0.472,0.205,389.27,2.663,1400.043,9.577,0.397,1576.262,110885.969,215338.688,44081.633,1256.51,31800.551,108280.594,31681.559,489.456,55933.996,2.307,41.926,0.287,780.664,5.34,14.535,16.84,377.208,2.58,480.488,3.287,77.986,0.533,417.49,2.856,0.111,16.259,8135.742,1.359,4.629,5.08,2.682,4.075,6.968,9.031,5.909,7.249,14.216,13.574,5.687,5.761,10.826,10.952,8.915,3.436,5.369,6.948,0.019,0.083,0.106,0.004,2461.815,2124.762,-266.078,-15.97,5.565307997266363e-05,1.139720549324555e-05,2.30712616528846e-09,4.724769887196012e-10,8086.063,7930.555,8057.762,1634.885,1638.675,1639.959,2.3349042043553466e-09,2.29443548501484e-09,2.2852495438453366e-09,4.720838633260081e-10,4.740946968284934e-10,4.6510626110265533e-10
Russia,2018,RUS,146430090.0,3625347448832.0,47.665,0.365,7.725,1.131,3.415,0.5,0.045,0.013,439.33,3.253,31.75,6882.846,1007.856,1206.105,176.61,7.075,169.333,17501.775,2562.787,15.922,12.01,1096.59,7488.83,1109.19,14.218,3.644,296.466,57585.219,2.326,3.981,283.466,4866.554,712.61,50561.312,7403.698,64.246,88.227,5.428,233.987,4544.993,3576.587,523.72,31038.656,5.278,335.45,45694.559,6691.059,47.216,54.161,487.3,2.957,11.315,474.223,1301.918,190.64,3238.561,17.187,5.651,1.907,13.125,987.982,2708.323,396.58,6747.126,35.754,11.773,-12.6,-1.149,0.709,1.056,508.908,1397.117,204.58,3475.434,18.444,6.064,0.967,17.729,1850.849,83.863,12.28,12639.812,1.672,108.604,45103.445,6604.501,1.107,22.056,1.577,0.505,8.82,-2.863,-0.046,3.446,7.895,10.77,0.045,0.233,0.019,7574.877,8432.209,3.208,12.07,479.074,1311.206,192.0,3271.693,17.31,5.709,14.79,0.193,1.553,4.234,0.62,10.608,0.056,0.019,70.619,0.242,0.59,1.639,0.24,4.029,0.022,0.007,RUS,146430147.0,3625347448832.0,20.091,0.137,1712.494,46.373,2.783,2084.962,41.633,2.038,14.239,0.575,0.247,11.695,0.472,0.203,401.062,2.739,1362.433,9.304,0.376,1596.353,112598.461,217423.641,44482.691,1305.948,32629.41,108653.062,32077.002,507.056,57892.727,2.326,49.438,0.338,828.859,5.66,14.972,17.369,372.468,2.544,500.485,3.418,79.657,0.544,395.445,2.701,0.12,17.601,8432.208,1.292,4.662,5.139,2.72,3.967,6.916,8.966,5.847,7.362,14.115,13.556,5.634,5.762,12.144,11.095,9.688,3.228,5.806,6.92,0.019,0.084,0.107,0.004,2543.358,2192.331,-350.061,-20.442,5.758522036010455e-05,1.169495513789239e-05,2.3259036875808016e-09,4.723668625338861e-10,8135.743,8086.063,7930.555,1666.121,1634.885,1638.675,2.30712616528846e-09,2.3349042043553466e-09,2.29443548501484e-09,4.724769887196012e-10,4.720838633260081e-10,4.740946968284934e-10
Russia,2019,RUS,146533005.0,3705035816960.0,38.325,0.434,10.678,1.565,3.685,0.54,0.048,0.019,440.035,-1.696,-17.096,6761.342,990.76,1279.917,187.55,0.032,0.814,17495.041,2563.601,16.773,11.897,1099.73,7504.999,1118.16,14.466,-0.737,-62.179,57120.445,2.259,-1.095,-81.086,4865.457,712.95,49972.441,7322.612,63.761,87.933,-2.241,-101.866,4443.127,3496.345,512.33,30321.684,1.483,99.21,46339.516,6790.269,45.819,53.355,492.03,1.961,6.906,481.129,1326.527,194.38,3283.418,17.384,5.778,2.275,16.903,1004.885,2765.315,405.21,6857.741,36.239,12.067,-18.43,-1.676,2.153,8.383,517.291,1426.232,208.99,3530.203,18.691,6.212,2.046,37.876,1888.725,89.195,13.07,12889.414,0.969,64.011,45508.602,6668.512,1.169,22.681,1.683,0.539,8.82,6.716,0.106,3.675,7.895,11.485,0.048,0.233,0.02,7630.772,8370.03,2.405,8.52,487.594,1339.084,196.22,3327.538,17.548,5.855,57.744,0.885,2.438,6.756,0.99,16.64,0.089,0.029,32.742,0.189,0.779,2.116,0.31,5.318,0.028,0.009,RUS,146533063.0,3705035816960.0,20.306,0.139,1705.031,-7.463,-0.436,1923.832,-161.13,-7.728,13.129,0.519,0.23,11.636,0.46,0.204,395.101,2.696,1388.482,9.476,0.375,1616.659,114303.492,219347.484,44877.793,1368.603,33436.797,108871.859,32479.826,523.814,57430.348,2.259,62.655,0.428,807.388,5.51,15.045,16.515,218.801,1.493,520.043,3.549,81.523,0.556,402.824,2.749,0.114,16.758,8370.03,1.251,4.595,4.705,2.689,3.862,6.864,8.895,5.787,7.53,14.002,13.519,5.583,5.753,14.395,10.577,5.778,3.245,5.49,6.89,0.019,0.085,0.108,0.004,2419.921,2204.531,-316.549,-18.566,5.7120441909997977e-05,1.1635810820387944e-05,2.2590955697879466e-09,4.601928521703162e-10,8432.209,8135.743,8086.063,1712.494,1666.121,1634.885,2.3259036875808016e-09,2.30712616528846e-09,2.3349042043553466e-09,4.723668625338861e-10,4.724769887196012e-10,4.720838633260081e-10
Russia,2020,RUS,146371239.0,3606716612608.0,20.435,0.32,12.874,1.884,5.534,0.81,0.075,0.023,417.654,-8.053,-79.782,6223.75,910.978,1195.317,174.96,-8.86,-227.134,15962.61,2336.467,16.119,11.343,1074.68,7342.153,1085.42,14.677,-3.516,-294.317,55172.816,2.239,-4.931,-361.046,4463.035,653.26,47561.023,6961.566,60.185,86.683,-4.688,-208.293,4234.834,3182.866,465.88,28932.145,-5.976,-405.802,43618.312,6384.466,42.922,52.731,453.33,9.292,43.41,524.539,1451.378,212.44,3583.62,19.572,6.531,6.708,64.614,1069.499,2952.493,432.16,7306.756,39.815,13.317,-10.74,-0.999,3.315,15.83,533.122,1475.085,215.91,3642.257,19.892,6.638,-3.863,-72.97,1815.754,84.853,12.42,12405.129,-8.549,-570.066,41664.238,6098.446,1.144,22.609,2.546,0.815,8.82,51.292,0.863,5.567,7.895,17.395,0.075,0.233,0.032,7415.528,8075.713,10.293,48.783,536.377,1477.408,216.25,3664.499,19.923,6.679,89.04,2.16,4.598,12.707,1.86,31.412,0.171,0.057,261.494,2.031,2.81,7.788,1.14,19.197,0.105,0.035,RUS,146371293.0,3606716612608.0,20.581,0.141,1632.929,-72.102,-4.229,1939.328,15.496,0.805,13.249,0.538,0.24,11.156,0.453,0.202,367.669,2.512,1366.794,9.338,0.379,1637.24,115936.422,221286.812,45245.461,1427.718,34221.09,109178.258,32864.766,540.149,55480.828,2.24,59.115,0.404,784.291,5.358,14.468,16.422,306.398,2.093,507.25,3.466,81.88,0.559,384.939,2.63,0.112,16.335,8078.97,1.256,4.649,5.029,2.577,3.764,6.819,8.836,5.729,7.686,13.891,13.499,5.545,5.746,14.74,10.368,8.91,3.512,5.536,6.864,0.02,0.086,0.109,0.004,2403.698,2117.645,-266.136,-16.298,5.51728130141738e-05,1.1156074162711597e-05,2.2390761092151594e-09,4.527466877469025e-10,8370.03,8432.209,8135.743,1705.031,1712.494,1666.121,2.2590955697879466e-09,2.3259036875808016e-09,2.30712616528846e-09,4.601928521703162e-10,4.723668625338861e-10,4.724769887196012e-10
Russia,2021,RUS,145836117.0,3809571241984.0,48.231,0.909,19.153,2.793,5.623,0.82,0.071,0.034,426.828,4.021,36.634,6497.79,947.612,1283.221,187.14,9.756,227.948,17584.223,2564.415,16.174,11.435,1135.73,7787.714,1157.07,15.147,3.164,255.552,57127.59,2.187,3.332,231.987,4898.924,714.44,49326.277,7193.553,61.746,86.804,1.904,80.611,4315.445,3520.458,513.41,29591.057,9.973,636.702,48144.234,7021.168,44.372,52.074,493.87,0.986,3.868,528.407,1471.035,214.53,3623.295,18.541,6.376,2.623,24.088,1093.587,3035.119,442.63,7498.741,38.254,13.196,-21.34,-1.879,3.0,14.641,547.763,1524.931,222.39,3756.015,19.22,6.61,6.319,114.741,1930.496,95.244,13.89,13237.432,2.748,167.607,42966.406,6266.054,1.2,23.295,2.563,0.82,8.82,0.649,0.017,5.623,7.895,17.573,0.071,0.233,0.031,7934.042,8331.266,2.249,9.447,545.825,1510.188,220.24,3742.725,19.034,6.586,24.16,1.097,5.695,15.84,2.31,39.048,0.2,0.069,127.135,3.557,6.367,17.691,2.58,43.656,0.223,0.077,RUS,145836172.0,3809571241984.0,22.158,0.152,1711.993,79.064,4.842,2047.341,108.013,5.57,14.039,0.537,0.246,11.739,0.449,0.205,382.146,2.62,1370.214,9.396,0.36,1659.398,117648.414,223334.141,45627.605,1487.933,35075.148,109513.602,33241.344,556.981,57444.508,2.188,60.216,0.413,854.064,5.856,15.245,17.34,335.347,2.299,530.449,3.637,84.102,0.577,376.578,2.582,0.115,16.832,8335.356,1.306,4.628,5.05,2.525,3.672,6.772,8.775,5.669,7.839,13.794,13.482,5.502,5.741,14.852,10.78,9.439,3.266,5.584,6.839,0.02,0.087,0.111,0.004,2528.804,2223.339,-341.779,-19.964,5.712759069140562e-05,1.173915206715648e-05,2.1869300954878928e-09,4.493925671037996e-10,8075.713,8370.03,8432.209,1632.929,1705.031,1712.494,2.2390761092151594e-09,2.2590955697879466e-09,2.3259036875808016e-09,4.527466877469025e-10,4.601928521703162e-10,4.723668625338861e-10
Russia,2022,RUS,145579843.0,3731440795648.0,37.387,1.044,26.36,3.837,5.77,0.84,0.072,0.045,438.42,12.093,114.596,7296.397,1062.208,1364.269,198.61,1.115,28.598,17811.623,2593.013,17.02,12.371,1150.54,7903.155,1166.94,14.658,3.547,295.494,59257.926,2.312,4.654,334.792,5070.276,738.13,51712.824,7528.345,63.253,87.678,3.907,168.605,4484.05,3621.037,527.15,30801.309,-11.928,-837.486,42476.227,6183.682,45.174,52.223,511.61,-7.862,-42.74,485.667,1357.812,197.67,3336.088,16.939,5.656,-2.871,-35.607,1057.98,2945.531,428.81,7267.355,36.747,12.322,-16.4,-1.425,0.588,1.867,549.63,1536.614,223.7,3775.452,19.17,6.401,2.672,51.591,1982.087,84.971,12.37,13615.117,1.807,113.198,43819.605,6379.251,1.06,23.084,2.631,0.842,8.82,2.65,0.068,5.782,7.895,18.07,0.072,0.233,0.031,8015.807,8626.76,-6.321,-37.474,508.351,1408.918,205.11,3491.903,17.577,5.92,3.746,0.199,5.893,16.486,2.4,40.483,0.206,0.069,62.526,3.955,10.322,28.85,4.2,70.903,0.36,0.12,RUS,145579890.0,3731440795648.0,22.48,0.154,1802.19,90.197,5.269,2204.473,157.132,7.675,15.143,0.591,0.255,12.379,0.483,0.209,428.488,2.943,1468.056,10.084,0.393,1681.877,119450.609,225538.625,46056.094,1548.149,35962.586,109915.891,33628.086,573.813,59650.238,2.313,60.216,0.414,887.432,6.096,15.832,18.329,402.283,2.763,523.302,3.595,83.653,0.575,386.742,2.657,0.116,16.832,8632.184,1.404,4.832,5.399,2.822,3.594,6.731,8.722,5.616,7.986,13.717,13.472,5.458,5.737,14.941,11.244,11.361,3.247,5.584,6.815,0.02,0.088,0.112,0.004,2668.347,2304.834,-334.134,-18.54,5.925792899776613e-05,1.2379388389426504e-05,2.3119112622827724e-09,4.829742983198083e-10,8331.266,8075.713,8370.03,1711.993,1632.929,1705.031,2.1869300954878928e-09,2.2390761092151594e-09,2.2590955697879466e-09,4.493925671037996e-10,4.527466877469025e-10,4.601928521703162e-10
Russia,2023,RUS,145440454.0,3731440795648.0,26.547,1.019,33.389,4.856,5.844,0.85,0.072,0.056,445.024,-0.2,-2.123,7288.794,1060.086,1451.728,211.14,-1.494,-38.739,17562.336,2554.274,17.92,12.162,1162.44,7992.549,1178.25,14.542,1.555,134.145,60237.051,2.312,1.893,142.483,5168.919,751.77,52742.055,7670.828,63.804,88.004,1.107,49.66,4533.709,3633.308,528.43,31172.273,-5.173,-319.86,40317.68,5863.822,44.849,52.013,524.35,1.618,4.249,489.916,1381.115,200.87,3368.501,17.048,5.621,-0.303,-12.347,1045.633,2932.334,426.48,7189.423,36.196,11.996,-15.81,-1.36,-2.824,-19.429,530.201,1494.632,217.38,3645.484,18.449,6.083,4.79,94.947,2077.033,83.883,12.2,14280.986,-1.254,-79.968,43311.77,6299.283,1.035,23.829,2.654,0.849,8.82,0.9,0.024,5.84,7.895,18.25,0.072,0.233,0.03,8101.253,8760.904,2.397,7.081,515.432,1437.702,209.1,3543.939,17.747,5.913,9.849,0.533,6.427,18.083,2.63,44.187,0.223,0.074,13.004,1.257,11.579,32.659,4.75,79.613,0.403,0.133,RUS,145440504.0,3731440795648.0,23.224,0.16,1815.925,13.735,0.762,2216.713,12.24,0.555,15.241,0.591,0.255,12.486,0.483,0.209,427.636,2.94,1468.056,10.084,0.393,1705.102,121266.531,227755.328,46483.73,1608.365,36859.844,110316.672,34018.844,590.645,60175.367,2.313,60.216,0.414,897.26,6.169,16.012,18.503,400.788,2.756,533.118,3.666,85.335,0.587,390.757,2.687,0.116,16.832,8691.993,1.48,4.805,5.352,2.777,3.525,6.691,8.669,5.564,8.125,13.648,13.462,5.414,5.732,14.653,11.358,11.057,3.201,5.59,6.793,0.021,0.089,0.113,0.004,2691.068,2328.771,-334.134,-18.54,6.023705069017414e-05,1.2485689681053273e-05,2.347860914802103e-09,4.866551821264117e-10,8626.76,8331.266,8075.713,1802.19,1711.993,1632.929,2.3119112622827724e-09,2.1869300954878928e-09,2.2390761092151594e-09,4.829742983198083e-10,4.493925671037996e-10,4.527466877469025e-10
Russia,2024,RUS,144820370.0,3731440795648.0,23.861,1.159,41.533,6.015,5.938,0.86,0.071,0.067,449.196,-1.765,-18.707,7190.831,1041.379,1555.03,225.2,-0.826,-21.107,17491.789,2533.167,18.591,11.562,1194.84,8250.496,1211.32,14.451,3.29,288.245,62485.336,2.312,3.518,269.888,5358.431,776.01,54831.488,7940.717,64.063,88.159,5.217,236.526,4770.235,3716.259,538.19,32938.98,7.415,434.817,43492.766,6298.639,44.43,52.96,544.12,4.815,23.589,513.505,1452.489,210.35,3545.81,17.365,5.701,2.145,20.88,1066.513,3005.862,435.31,7364.387,35.937,11.841,-16.48,-1.379,-0.767,-4.067,526.134,1489.5,215.71,3633.011,17.808,5.841,2.507,52.069,2129.103,87.142,12.62,14701.679,-2.817,-177.448,42271.918,6121.835,1.042,23.638,2.588,0.828,8.82,-2.485,-0.066,5.719,7.895,17.873,0.068,0.233,0.029,8364.293,9049.149,5.103,24.947,540.379,1516.361,219.6,3731.376,18.129,5.999,10.962,0.704,7.131,19.611,2.84,49.24,0.234,0.079,-3.794,-0.439,11.14,38.323,5.55,76.92,0.458,0.124,RUS,145440504.0,3731440795648.0,23.224,0.16,1815.925,13.735,0.762,2216.713,12.24,0.555,15.241,0.591,0.255,12.486,0.483,0.209,427.636,2.94,1468.056,10.084,0.393,1705.102,121266.531,227755.328,46483.73,1608.365,36859.844,110316.672,34018.844,590.645,60175.367,2.313,60.216,0.414,897.26,6.169,16.012,18.503,400.788,2.756,533.118,3.666,85.335,0.587,390.757,2.687,0.116,16.832,8691.993,1.48,4.805,5.352,2.777,3.525,6.691,8.669,5.564,8.125,13.648,13.462,5.414,5.732,14.653,11.358,11.057,3.201,5.59,6.793,0.021,0.089,0.113,0.004,2691.068,2328.771,-334.134,-18.54,6.248533269180252e-05,1.2485689681053273e-05,2.4251085560714433e-09,4.866551821264117e-10,8760.904,8626.76,8331.266,1815.925,1802.19,1711.993,2.347860914802103e-09,2.3119112622827724e-09,2.1869300954878928e-09,4.866551821264117e-10,4.829742983198083e-10,4.493925671037996e-10
Saudi Arabia,1993,SAU,12215814.0,318013014016.0,10.568,0.0,0.0,0.0,0.0,0.0,0.0,0.0,692.335,57.143,0.0,0.0,0.0,0.0,0.0,0.859,0.0,0.0,0.0,0.0,0.0,138.69,8572.922,102.669,10.238,2.149,21.094,82094.43,3.153,2.149,21.094,8404.56,102.669,82094.43,1002.85,100.0,100.0,4.68,17.005,380.38,3919.143,47.876,31138.324,4.68,17.005,31138.324,380.38,46.631,37.93,96.02,2.3105,0.0,0.0,0.0,0.0,0.0,0.0,0.0,0.0,0.0,0.0,0.0,0.0,0.0,0.0,0.0,0.0,0.0,1.993,0.0,0.0,0.0,0.0,0.0,0.0,0.0,0.661,4.089,622.47,4485.417,54.793,50956.109,-2.888,-148.482,408722.906,4992.883,53.369,62.07,0.0,0.0,8.82,5.83,0.0,0.0,7.895,0.0,0.0,0.233,0.0,8404.56,1002.85,0.0,0.0,0.0,0.0,0.0,0.0,0.0,0.0,0.0,0.0,0.0,0.0,0.0,0.0,0.0,0.0,0.0,0.0,0.0,0.0,0.0,0.0,0.0,0.0,SAU,12215865.0,318013014016.0,7.398,0.606,297.833,21.746,7.877,302.029,19.398,6.863,24.724,0.95,0.301,24.381,0.937,0.297,0.052,0.004,276.435,22.629,0.869,71.66,3981.843,4141.25,0.083,892.286,680.818,125.372,2336.996,402.403,56193.195,3.153,0.729,0.06,76.86,6.292,30.155,30.801,4.196,0.344,69.937,5.725,6.228,0.51,212.794,17.419,0.076,24.39,1002.85,1.34,1.309,1.089,0.001,0.517,0.454,0.269,0.0,9.993,0.749,0.019,0.786,5.859999999999999,0.312,1.91,0.084,2.309,8.248,0.394,0.002,0.002,0.004,0.0,376.265,368.369,-21.397,-7.184,8.209440647998717e-05,2.4380835904782482e-05,3.1534872970624538e-09,9.365434333609233e-10,981.756,972.452,928.337,276.086,244.587,182.025,3.2072816832683045e-09,3.4821666144105868e-09,4.032197826562803e-09,9.019405746507413e-10,8.758197687071877e-10,7.906189340509904e-10
Saudi Arabia,1994,SAU,12749987.0,336457990144.0,10.568,0.0,0.0,0.0,0.0,0.0,0.0,0.0,692.335,57.143,0.0,0.0,0.0,0.0,0.0,0.859,0.0,0.0,0.0,0.0,0.0,138.69,8572.922,106.046,9.145,15.628,156.73,90947.578,3.446,15.628,156.73,8317.338,106.046,90947.578,1159.58,100.0,100.0,6.818,25.935,406.315,3959.064,50.478,31867.875,6.818,25.935,31867.875,406.315,47.6,35.04,96.02,2.3105,0.0,0.0,0.0,0.0,0.0,0.0,0.0,0.0,0.0,0.0,0.0,0.0,0.0,0.0,0.0,0.0,0.0,1.993,0.0,0.0,0.0,0.0,0.0,0.0,0.0,21.012,130.795,753.265,4358.274,55.568,59079.703,0.67,33.438,394221.688,5026.321,52.4,64.96,0.0,0.0,8.82,5.83,0.0,0.0,7.895,0.0,0.0,0.233,0.0,8317.338,1159.58,0.0,0.0,0.0,0.0,0.0,0.0,0.0,0.0,0.0,0.0,0.0,0.0,0.0,0.0,0.0,0.0,0.0,0.0,0.0,0.0,0.0,0.0,0.0,0.0,SAU,12750036.0,336457990144.0,7.246,0.568,291.289,-6.544,-2.197,294.329,-7.7,-2.549,23.085,0.875,0.254,22.846,0.866,0.251,0.068,0.005,270.975,21.253,0.805,78.906,4273.131,4435.58,0.151,899.003,762.917,128.413,2532.155,402.403,63132.098,3.446,6.717,0.527,82.099,6.439,28.424,28.946,3.04,0.238,70.367,5.519,6.215,0.487,195.159,15.307,0.076,24.39,1159.58,1.229,1.267,1.019,0.001,0.546,0.475,0.283,0.0,9.725,0.803,0.019,0.826,5.859999999999999,2.134,2.021,0.052,2.11,8.248,0.405,0.002,0.002,0.004,0.0,369.067,362.41,-20.314,-6.974,9.09475437112139e-05,2.284613157170514e-05,3.4464332367429098e-09,8.657514713065122e-10,1002.85,981.756,972.452,297.833,276.086,244.587,3.1534872970624538e-09,3.2072816832683045e-09,3.4821666144105868e-09,9.365434333609233e-10,9.019405746507413e-10,8.758197687071877e-10
Saudi Arabia,1995,SAU,13289193.0,354296201216.0,10.568,0.0,0.0,0.0,0.0,0.0,0.0,0.0,692.335,57.143,0.0,0.0,0.0,0.0,0.0,0.859,0.0,0.0,0.0,0.0,0.0,138.69,8572.922,109.928,9.728,-2.55,-29.575,85031.938,3.189,-2.55,-29.575,8271.986,109.928,85031.945,1130.006,100.0,100.0,0.374,1.52,407.835,3748.035,49.808,30689.225,0.374,1.52,30689.225,407.835,45.31,36.091,96.02,2.3105,0.0,0.0,0.0,0.0,0.0,0.0,0.0,0.0,0.0,0.0,0.0,0.0,0.0,0.0,0.0,0.0,0.0,1.993,0.0,0.0,0.0,0.0,0.0,0.0,0.0,-4.128,-31.095,722.171,4523.951,60.12,54342.719,-0.214,-10.734,377418.5,5015.587,54.69,63.909,0.0,0.0,8.82,5.83,0.0,0.0,7.895,0.0,0.0,0.233,0.0,8271.986,1130.006,0.0,0.0,0.0,0.0,0.0,0.0,0.0,0.0,0.0,0.0,0.0,0.0,0.0,0.0,0.0,0.0,0.0,0.0,0.0,0.0,0.0,0.0,0.0,0.0,SAU,13289245.0,354296201216.0,7.612,0.573,274.692,-16.596,-5.698,276.928,-17.402,-5.912,20.838,0.782,0.245,20.67,0.775,0.243,0.05,0.004,254.766,19.171,0.719,86.518,4547.824,4712.507,0.2,905.175,845.324,130.648,2710.607,402.403,59823.926,3.189,6.172,0.464,82.407,6.201,25.913,26.313,2.235,0.168,68.91,5.185,5.894,0.444,178.451,13.428,0.076,24.39,1130.006,1.221,1.167,0.956,0.001,0.574,0.492,0.295,0.0,9.458,0.852,0.019,0.858,5.859999999999999,1.891,1.954,0.041,1.911,8.248,0.416,0.002,0.002,0.004,0.0,349.683,344.365,-19.926,-7.254,8.503195039758358e-05,2.0670248761308814e-05,3.189438656473433e-09,7.753173730263381e-10,1159.58,1002.85,981.756,291.289,297.833,276.086,3.4464332367429098e-09,3.1534872970624538e-09,3.2072816832683045e-09,8.657514713065122e-10,9.365434333609233e-10,9.019405746507413e-10
Saudi Arabia,1996,SAU,13830949.0,381675241472.0,10.568,0.0,0.0,0.0,0.0,0.0,0.0,0.0,692.335,57.143,0.0,0.0,0.0,0.0,0.0,0.859,0.0,0.0,0.0,0.0,0.0,138.69,8572.922,112.167,9.599,3.411,38.547,84488.258,3.062,3.411,38.547,8109.864,112.167,84488.258,1168.553,100.0,100.0,3.447,14.06,421.895,3580.278,49.519,30503.691,3.447,14.06,30503.691,421.895,44.147,36.104,96.02,2.3105,0.0,0.0,0.0,0.0,0.0,0.0,0.0,0.0,0.0,0.0,0.0,0.0,0.0,0.0,0.0,0.0,0.0,1.993,0.0,0.0,0.0,0.0,0.0,0.0,0.0,3.391,24.487,746.658,4529.586,62.648,53984.57,1.431,71.791,367825.656,5087.378,55.853,63.896,0.0,0.0,8.82,5.83,0.0,0.0,7.895,0.0,0.0,0.233,0.0,8109.864,1168.553,0.0,0.0,0.0,0.0,0.0,0.0,0.0,0.0,0.0,0.0,0.0,0.0,0.0,0.0,0.0,0.0,0.0,0.0,0.0,0.0,0.0,0.0,0.0,0.0,SAU,13831002.0,381675241472.0,7.925,0.573,269.594,-5.099,-1.856,271.333,-5.594,-2.02,19.618,0.711,0.232,19.492,0.706,0.231,0.046,0.003,250.999,18.148,0.658,94.442,4817.417,4983.84,0.247,912.014,930.765,132.387,2879.949,402.403,60202.789,3.062,6.839,0.494,85.441,6.177,24.775,25.095,1.74,0.126,72.073,5.211,6.268,0.453,169.343,12.244,0.076,24.39,1168.553,1.245,1.111,0.896,0.001,0.601,0.508,0.306,0.0,9.193,0.898,0.019,0.884,5.859999999999999,1.952,1.94,0.029,1.76,8.248,0.425,0.002,0.002,0.005,0.0,347.09,342.668,-18.595,-6.897,8.448827336431619e-05,1.9492007882001644e-05,3.0616421319162933e-09,7.06343956082301e-10,1130.006,1159.58,1002.85,274.692,291.289,297.833,3.189438656473433e-09,3.4464332367429098e-09,3.1534872970624538e-09,7.753173730263381e-10,8.657514713065122e-10,9.365434333609233e-10
Saudi Arabia,1997,SAU,14374902.0,404619657216.0,10.568,0.0,0.0,0.0,0.0,0.0,0.0,0.0,692.335,57.143,0.0,0.0,0.0,0.0,0.0,0.859,0.0,0.0,0.0,0.0,0.0,138.69,8572.922,119.104,10.007,1.857,21.696,82800.5,2.942,1.857,21.696,8285.585,119.104,82800.492,1190.249,100.0,100.0,2.094,8.835,430.73,3680.77,52.911,29964.029,2.094,8.835,29964.029,430.73,44.424,36.188,96.02,2.3105,0.0,0.0,0.0,0.0,0.0,0.0,0.0,0.0,0.0,0.0,0.0,0.0,0.0,0.0,0.0,0.0,0.0,1.993,0.0,0.0,0.0,0.0,0.0,0.0,0.0,1.722,12.861,759.519,4604.815,66.194,52836.465,-1.238,-62.962,349526.969,5024.416,55.576,63.812,0.0,0.0,8.82,5.83,0.0,0.0,7.895,0.0,0.0,0.233,0.0,8285.585,1190.249,0.0,0.0,0.0,0.0,0.0,0.0,0.0,0.0,0.0,0.0,0.0,0.0,0.0,0.0,0.0,0.0,0.0,0.0,0.0,0.0,0.0,0.0,0.0,0.0,SAU,14374948.0,404619657216.0,7.417,0.516,227.241,-42.352,-15.71,228.69,-42.644,-15.716,15.909,0.565,0.192,15.808,0.562,0.191,0.061,0.004,214.018,14.888,0.529,101.86,5044.659,5212.53,0.307,919.782,1018.756,133.836,3003.954,402.403,59696.375,2.942,7.768,0.54,87.991,6.121,21.097,21.357,1.448,0.101,74.811,5.204,6.68,0.465,124.004,8.626,0.076,24.39,1190.249,1.12,0.931,0.719,0.001,0.622,0.519,0.314,0.0,8.953,0.943,0.019,0.896,5.859999999999999,2.202,1.99,0.02,1.27,8.248,0.432,0.002,0.002,0.005,0.0,307.008,303.266,-13.224,-5.819,8.28004949181509e-05,1.5808126749396533e-05,2.9416489752118093e-09,5.616163128690777e-10,1168.553,1130.006,1159.58,269.594,274.692,291.289,3.0616421319162933e-09,3.189438656473433e-09,3.4464332367429098e-09,7.06343956082301e-10,7.753173730263381e-10,8.657514713065122e-10
Saudi Arabia,1998,SAU,14922138.0,436367196160.0,10.568,0.0,0.0,0.0,0.0,0.0,0.0,0.0,692.335,57.143,0.0,0.0,0.0,0.0,0.0,0.859,0.0,0.0,0.0,0.0,0.0,138.69,8572.922,126.168,10.073,5.237,62.328,83940.852,2.87,5.237,62.328,8455.067,126.168,83940.852,1252.577,100.0,100.0,3.264,14.06,444.79,3592.019,53.601,29807.389,3.264,14.06,29807.389,444.79,42.484,35.51,96.02,2.3105,0.0,0.0,0.0,0.0,0.0,0.0,0.0,0.0,0.0,0.0,0.0,0.0,0.0,0.0,0.0,0.0,0.0,1.993,0.0,0.0,0.0,0.0,0.0,0.0,0.0,6.355,48.268,807.787,4863.048,72.567,54133.461,3.072,154.361,347053.312,5178.777,57.516,64.49,0.0,0.0,8.82,5.83,0.0,0.0,7.895,0.0,0.0,0.233,0.0,8455.067,1252.577,0.0,0.0,0.0,0.0,0.0,0.0,0.0,0.0,0.0,0.0,0.0,0.0,0.0,0.0,0.0,0.0,0.0,0.0,0.0,0.0,0.0,0.0,0.0,0.0,SAU,14922189.0,436367196160.0,7.596,0.509,219.013,-8.228,-3.621,220.294,-8.395,-3.671,14.763,0.505,0.176,14.677,0.502,0.175,0.075,0.005,227.43,15.241,0.521,109.456,5263.672,5432.824,0.382,926.527,1108.438,135.116,3118.87,402.403,61183.16,2.87,6.745,0.452,89.682,6.01,19.762,19.956,1.281,0.086,74.38,4.985,6.985,0.468,114.916,7.701,0.076,24.39,1252.577,1.151,0.901,0.724,0.001,0.642,0.528,0.321,0.0,8.733,0.985,0.019,0.903,5.859999999999999,2.004,2.007,0.021,1.163,8.248,0.439,0.002,0.002,0.005,0.0,297.786,294.89,8.416,3.843,8.394085351575732e-05,1.4677002147606181e-05,2.870465541458175e-09,5.019006972276988e-10,1190.249,1168.553,1130.006,227.241,269.594,274.692,2.9416489752118093e-09,3.0616421319162933e-09,3.189438656473433e-09,5.616163128690777e-10,7.06343956082301e-10,7.753173730263381e-10
Saudi Arabia,1999,SAU,15472018.0,440370724864.0,10.568,0.0,0.0,0.0,0.0,0.0,0.0,0.0,692.335,57.143,0.0,0.0,0.0,0.0,0.0,0.859,0.0,0.0,0.0,0.0,0.0,138.69,8572.922,130.999,10.271,1.825,22.853,82434.641,2.896,1.825,22.853,8466.857,130.999,82434.648,1275.43,100.0,100.0,-1.324,-5.89,438.9,3548.447,54.902,28367.34,-1.324,-5.89,28367.34,438.9,41.91,34.412,96.02,2.3105,0.0,0.0,0.0,0.0,0.0,0.0,0.0,0.0,0.0,0.0,0.0,0.0,0.0,0.0,0.0,0.0,0.0,1.993,0.0,0.0,0.0,0.0,0.0,0.0,0.0,3.558,28.743,836.53,4918.411,76.098,54067.305,-8.257,-427.621,307080.625,4751.157,58.09,65.588,0.0,0.0,8.82,5.83,0.0,0.0,7.895,0.0,0.0,0.233,0.0,8466.857,1275.43,0.0,0.0,0.0,0.0,0.0,0.0,0.0,0.0,0.0,0.0,0.0,0.0,0.0,0.0,0.0,0.0,0.0,0.0,0.0,0.0,0.0,0.0,0.0,0.0,SAU,15472075.0,440370724864.0,7.842,0.507,237.822,18.808,8.588,239.012,18.718,8.497,15.448,0.543,0.187,15.371,0.54,0.186,0.059,0.004,193.44,12.503,0.439,117.298,5501.494,5671.836,0.441,932.621,1197.121,136.307,3254.013,402.403,60706.832,2.896,6.094,0.394,88.683,5.732,20.033,20.175,1.19,0.077,70.372,4.548,7.081,0.458,135.143,8.735,0.076,24.39,1275.43,1.132,0.957,0.775,0.001,0.661,0.538,0.329,0.0,8.525,1.022,0.019,0.915,5.859999999999999,1.847,1.922,0.02,1.333,8.248,0.445,0.003,0.002,0.005,0.0,312.154,309.947,-44.382,-18.662,8.24346248821529e-05,1.537104751625006e-05,2.8962642791341137e-09,5.400495232135304e-10,1252.577,1190.249,1168.553,219.013,227.241,269.594,2.870465541458175e-09,2.9416489752118093e-09,3.0616421319162933e-09,5.019006972276988e-10,5.616163128690777e-10,7.06343956082301e-10
Saudi Arabia,2000,SAU,16177682.0,488272429056.0,10.568,0.0,0.0,0.0,0.0,0.0,0.0,0.0,692.335,57.143,0.0,0.0,0.0,0.0,0.0,0.859,0.0,0.0,0.0,0.0,0.0,138.69,8572.922,138.69,10.39,4.661,59.449,82513.656,2.734,4.661,59.449,8572.922,138.69,82513.656,1334.88,100.0,100.0,7.814,34.295,473.195,3946.177,63.84,29249.865,7.814,34.295,29249.865,473.195,46.031,35.449,96.02,2.3105,0.0,0.0,0.0,0.0,0.0,0.0,0.0,0.0,0.0,0.0,0.0,0.0,0.0,0.0,0.0,0.0,0.0,1.993,0.0,0.0,0.0,0.0,0.0,0.0,0.0,3.007,25.154,861.685,4626.744,74.85,53263.789,7.341,348.789,315245.781,5099.946,53.969,64.551,0.0,0.0,8.82,5.83,0.0,0.0,7.895,0.0,0.0,0.233,0.0,8572.922,1334.88,0.0,0.0,0.0,0.0,0.0,0.0,0.0,0.0,0.0,0.0,0.0,0.0,0.0,0.0,0.0,0.0,0.0,0.0,0.0,0.0,0.0,0.0,0.0,0.0,SAU,16177733.0,488272429056.0,8.696,0.538,309.76,71.938,30.249,311.011,71.999,30.124,19.225,0.637,0.233,19.147,0.634,0.232,0.001,0.0,210.445,13.008,0.431,125.994,5811.254,5982.848,0.443,939.699,1292.734,137.558,3452.384,402.403,61950.852,2.734,7.078,0.438,95.613,5.91,23.951,24.095,1.251,0.077,76.485,4.728,6.815,0.421,198.371,12.262,0.076,24.39,1334.88,1.201,1.214,1.01,0.0,0.682,0.555,0.341,0.0,8.325,1.061,0.019,0.944,5.859999999999999,2.039,2.013,0.024,1.931,8.248,0.453,0.003,0.003,0.005,0.0,389.805,387.48,-99.315,-32.062,8.251367532134193e-05,1.9147305744258532e-05,2.733883628409628e-09,6.343999406210044e-10,1275.43,1252.577,1190.249,237.822,219.013,227.241,2.8962642791341137e-09,2.870465541458175e-09,2.9416489752118093e-09,5.400495232135304e-10,5.019006972276988e-10,5.616163128690777e-10
Saudi Arabia,2001,SAU,17041344.0,506978107392.0,10.568,0.0,0.0,0.0,0.0,0.0,0.0,0.0,697.173,57.143,0.092,5.385,0.092,0.0,0.0,0.859,0.0,0.0,0.0,0.0,0.006,146.09,8572.681,146.09,10.271,6.551,87.453,83463.625,2.806,6.551,87.453,8572.681,146.09,83463.633,1422.332,100.0,100.0,7.79,36.86,510.055,4497.885,76.65,29930.443,7.79,36.86,29930.443,510.055,52.468,35.86,101.85,2.3105,0.0,0.0,0.0,0.0,0.0,0.0,0.0,0.0,0.0,0.0,0.0,0.0,0.0,0.0,0.0,0.0,0.0,1.993,0.0,0.0,0.0,0.0,0.0,0.0,0.0,5.861,50.501,912.186,4074.796,69.44,53527.801,-2.467,-125.832,291885.094,4974.114,47.532,64.133,0.0,0.0,8.82,5.83,0.0,0.0,7.895,0.0,0.0,0.233,0.0,8572.681,1422.332,0.0,0.0,0.0,0.0,0.0,0.0,0.0,0.0,0.0,0.0,0.0,0.0,0.0,0.0,0.0,0.0,0.0,0.0,0.0,0.0,0.0,0.0,0.0,0.0,SAU,17041405.0,506978107392.0,9.887,0.58,324.516,14.756,4.764,325.675,14.663,4.715,19.111,0.642,0.229,19.043,0.64,0.228,0.005,0.0,233.554,13.705,0.461,135.881,6135.77,6308.522,0.448,946.257,1395.795,138.717,3657.389,402.403,64399.926,2.806,6.558,0.385,103.061,6.048,23.6,23.74,1.159,0.068,76.448,4.486,6.926,0.406,205.004,12.03,0.076,24.39,1422.332,1.306,1.262,1.069,0.0,0.707,0.572,0.354,0.0,8.141,1.102,0.019,0.973,5.859999999999999,1.954,2.15,0.024,1.981,8.248,0.461,0.003,0.003,0.005,0.0,404.559,402.171,-90.962,-28.03,8.346360474854077e-05,1.9042796060534974e-05,2.805509703992485e-09,6.400986458160438e-10,1334.88,1275.43,1252.577,309.76,237.822,219.013,2.733883628409628e-09,2.8962642791341137e-09,2.870465541458175e-09,6.343999406210044e-10,5.400495232135304e-10,5.019006972276988e-10
Saudi Arabia,2002,SAU,17910859.0,518347030528.0,10.568,0.0,0.0,0.0,0.0,0.0,0.0,0.0,699.697,57.143,0.052,8.051,0.144,0.0,0.0,0.859,0.0,0.0,0.0,0.0,0.01,154.91,8648.943,154.91,10.457,4.152,59.05,82708.633,2.858,4.152,59.05,8648.943,154.91,82708.633,1481.383,100.0,100.0,5.606,28.595,538.65,4830.031,86.51,30073.932,5.606,28.595,30073.932,538.65,55.845,36.361,108.39,2.3105,0.0,0.0,0.0,0.0,0.0,0.0,0.0,0.0,0.0,0.0,0.0,0.0,0.0,0.0,0.0,0.0,0.0,1.993,0.0,0.0,0.0,0.0,0.0,0.0,0.0,3.333,30.403,942.589,3818.912,68.4,52626.648,-8.802,-437.797,253271.906,4536.317,44.155,63.629,0.0,0.0,8.82,5.83,0.0,0.0,7.895,0.0,0.0,0.233,0.0,8648.943,1481.383,0.0,0.0,0.0,0.0,0.0,0.0,0.0,0.0,0.0,0.0,0.0,0.0,0.0,0.0,0.0,0.0,0.0,0.0,0.0,0.0,0.0,0.0,0.0,0.0,SAU,17910909.0,518347030528.0,11.162,0.623,347.097,22.581,6.958,349.326,23.651,7.262,19.504,0.674,0.236,19.379,0.67,0.234,0.028,0.002,242.639,13.547,0.468,147.043,6482.867,6657.848,0.476,952.675,1505.824,140.946,3876.849,402.403,65480.074,2.858,6.417,0.358,110.029,6.143,23.74,23.904,2.229,0.124,76.816,4.289,7.084,0.396,219.46,12.253,0.076,24.39,1481.383,1.421,1.321,1.112,0.0,0.735,0.59,0.367,0.0,7.974,1.144,0.02,1.003,5.859999999999999,1.977,2.228,0.043,2.124,8.248,0.473,0.003,0.003,0.006,0.0,428.147,425.202,-104.457,-30.095,8.270865177376012e-05,1.9379083440152627e-05,2.8578981121798458e-09,6.696228193811376e-10,1422.332,1334.88,1275.43,324.516,309.76,237.822,2.805509703992485e-09,2.733883628409628e-09,2.8962642791341137e-09,6.400986458160438e-10,6.343999406210044e-10,5.400495232135304e-10
Saudi Arabia,2003,SAU,18786715.0,607244582912.0,10.568,0.0,0.0,0.0,0.0,0.0,0.0,0.0,698.883,27.273,0.039,9.769,0.184,0.0,0.0,0.859,0.0,0.0,0.0,0.0,0.012,166.58,8866.904,166.58,10.616,5.927,87.808,83526.633,2.584,5.927,87.808,8866.904,166.58,83526.633,1569.191,100.0,100.0,5.926,31.92,570.57,4863.011,91.36,30370.93,5.926,31.92,30370.93,570.57,54.845,36.361,116.42,2.3105,0.0,0.0,0.0,0.0,0.0,0.0,0.0,0.0,0.0,0.0,0.0,0.0,0.0,0.0,0.0,0.0,0.0,1.993,0.0,0.0,0.0,0.0,0.0,0.0,0.0,5.925,55.849,998.438,4003.893,75.22,53145.934,18.061,819.295,285074.438,5355.612,45.155,63.628,0.0,0.0,8.82,5.83,0.0,0.0,7.895,0.0,0.0,0.233,0.0,8866.904,1569.191,0.0,0.0,0.0,0.0,0.0,0.0,0.0,0.0,0.0,0.0,0.0,0.0,0.0,0.0,0.0,0.0,0.0,0.0,0.0,0.0,0.0,0.0,0.0,0.0,SAU,18786770.0,607244582912.0,11.545,0.615,351.405,4.308,1.241,352.011,2.685,0.769,18.737,0.58,0.224,18.705,0.579,0.224,0.029,0.002,318.304,16.943,0.524,158.588,6834.271,7009.858,0.505,960.379,1621.112,141.551,4093.688,402.403,67781.141,2.584,7.704,0.41,115.288,6.137,23.346,23.482,0.606,0.032,85.852,4.57,7.234,0.385,216.839,11.542,0.076,24.39,1569.191,1.337,1.27,1.043,0.0,0.76,0.606,0.379,0.0,7.813,1.186,0.019,1.031,5.859999999999999,2.236,2.252,0.01,2.045,8.248,0.486,0.003,0.003,0.006,0.0,441.142,438.589,-33.101,-9.42,8.352663038747948e-05,1.8704918408006342e-05,2.5841169178900727e-09,5.786877477191501e-10,1481.383,1422.332,1334.88,347.097,324.516,309.76,2.8578981121798458e-09,2.805509703992485e-09,2.733883628409628e-09,6.696228193811376e-10,6.400986458160438e-10,6.343999406210044e-10
Saudi Arabia,2004,SAU,19669438.0,690846629888.0,10.568,0.0,0.0,0.0,0.0,0.0,0.0,0.0,700.479,-10.714,-0.02,8.331,0.164,0.0,0.0,0.859,0.0,0.0,0.0,0.0,0.01,173.41,8816.216,173.41,10.186,8.492,133.257,86552.945,2.464,8.492,133.257,8816.216,173.41,86552.938,1702.448,100.0,100.0,9.357,53.39,623.96,5019.971,98.74,31722.311,9.357,53.39,31722.311,623.96,56.94,36.651,121.47,2.3105,0.0,0.0,0.0,0.0,0.0,0.0,0.0,0.0,0.0,0.0,0.0,0.0,0.0,0.0,0.0,0.0,0.0,1.993,0.0,0.0,0.0,0.0,0.0,0.0,0.0,8.001,79.886,1078.324,3796.245,74.67,54822.293,7.011,375.504,291371.656,5731.117,43.06,63.34,0.0,0.0,8.82,5.83,0.0,0.0,7.895,0.0,0.0,0.233,0.0,8816.216,1702.448,0.0,0.0,0.0,0.0,0.0,0.0,0.0,0.0,0.0,0.0,0.0,0.0,0.0,0.0,0.0,0.0,0.0,0.0,0.0,0.0,0.0,0.0,0.0,0.0,SAU,19669486.0,690846629888.0,11.722,0.596,407.882,56.477,16.072,408.565,56.554,16.066,20.772,0.591,0.24,20.737,0.59,0.24,0.036,0.002,357.597,18.18,0.518,170.31,7242.154,7418.423,0.541,967.232,1747.186,142.234,4356.884,402.403,71949.188,2.464,6.853,0.348,126.075,6.41,25.259,25.437,0.682,0.035,87.65,4.456,7.516,0.382,263.196,13.381,0.076,24.39,1702.448,1.299,1.425,1.2,0.0,0.782,0.627,0.394,0.0,7.655,1.23,0.019,1.068,5.859999999999999,2.001,2.386,0.013,2.393,8.248,0.501,0.003,0.003,0.006,0.0,500.331,496.824,-50.285,-12.328,8.655295591058137e-05,2.07367899700063e-05,2.464292255831082e-09,5.904089017067737e-10,1569.191,1481.383,1422.332,351.405,347.097,324.516,2.5841169178900727e-09,2.8578981121798458e-09,2.805509703992485e-09,5.786877477191501e-10,6.696228193811376e-10,6.400986458160438e-10
Saudi Arabia,2005,SAU,20559827.0,768984285184.0,10.568,0.0,0.0,0.0,0.0,0.0,0.0,0.0,700.131,98.528,0.161,15.823,0.325,0.0,0.0,0.859,0.0,0.0,0.0,0.0,0.018,191.05,9292.394,191.05,10.549,6.382,108.658,88089.555,2.355,6.382,108.658,9292.394,191.05,88089.555,1811.106,100.0,100.0,8.465,52.82,676.78,5249.558,107.93,32917.594,8.465,52.82,32917.594,676.78,56.493,37.368,133.76,2.3105,0.0,0.0,0.0,0.0,0.0,0.0,0.0,0.0,0.0,0.0,0.0,0.0,0.0,0.0,0.0,0.0,0.0,1.993,0.0,0.0,0.0,0.0,0.0,0.0,0.0,5.163,55.677,1134.001,4042.836,83.12,55156.137,4.838,277.269,292239.125,6008.386,43.507,62.614,0.0,0.0,8.82,5.83,0.0,0.0,7.895,0.0,0.0,0.233,0.0,9292.394,1811.106,0.0,0.0,0.0,0.0,0.0,0.0,0.0,0.0,0.0,0.0,0.0,0.0,0.0,0.0,0.0,0.0,0.0,0.0,0.0,0.0,0.0,0.0,0.0,0.0,SAU,20559884.0,768984285184.0,11.527,0.561,412.411,4.529,1.11,412.37,3.805,0.931,20.057,0.536,0.228,20.059,0.536,0.228,0.07,0.003,357.254,17.376,0.465,181.837,7654.566,7830.793,0.611,974.61,1883.934,142.192,4613.573,402.403,74232.789,2.355,7.378,0.359,136.748,6.651,24.698,24.853,-0.042,-0.002,93.991,4.572,7.46,0.363,256.689,12.485,0.076,24.39,1811.106,1.19,1.393,1.195,0.001,0.8,0.646,0.408,0.0,7.507,1.278,0.019,1.101,5.859999999999999,2.121,2.531,-0.001,2.311,8.248,0.518,0.003,0.003,0.006,0.0,510.968,507.778,-55.157,-13.374,8.808955445004046e-05,2.0059013951634162e-05,2.3551924725830316e-09,5.363061481826246e-10,1702.448,1569.191,1481.383,407.882,351.405,347.097,2.464292255831082e-09,2.5841169178900727e-09,2.8578981121798458e-09,5.904089017067737e-10,5.786877477191501e-10,6.696228193811376e-10
Saudi Arabia,2006,SAU,21459088.0,833723432960.0,10.568,0.0,0.0,0.0,0.0,0.0,0.0,0.0,697.774,-29.136,-0.095,10.743,0.231,0.0,0.0,0.859,0.0,0.0,0.0,0.0,0.012,196.31,9148.105,196.31,10.331,4.918,89.064,88548.492,2.279,4.918,89.064,9148.105,196.31,88548.5,1900.17,100.0,100.0,3.118,21.099,697.88,4872.062,104.55,32521.396,3.118,21.099,32521.396,697.88,53.258,36.727,136.98,2.3105,0.0,0.0,0.0,0.0,0.0,0.0,0.0,0.0,0.0,0.0,0.0,0.0,0.0,0.0,0.0,0.0,0.0,1.993,0.0,0.0,0.0,0.0,0.0,0.0,0.0,6.002,68.059,1202.06,4276.044,91.76,56016.355,-1.488,-89.407,275826.188,5918.979,46.742,63.261,0.0,0.0,8.82,5.83,0.0,0.0,7.895,0.0,0.0,0.233,0.0,9148.105,1900.17,0.0,0.0,0.0,0.0,0.0,0.0,0.0,0.0,0.0,0.0,0.0,0.0,0.0,0.0,0.0,0.0,0.0,0.0,0.0,0.0,0.0,0.0,0.0,0.0,SAU,21459139.0,833723432960.0,12.391,0.577,445.168,32.756,7.943,445.616,33.246,8.062,20.766,0.534,0.235,20.745,0.534,0.234,0.038,0.002,399.292,18.607,0.479,194.228,8099.733,8276.409,0.649,982.571,2024.947,142.64,4897.339,402.403,74860.328,2.279,7.961,0.371,141.013,6.571,25.349,25.518,0.448,0.021,97.136,4.527,7.621,0.355,283.766,13.224,0.076,24.39,1900.17,1.174,1.453,1.239,0.0,0.816,0.666,0.424,0.0,7.371,1.324,0.019,1.138,5.859999999999999,2.291,2.538,0.008,2.529,8.248,0.534,0.003,0.004,0.007,0.0,547.592,543.964,-45.876,-10.305,8.85484974943908e-05,2.0744914322982824e-05,2.2791370913658432e-09,5.33951646794313e-10,1811.106,1702.448,1569.191,412.411,407.882,351.405,2.3551924725830316e-09,2.464292255831082e-09,2.5841169178900727e-09,5.363061481826246e-10,5.904089017067737e-10,5.786877477191501e-10
Saudi Arabia,2007,SAU,22368262.0,896025231360.0,10.568,0.0,0.0,0.0,0.0,0.0,0.0,0.0,695.495,179.861,0.415,28.843,0.645,0.0,0.0,0.859,0.0,0.0,0.0,0.0,0.033,204.43,9139.288,204.43,10.516,2.31,43.887,86911.406,2.17,2.31,43.887,9139.288,204.43,86911.406,1944.057,100.0,100.0,1.305,9.111,706.99,4591.774,102.71,31606.838,1.305,9.111,31606.838,706.99,50.242,36.367,142.18,2.3105,0.0,0.0,0.0,0.0,0.0,0.0,0.0,0.0,0.0,0.0,0.0,0.0,0.0,0.0,0.0,0.0,0.0,1.993,0.0,0.0,0.0,0.0,0.0,0.0,0.0,2.859,34.362,1236.422,4547.515,101.72,55275.723,-3.93,-232.608,254216.0,5686.37,49.758,63.6,0.0,0.0,8.82,5.83,0.0,0.0,7.895,0.0,0.0,0.233,0.0,9139.288,1944.057,0.0,0.0,0.0,0.0,0.0,0.0,0.0,0.0,0.0,0.0,0.0,0.0,0.0,0.0,0.0,0.0,0.0,0.0,0.0,0.0,0.0,0.0,0.0,0.0,SAU,22368313.0,896025231360.0,14.179,0.634,423.532,-21.636,-4.86,422.811,-22.805,-5.118,18.902,0.472,0.217,18.934,0.473,0.218,0.055,0.002,392.95,17.567,0.439,208.407,8523.265,8699.22,0.704,990.551,2167.799,141.919,5155.805,402.403,73638.344,2.17,7.98,0.357,142.852,6.386,23.387,23.532,-0.721,-0.032,97.712,4.368,8.034,0.359,258.466,11.555,0.076,24.39,1944.057,1.25,1.343,1.17,0.0,0.836,0.683,0.437,0.0,7.245,1.366,0.019,1.168,5.859999999999999,2.325,2.48,-0.016,2.297,8.248,0.549,0.003,0.004,0.007,0.0,526.379,523.131,-30.582,-7.221,8.691140152059705e-05,1.8934463229300352e-05,2.1696453760004977e-09,4.726786536548274e-10,1900.17,1811.106,1702.448,445.168,412.411,407.882,2.2791370913658432e-09,2.3551924725830316e-09,2.464292255831082e-09,5.33951646794313e-10,5.363061481826246e-10,5.904089017067737e-10
Saudi Arabia,2008,SAU,23287838.0,1005243531264.0,10.568,0.0,0.0,0.0,0.0,0.0,0.0,0.0,694.809,15.692,0.101,32.052,0.746,0.0,0.0,0.859,0.0,0.0,0.0,0.0,0.035,204.2,8768.525,204.2,9.594,9.486,184.407,91398.086,2.117,9.486,184.405,8768.525,204.2,91398.016,2128.462,100.0,100.0,8.089,57.19,764.18,4324.575,100.71,32814.555,8.089,57.19,32814.555,764.18,49.319,35.903,141.88,2.3105,0.0,0.0,0.0,0.0,0.0,0.0,0.0,0.0,0.002,0.002,0.0,0.0,0.069,0.0,0.0,0.0,0.0,1.993,0.0,0.0,0.0,0.0,0.0,0.0,0.0,10.281,127.114,1363.536,4443.95,103.49,58551.41,4.302,244.629,254682.266,5931.0,50.681,64.062,0.0,0.0,8.82,5.83,0.0,0.0,7.895,0.0,0.0,0.233,0.0,8768.525,2128.464,0.0,0.002,0.002,0.0,0.0,0.069,0.0,0.0,0.0,0.002,0.002,0.0,0.0,0.069,0.0,0.0,0.0,0.0,0.0,0.0,0.0,0.0,0.0,0.0,SAU,23287883.0,1005243531264.0,18.37,0.789,469.713,46.181,10.904,467.767,44.957,10.633,20.086,0.465,0.22,20.17,0.467,0.221,0.108,0.005,437.883,18.803,0.436,226.777,8992.978,9166.987,0.812,998.558,2322.208,139.974,5444.622,402.403,77575.414,2.117,8.007,0.344,154.41,6.63,24.665,24.75,-1.945,-0.084,102.292,4.392,7.741,0.332,288.817,12.402,0.076,24.39,2128.464,1.599,1.464,1.266,0.001,0.87,0.703,0.452,0.0,7.129,1.41,0.019,1.202,5.859999999999999,2.392,2.605,-0.04,2.578,8.248,0.565,0.003,0.004,0.007,0.0,576.37,574.397,-31.829,-6.776,9.139809371741201e-05,2.0169845408446095e-05,2.1173615485231276e-09,4.672628924151143e-10,1944.057,1900.17,1811.106,423.532,445.168,412.411,2.1696453760004977e-09,2.2791370913658432e-09,2.3551924725830316e-09,4.726786536548274e-10,5.33951646794313e-10,5.363061481826246e-10
Saudi Arabia,2009,SAU,24217606.0,1040467034112.0,10.568,0.0,0.0,0.0,0.0,0.0,0.0,0.0,690.304,-63.362,-0.473,11.292,0.273,0.0,0.0,0.859,0.0,0.0,0.0,0.0,0.012,217.31,8973.224,217.31,9.855,3.602,76.674,91055.172,2.119,3.602,76.674,8973.224,217.31,91055.102,2205.137,100.0,100.0,-2.474,-18.905,745.275,3885.19,94.09,30774.1,-2.474,-18.905,30774.1,745.275,43.298,33.797,150.01,2.3105,0.0,0.0,0.0,0.0,0.0,0.0,0.0,0.0,-0.0,0.002,0.0,0.0,0.066,0.0,0.0,0.0,0.0,1.993,0.0,0.0,0.0,0.0,0.0,0.0,0.0,7.044,96.052,1459.588,5088.034,123.22,60269.711,-9.994,-592.745,220428.656,5338.254,56.702,66.19,0.0,0.0,8.82,5.83,0.0,0.0,7.895,0.0,0.0,0.233,0.0,8973.224,2205.138,0.0,-0.0,0.002,0.0,0.0,0.066,0.0,0.0,0.0,-0.0,0.002,0.0,0.0,0.066,0.0,0.0,0.0,0.0,0.0,0.0,0.0,0.0,0.0,0.0,SAU,24217654.0,1040467034112.0,20.185,0.833,504.28,34.567,7.359,502.476,34.708,7.42,20.748,0.483,0.228,20.823,0.485,0.229,0.067,0.003,500.337,20.66,0.481,246.962,9497.258,9669.463,0.88,1005.929,2472.799,138.17,5770.688,402.403,77417.273,2.119,7.371,0.304,150.59,6.218,24.991,25.074,-1.804,-0.074,97.95,4.045,7.818,0.323,326.067,13.464,0.076,24.39,2205.138,1.708,1.599,1.365,0.001,0.906,0.724,0.469,0.0,7.016,1.451,0.018,1.244,5.859999999999999,2.231,2.604,-0.034,2.976,8.248,0.581,0.003,0.004,0.008,0.0,607.23,605.225,-3.942,-0.782,9.105516044814293e-05,2.0822826191173562e-05,2.1193732503807807e-09,4.846669653790466e-10,2128.464,1944.057,1900.17,469.713,423.532,445.168,2.1173615485231276e-09,2.1696453760004977e-09,2.2791370913658432e-09,4.672628924151143e-10,4.726786536548274e-10,5.33951646794313e-10
Saudi Arabia,2010,SAU,25157085.0,1156842127360.0,10.568,0.0,0.0,0.0,0.0,0.0,0.0,0.0,691.402,187.424,0.513,31.245,0.786,0.0,0.0,0.859,0.0,0.0,0.0,0.0,0.032,248.77,9888.666,248.77,10.149,11.154,245.969,97432.062,2.119,11.154,245.959,9888.666,248.77,97431.609,2451.095,100.0,100.0,11.74,87.495,832.77,4427.381,111.38,33102.801,11.74,87.495,33102.801,832.77,44.772,33.975,172.0,2.3105,0.0,0.0,0.0,0.0,0.0,0.0,0.0,571.429,0.009,0.011,0.0,0.0,0.423,0.0,0.0,0.0,0.0,1.993,0.0,0.0,0.0,0.0,0.0,0.0,0.0,10.822,157.951,1617.539,5461.285,137.39,64297.566,0.935,49.932,214181.672,5388.187,55.228,65.992,0.0,0.0,8.82,5.83,0.0,0.0,7.895,0.0,0.0,0.233,0.0,9888.666,2451.107,571.429,0.009,0.011,0.0,0.0,0.423,0.0,0.0,571.429,0.009,0.011,0.0,0.0,0.423,0.0,0.0,0.0,0.0,0.0,0.0,0.0,0.0,0.0,0.0,SAU,25157135.0,1156842127360.0,20.991,0.834,555.962,51.682,10.249,554.403,51.928,10.334,22.038,0.479,0.226,22.1,0.481,0.227,0.17,0.007,544.607,21.648,0.471,267.953,10053.22,10223.866,1.05,1012.817,2641.067,136.611,6130.333,402.403,83337.156,2.119,6.888,0.274,168.268,6.689,26.284,26.395,-1.559,-0.062,102.091,4.058,8.46,0.336,359.645,14.296,0.076,24.39,2451.107,1.662,1.667,1.427,0.001,0.939,0.748,0.486,0.0,6.9,1.495,0.018,1.29,5.859999999999999,2.019,2.702,-0.028,3.176,8.248,0.597,0.003,0.005,0.008,0.0,664.02,661.234,-11.355,-2.042,9.743207529806822e-05,2.2099575329224806e-05,2.1187912698110405e-09,4.805858870896643e-10,2205.138,2128.464,1944.057,504.28,469.713,423.532,2.1193732503807807e-09,2.1173615485231276e-09,2.1696453760004977e-09,4.846669653790466e-10,4.672628924151143e-10,4.726786536548274e-10
Saudi Arabia,2011,SAU,26105592.0,1347950215168.0,10.568,0.0,0.0,0.0,0.0,0.0,0.0,0.0,691.26,-2.591,-0.02,29.329,0.766,0.0,0.0,0.859,0.0,0.0,0.0,0.0,0.03,259.08,9924.31,259.15,10.134,4.332,106.184,97959.508,1.897,4.332,106.181,9926.609,259.14,97958.945,2557.276,99.996,99.999,5.248,43.7,876.47,4428.17,115.6,33574.035,5.248,43.7,33574.035,876.47,44.607,34.273,179.14,2.3105,0.0,0.0,0.0,0.0,0.0,0.0,0.0,31.866,0.003,0.014,0.383,0.01,0.535,0.004,0.001,-0.07,-0.027,1.993,0.0,0.0,0.0,0.0,0.0,0.0,0.0,3.864,62.501,1680.041,5498.438,143.54,64355.582,12.821,690.82,232862.25,6079.007,55.389,65.696,0.0,0.0,8.82,5.83,0.0,0.0,7.895,0.0,0.0,0.233,0.0,9926.991,2557.291,31.866,0.003,0.014,0.383,0.01,0.535,0.004,0.001,31.866,0.003,0.014,0.383,0.01,0.535,0.004,0.001,0.0,0.0,0.0,0.0,0.0,0.0,0.0,0.0,SAU,26105636.0,1347950215168.0,22.332,0.855,540.579,-15.383,-2.767,538.939,-15.465,-2.789,20.645,0.4,0.211,20.707,0.401,0.211,0.17,0.007,529.194,20.271,0.393,290.285,10593.798,10762.806,1.22,1018.084,2818.166,134.971,6466.044,402.403,84816.25,1.897,5.267,0.202,177.099,6.784,25.017,25.151,-1.64,-0.063,109.21,4.183,9.213,0.353,335.71,12.86,0.076,24.39,2557.291,1.643,1.567,1.355,0.001,0.971,0.768,0.503,0.0,6.77,1.539,0.018,1.329,5.859999999999999,1.466,2.762,-0.031,2.955,8.248,0.612,0.004,0.005,0.008,0.0,656.582,653.074,-11.385,-2.106,9.795950997778186e-05,2.070736755848351e-05,1.8971702153564145e-09,4.0103780830854025e-10,2451.107,2205.138,2128.464,555.962,504.28,469.713,2.1187912698110405e-09,2.1193732503807807e-09,2.1173615485231276e-09,4.805858870896643e-10,4.846669653790466e-10,4.672628924151143e-10
Saudi Arabia,2012,SAU,27062388.0,1421109100544.0,10.568,0.0,0.0,0.0,0.0,0.0,0.0,0.0,692.753,17.253,0.132,33.174,0.898,0.0,0.0,0.859,0.0,0.0,0.0,0.0,0.033,281.58,10404.847,281.63,10.376,6.136,156.92,100294.578,1.91,6.134,156.864,10405.586,281.6,100291.969,2714.14,99.989,99.998,7.663,67.165,943.635,4858.773,131.49,34868.871,7.663,67.165,34868.871,943.635,46.689,34.767,195.1,2.3105,0.0,0.0,0.0,0.0,0.0,0.0,0.0,375.464,0.052,0.066,1.109,0.03,2.442,0.011,0.002,-0.05,-0.018,1.993,0.0,0.0,0.0,0.0,0.0,0.0,0.0,5.331,89.567,1769.607,5546.813,150.11,65389.922,5.075,308.486,236028.422,6387.493,53.3,65.198,0.0,0.0,8.82,5.83,0.0,0.0,7.895,0.0,0.0,0.233,0.0,10406.694,2714.211,375.464,0.052,0.066,1.109,0.03,2.442,0.011,0.002,375.464,0.052,0.066,1.109,0.03,2.442,0.011,0.002,0.0,0.0,0.0,0.0,0.0,0.0,0.0,0.0,SAU,27062447.0,1421109100544.0,25.374,0.938,606.102,65.523,12.121,604.348,65.409,12.137,22.332,0.425,0.223,22.396,0.426,0.223,0.193,0.007,579.372,21.409,0.408,315.659,11199.9,11367.152,1.412,1021.73,3008.837,133.217,6852.262,402.403,88062.086,1.91,3.646,0.135,190.671,7.046,26.783,26.921,-1.754,-0.065,115.095,4.253,9.754,0.36,386.219,14.271,0.076,24.39,2714.21,1.819,1.732,1.487,0.001,1.009,0.792,0.521,0.0,6.628,1.587,0.017,1.376,5.859999999999999,0.967,2.911,-0.031,3.36,8.248,0.628,0.004,0.005,0.009,0.0,728.561,724.811,-26.73,-4.41,0.0001002945859766662,2.239642261470212e-05,1.9099244378640603e-09,4.264992742414952e-10,2557.291,2451.107,2205.138,540.579,555.962,504.28,1.8971702153564145e-09,2.1187912698110405e-09,2.1193732503807807e-09,4.0103780830854025e-10,4.805858870896643e-10,4.846669653790466e-10
Saudi Arabia,2013,SAU,28026782.0,1461615722496.0,10.568,0.0,0.0,0.0,0.0,0.0,0.0,0.0,693.065,27.984,0.251,40.997,1.149,0.0,0.0,0.859,0.0,0.0,0.0,0.0,0.042,294.67,10513.872,294.72,10.791,0.627,17.01,97450.375,1.869,0.625,16.964,10514.229,294.68,97446.242,2731.104,99.986,99.996,0.705,6.65,950.285,4952.406,138.8,33906.316,0.705,6.65,33906.316,950.285,47.096,34.794,204.26,2.3105,0.0,0.0,0.0,0.0,0.0,0.0,0.0,65.679,0.043,0.109,1.427,0.04,3.876,0.014,0.004,-0.05,-0.017,1.993,0.0,0.0,0.0,0.0,0.0,0.0,0.0,0.569,10.063,1779.671,5561.823,155.88,63498.926,-1.969,-125.749,223420.016,6261.744,52.891,65.16,0.0,0.0,8.82,5.83,0.0,0.0,7.895,0.0,0.0,0.233,0.0,10515.656,2731.22,65.679,0.043,0.109,1.427,0.04,3.876,0.014,0.004,65.679,0.043,0.109,1.427,0.04,3.876,0.014,0.004,0.0,0.0,0.0,0.0,0.0,0.0,0.0,0.0,SAU,28026826.0,1461615722496.0,28.223,1.007,583.611,-22.491,-3.711,589.589,-14.759,-2.442,21.037,0.403,0.216,20.823,0.399,0.214,0.239,0.009,568.656,20.29,0.389,343.881,11783.512,11956.742,1.651,1025.489,3200.848,139.194,7211.644,402.403,86753.602,1.869,3.758,0.134,192.011,6.851,25.068,25.347,5.978,0.213,115.276,4.113,9.94,0.355,359.381,12.823,0.076,24.39,2731.22,1.94,1.653,1.459,0.002,1.051,0.813,0.538,0.0,6.49,1.631,0.018,1.415,5.859999999999999,0.975,2.915,0.117,3.104,8.248,0.644,0.004,0.005,0.009,0.0,710.399,702.564,-14.955,-2.563,9.745036015907579e-05,2.082329979142052e-05,1.8686306927075863e-09,3.992916818131704e-10,2714.211,2557.291,2451.107,606.102,540.579,555.962,1.9099244378640603e-09,1.8971702153564145e-09,2.1187912698110405e-09,4.264992742414952e-10,4.0103780830854025e-10,4.805858870896643e-10
Saudi Arabia,2014,SAU,28998069.0,1520484220928.0,10.568,0.0,0.0,0.0,0.0,0.0,0.0,0.0,692.565,38.631,0.444,54.93,1.593,0.0,0.0,0.859,0.0,0.0,0.0,0.0,0.054,328.15,11316.271,328.2,11.195,7.341,200.497,101100.43,1.928,7.341,200.488,11316.271,328.15,101096.141,2931.593,99.985,99.996,2.349,22.325,972.61,5258.281,152.48,33540.508,2.349,22.325,33540.508,972.61,46.459,33.176,227.3,2.3105,0.0,0.0,0.0,0.0,0.0,0.0,0.0,8.019,0.008,0.117,1.724,0.05,4.026,0.015,0.004,-0.05,-0.015,1.993,0.0,0.0,0.0,0.0,0.0,0.0,0.0,9.986,177.719,1957.39,6057.99,175.67,67500.703,1.005,62.924,218106.516,6324.668,53.525,66.766,0.0,0.0,8.82,5.83,0.0,0.0,7.895,0.0,0.0,0.233,0.0,11317.995,2931.717,8.019,0.008,0.117,1.724,0.05,4.026,0.015,0.004,8.019,0.008,0.117,1.724,0.05,4.026,0.015,0.004,0.0,0.0,0.0,0.0,0.0,0.0,0.0,0.0,SAU,28998127.0,1520484220928.0,29.854,1.03,585.568,1.956,0.335,589.441,-0.148,-0.025,20.327,0.388,0.201,20.193,0.385,0.2,0.257,0.009,587.2,20.25,0.386,373.735,12369.079,12546.184,1.908,1029.143,3397.37,143.067,7566.923,402.403,91258.062,1.928,3.655,0.126,196.522,6.777,24.408,24.639,3.873,0.134,117.972,4.068,10.243,0.353,355.28,12.252,0.076,24.39,2931.717,1.987,1.652,1.443,0.002,1.092,0.833,0.554,0.0,6.358,1.675,0.018,1.452,5.859999999999999,0.945,2.964,0.072,3.061,8.248,0.659,0.004,0.006,0.01,0.0,714.487,707.784,1.633,0.279,0.00010110042154875552,2.0193304208922868e-05,1.9281469413807396e-09,3.851194191562272e-10,2731.22,2714.211,2557.291,583.611,606.102,540.579,1.8686306927075863e-09,1.9099244378640603e-09,1.8971702153564145e-09,3.992916818131704e-10,4.264992742414952e-10,4.0103780830854025e-10
Saudi Arabia,2015,SAU,29974899.0,1591796957184.0,10.568,0.0,0.0,0.0,0.0,0.0,0.0,0.0,693.076,-34.934,-0.556,34.576,1.036,0.0,0.0,0.859,0.0,0.0,0.0,0.0,0.034,350.59,11696.119,350.64,11.472,4.261,124.908,101972.836,1.92,4.261,124.909,11696.119,350.59,101968.711,3056.502,99.986,99.996,2.022,19.665,992.275,5515.615,165.33,33103.531,2.022,19.665,33103.531,992.275,47.151,32.463,243.02,2.3105,0.0,0.0,0.0,0.0,0.0,0.0,0.0,0.0,-0.001,0.116,1.668,0.05,3.875,0.014,0.004,-0.05,-0.014,1.993,0.0,0.0,0.0,0.0,0.0,0.0,0.0,5.405,105.8,2063.19,6180.504,185.26,68830.602,4.452,281.569,220392.312,6606.237,52.835,67.499,0.0,0.0,8.82,5.83,0.0,0.0,7.895,0.0,0.0,0.233,0.0,11697.788,3056.625,0.0,-0.001,0.116,1.668,0.05,3.875,0.014,0.004,0.0,-0.001,0.116,1.668,0.05,3.875,0.014,0.004,0.0,0.0,0.0,0.0,0.0,0.0,0.0,0.0,SAU,29974944.0,1591796957184.0,29.67,0.99,624.999,39.432,6.734,626.597,37.156,6.304,20.904,0.394,0.205,20.851,0.393,0.204,0.26,0.009,652.951,21.783,0.41,403.405,12994.079,13172.78,2.168,1033.191,3597.868,144.665,7957.447,402.403,93332.539,1.92,4.048,0.135,200.498,6.689,25.056,25.267,1.598,0.053,121.713,4.061,10.569,0.353,390.524,13.028,0.076,24.39,3056.625,2.045,1.765,1.531,0.002,1.131,0.855,0.572,0.0,6.235,1.716,0.018,1.493,5.859999999999999,1.054,2.963,0.029,3.301,8.248,0.676,0.004,0.006,0.01,0.0,757.385,751.043,27.952,4.472,0.00010197282065904203,2.0850714516763707e-05,1.920235483680898e-09,3.926373883172053e-10,2931.717,2731.22,2714.211,585.568,583.611,606.102,1.9281469413807396e-09,1.8686306927075863e-09,1.9099244378640603e-09,3.851194191562272e-10,3.992916818131704e-10,4.264992742414952e-10
Saudi Arabia,2016,SAU,30717760.0,1629412655104.0,10.568,0.0,0.0,0.0,0.0,0.0,0.0,0.0,697.226,-17.475,-0.181,27.844,0.855,0.0,0.0,0.859,0.0,0.0,0.0,0.0,0.027,356.94,11619.988,357.66,11.248,4.031,123.219,103518.094,1.952,4.031,123.219,11641.799,357.61,103514.094,3179.721,99.986,99.996,6.137,60.895,1053.17,6138.468,188.56,34285.379,6.137,60.895,34285.379,1053.17,52.72,33.12,249.37,2.3105,0.0,0.0,0.0,0.0,0.0,0.0,0.0,0.0,-0.001,0.115,1.628,0.05,3.753,0.014,0.004,-0.72,-0.202,1.993,0.0,0.0,0.0,0.0,0.0,0.0,0.0,3.03,62.505,2125.696,5503.331,169.05,69200.875,3.288,217.226,222134.125,6823.463,47.266,66.849,0.0,0.0,8.82,5.83,0.0,0.0,7.895,0.0,0.0,0.233,0.0,11643.427,3179.844,0.0,-0.001,0.115,1.628,0.05,3.753,0.014,0.004,0.0,-0.001,0.115,1.628,0.05,3.753,0.014,0.004,0.0,0.0,0.0,0.0,0.0,0.0,0.0,0.0,SAU,30717804.0,1629412655104.0,28.879,0.94,641.662,16.662,2.666,642.94,16.343,2.608,20.931,0.395,0.202,20.889,0.394,0.202,0.37,0.012,648.7,21.118,0.398,432.284,13635.74,13815.72,2.538,1037.075,3810.669,145.943,8353.174,402.403,95158.547,1.952,3.884,0.126,212.801,6.928,25.111,25.32,1.278,0.042,125.302,4.079,10.705,0.348,395.727,12.883,0.076,24.39,3179.844,1.938,1.812,1.614,0.003,1.163,0.877,0.589,0.0,6.12,1.76,0.018,1.533,5.859999999999999,1.038,3.061,0.029,3.308,8.248,0.693,0.004,0.006,0.01,0.0,777.779,771.348,7.038,1.097,0.00010351809506942878,2.088892812780429e-05,1.9515277422446688e-09,3.9379956820026346e-10,3056.625,2931.717,2731.22,624.999,585.568,583.611,1.920235483680898e-09,1.9281469413807396e-09,1.8686306927075863e-09,3.926373883172053e-10,3.851194191562272e-10,3.992916818131704e-10
Saudi Arabia,2017,SAU,30782349.0,1628276523008.0,10.568,0.0,0.0,0.0,0.0,0.0,0.0,0.0,699.967,56.617,0.484,43.517,1.34,0.0,0.0,0.859,0.0,0.0,0.0,0.0,0.042,394.96,12830.729,394.99,12.414,0.062,1.975,103365.062,1.954,0.06,1.912,12829.431,394.92,103359.016,3181.633,99.982,99.995,3.735,39.332,1092.502,7235.64,222.73,35491.188,3.735,39.332,35491.188,1092.502,56.389,34.336,276.48,2.3105,0.0,0.0,0.0,0.0,0.0,0.0,0.0,52.25,0.059,0.175,2.274,0.07,5.673,0.018,0.005,-0.03,-0.008,1.993,0.0,0.0,0.0,0.0,0.0,0.0,0.0,-1.783,-37.904,2087.792,5593.79,172.19,67824.312,-4.669,-318.578,211318.656,6504.885,43.594,65.617,0.0,0.0,8.82,5.83,0.0,0.0,7.895,0.0,0.0,0.233,0.0,12831.704,3181.819,52.25,0.059,0.175,2.274,0.07,5.673,0.018,0.005,41.749,0.047,0.163,2.274,0.07,5.282,0.018,0.005,0.0,0.012,0.012,0.0,0.0,0.391,0.0,0.0,SAU,30782402.0,1628276523008.0,23.998,0.78,613.685,-27.976,-4.36,615.202,-27.738,-4.314,19.986,0.378,0.193,19.936,0.377,0.193,0.55,0.018,609.834,19.811,0.375,456.283,14249.426,14430.922,3.087,1041.427,4033.529,147.459,8715.101,402.403,93054.375,1.954,4.352,0.141,222.859,7.24,24.147,24.358,1.516,0.049,125.498,4.077,10.377,0.337,361.926,11.758,0.076,24.39,3181.819,1.59,1.705,1.53,0.004,1.18,0.895,0.605,0.0,6.008,1.803,0.018,1.565,5.859999999999999,1.124,3.127,0.036,2.979,8.248,0.708,0.004,0.006,0.011,0.0,749.784,743.316,-3.851,-0.628,0.00010336504858676955,1.9936228498347207e-05,1.9541023622462233e-09,3.768923713684133e-10,3179.844,3056.625,2931.717,641.662,624.999,585.568,1.9515277422446688e-09,1.920235483680898e-09,1.9281469413807396e-09,3.9379956820026346e-10,3.926373883172053e-10,3.851194191562272e-10
Saudi Arabia,2018,SAU,30365068.0,1673254010880.0,10.568,0.0,0.0,0.0,0.0,0.0,0.0,0.0,702.885,-16.803,-0.225,36.703,1.114,0.0,0.0,0.859,0.0,0.0,0.0,0.0,0.036,374.74,12341.154,374.77,12.084,-2.519,-80.142,102146.25,1.854,-2.527,-80.39,12336.873,374.61,102131.93,3101.243,99.957,99.987,2.609,28.498,1121.0,7465.157,226.68,36917.422,2.609,28.498,36917.422,1121.0,60.485,36.142,263.42,2.3105,0.0,0.0,0.0,0.0,0.0,0.0,0.0,135.214,0.234,0.409,5.269,0.16,13.46,0.043,0.013,-0.03,-0.008,1.993,0.0,0.0,0.0,0.0,0.0,0.0,0.0,-5.205,-108.663,1979.128,4871.716,147.93,65177.805,3.128,203.504,220924.562,6708.389,39.472,63.809,0.0,0.0,8.82,5.83,0.0,0.0,7.895,0.0,0.0,0.233,0.0,12342.143,3101.678,135.214,0.234,0.409,5.269,0.16,13.46,0.043,0.013,145.231,0.234,0.397,5.269,0.16,13.066,0.043,0.013,0.0,-0.0,0.012,0.0,0.0,0.395,0.0,0.0,SAU,30365119.0,1673254010880.0,25.135,0.828,637.487,23.802,3.878,637.738,22.536,3.663,21.002,0.381,0.206,20.994,0.381,0.206,0.48,0.016,618.753,20.377,0.37,481.418,14886.913,15068.66,3.567,1045.765,4264.574,147.71,9091.589,402.403,88573.469,1.854,4.337,0.143,231.046,7.609,25.358,25.566,0.251,0.008,128.472,4.231,10.442,0.344,376.489,12.399,0.076,24.39,3101.677,1.617,1.736,1.572,0.003,1.196,0.914,0.621,0.0,5.895,1.845,0.018,1.597,5.859999999999999,1.065,3.093,0.007,3.074,8.248,0.723,0.004,0.007,0.011,0.0,776.316,770.009,-18.734,-2.939,0.00010214625569091094,2.0994055712410646e-05,1.853680301874048e-09,3.80986386917269e-10,3181.819,3179.844,3056.625,613.685,641.662,624.999,1.9541023622462233e-09,1.9515277422446688e-09,1.920235483680898e-09,3.768923713684133e-10,3.9379956820026346e-10,3.926373883172053e-10
Saudi Arabia,2019,SAU,30472767.0,1687180148736.0,10.568,0.0,0.0,0.0,0.0,0.0,0.0,0.0,701.704,5.211,0.058,38.479,1.173,0.0,0.0,0.859,0.0,0.0,0.0,0.0,0.04,378.85,12432.412,378.55,12.759,-4.33,-134.298,97378.078,1.759,-4.335,-134.423,12415.348,378.33,97359.695,2966.819,99.942,99.982,-0.847,-9.5,1111.5,7335.73,223.54,36475.191,-0.847,-9.5,36475.191,1111.5,59.052,37.458,265.63,2.3105,0.0,0.0,0.0,0.0,0.0,0.0,0.0,29.29,0.117,0.526,7.22,0.22,17.255,0.058,0.018,0.3,0.079,1.993,0.0,0.0,0.0,0.0,0.0,0.0,0.0,-6.315,-124.982,1854.147,5079.617,154.79,60846.027,-3.511,-235.549,212413.922,6472.84,40.89,62.485,0.0,0.0,8.82,5.83,0.0,0.0,7.895,0.0,0.0,0.233,0.0,12422.567,2967.379,29.29,0.117,0.526,7.22,0.22,17.255,0.058,0.018,29.625,0.115,0.512,6.891,0.21,16.793,0.055,0.017,18.182,0.002,0.014,0.328,0.01,0.463,0.003,0.0,SAU,30472810.0,1687180148736.0,24.604,0.807,657.588,20.101,3.153,657.351,19.613,3.075,21.572,0.39,0.222,21.579,0.39,0.222,0.513,0.017,643.823,21.128,0.382,506.021,15544.501,15726.011,4.08,1049.714,4497.8,147.474,9486.886,402.403,82824.383,1.759,3.949,0.13,233.226,7.654,25.886,26.094,-0.237,-0.008,127.212,4.175,10.573,0.347,395.297,12.972,0.076,24.39,2967.379,1.516,1.772,1.608,0.003,1.209,0.934,0.638,0.001,5.775,1.884,0.018,1.631,5.859999999999999,0.907,3.055,-0.006,3.185,8.248,0.739,0.004,0.007,0.012,0.0,795.168,788.821,-13.764,-2.093,9.737806218909831e-05,2.1579499888588495e-05,1.7587801766296848e-09,3.897556526448294e-10,3101.678,3181.819,3179.844,637.487,613.685,641.662,1.853680301874048e-09,1.9541023622462233e-09,1.9515277422446688e-09,3.80986386917269e-10,3.768923713684133e-10,3.9379956820026346e-10
Saudi Arabia,2020,SAU,30991155.0,1613932920832.0,10.568,0.0,0.0,0.0,0.0,0.0,0.0,0.0,703.15,-12.313,-0.144,33.177,1.028,0.0,0.0,0.859,0.0,0.0,0.0,0.0,0.036,380.53,12278.665,380.9,13.198,-2.667,-79.127,93196.031,1.79,-2.729,-80.974,12283.505,380.68,93118.359,2885.845,99.942,99.922,1.709,19.0,1130.5,7494.719,232.27,36478.148,1.709,19.0,36478.148,1130.5,60.979,39.143,267.83,2.3105,0.0,0.0,0.0,0.0,0.0,0.0,0.0,331.482,1.737,2.263,7.099,0.22,73.028,0.058,0.078,-0.37,-0.097,1.993,0.0,0.0,0.0,0.0,0.0,0.0,0.0,-5.384,-99.83,1754.317,4788.786,148.41,56607.031,-6.645,-430.091,194983.016,6042.749,38.963,60.743,0.0,0.0,8.82,5.83,0.0,0.0,7.895,0.0,0.0,0.233,0.0,12290.604,2888.253,331.482,1.737,2.263,7.099,0.22,73.028,0.058,0.078,340.612,1.737,2.249,6.776,0.21,72.574,0.055,0.078,0.0,-0.0,0.014,0.323,0.01,0.454,0.003,0.0,SAU,30991205.0,1613932920832.0,25.593,0.826,616.086,-41.502,-6.311,615.749,-41.602,-6.329,19.869,0.382,0.213,19.879,0.382,0.213,0.432,0.014,622.276,20.079,0.386,531.614,16160.587,16341.759,4.513,1053.97,4732.754,147.137,9837.736,402.403,80184.539,1.788,4.257,0.137,234.954,7.581,24.039,24.267,-0.337,-0.011,125.387,4.046,10.817,0.349,350.85,11.321,0.076,24.39,2886.411,1.562,1.754,1.597,0.003,1.222,0.95,0.653,0.001,5.674,1.921,0.018,1.66,5.859999999999999,1.061,3.106,-0.01,3.201,8.248,0.753,0.005,0.007,0.012,0.0,752.066,744.983,6.191,1.005,9.319604254826601e-05,1.987938190851179e-05,1.789574376183537e-09,3.817296196439199e-10,2967.379,3101.678,3181.819,657.588,637.487,613.685,1.7587801766296848e-09,1.853680301874048e-09,1.9541023622462233e-09,3.897556526448294e-10,3.80986386917269e-10,3.768923713684133e-10
Saudi Arabia,2021,SAU,31328320.0,1677226672128.0,10.568,0.0,0.0,0.0,0.0,0.0,0.0,0.0,701.507,24.383,0.251,40.822,1.279,0.0,0.0,0.859,0.0,0.0,0.0,0.0,0.043,392.9,12541.368,392.94,13.183,3.258,94.093,95196.477,1.778,3.253,93.884,12515.832,392.1,95112.953,2979.729,99.786,99.917,1.248,14.107,1144.607,7531.844,235.96,36535.852,1.248,14.107,36535.852,1144.607,60.05,38.381,275.65,2.3105,0.0,0.0,0.0,0.0,0.0,0.0,0.0,9.099,0.2,2.463,26.813,0.84,78.621,0.214,0.083,-0.04,-0.01,1.993,0.0,0.0,0.0,0.0,0.0,0.0,0.0,4.533,79.526,1833.843,4983.989,156.14,58536.277,-0.878,-53.031,191191.797,5989.718,39.736,61.493,0.0,0.0,8.82,5.83,0.0,0.0,7.895,0.0,0.0,0.233,0.0,12542.646,2982.346,9.099,0.2,2.463,26.813,0.84,78.621,0.214,0.083,9.157,0.2,2.449,26.494,0.83,78.174,0.211,0.082,-0.273,-0.0,0.014,0.319,0.01,0.446,0.003,0.0,SAU,31328374.0,1677226672128.0,28.688,0.916,695.842,79.756,12.946,695.863,80.115,13.011,22.212,0.415,0.233,22.211,0.415,0.233,0.531,0.017,682.626,21.789,0.407,560.302,16856.428,17037.623,5.044,1057.962,4974.617,147.158,10258.504,402.403,82945.312,1.778,3.992,0.127,241.863,7.72,26.353,26.582,0.022,0.001,125.972,4.021,11.082,0.354,420.768,13.431,0.076,24.39,2981.917,1.691,1.881,1.716,0.004,1.24,0.97,0.669,0.001,5.574,1.956,0.018,1.698,5.859999999999999,0.985,3.053,0.001,3.649,8.248,0.768,0.005,0.008,0.012,0.0,832.777,825.609,-13.215,-1.899,9.519648675702703e-05,2.22112389235387e-05,1.7781412909539026e-09,4.148765408775325e-10,2888.253,2967.379,3101.678,616.086,657.588,637.487,1.789574376183537e-09,1.7587801766296848e-09,1.853680301874048e-09,3.817296196439199e-10,3.897556526448294e-10,3.80986386917269e-10
Saudi Arabia,2022,SAU,32175301.0,1823886278656.0,10.568,0.0,0.0,0.0,0.0,0.0,0.0,0.0,700.12,-2.193,-0.028,38.876,1.251,0.0,0.0,0.859,0.0,0.0,0.0,0.0,0.04,401.22,12469.813,401.26,12.75,5.623,167.708,97902.852,1.727,5.54,165.084,12400.195,398.98,97739.984,3144.813,99.432,99.843,2.0,22.892,1167.499,7644.995,245.98,36285.562,2.0,22.892,36285.562,1167.499,61.302,37.066,280.93,2.3105,0.0,0.0,0.0,0.0,0.0,0.0,0.0,101.0,2.476,4.939,70.862,2.28,153.49,0.568,0.157,-0.04,-0.01,1.993,0.0,0.0,0.0,0.0,0.0,0.0,0.0,7.755,142.22,1976.064,4755.2,153.0,61415.543,11.283,675.839,207163.781,6665.557,38.13,62.737,0.0,0.0,8.82,5.83,0.0,0.0,7.895,0.0,0.0,0.233,0.0,12471.057,3150.054,101.0,2.476,4.939,70.862,2.28,153.49,0.568,0.157,22.294,0.539,2.988,25.796,0.83,92.857,0.207,0.095,13882.707,1.937,1.951,45.066,1.45,60.632,0.361,0.062,SAU,32175352.0,1823886278656.0,29.997,0.932,723.331,27.489,3.951,723.456,27.593,3.965,22.485,0.397,0.23,22.481,0.397,0.23,0.52,0.016,692.428,21.52,0.38,590.299,17579.76,17761.08,5.564,1061.458,5221.319,147.283,10701.121,402.403,86538.398,1.727,3.496,0.109,246.702,7.667,26.769,27.002,0.125,0.004,134.258,4.173,11.236,0.349,442.617,13.756,0.076,24.39,3150.761,1.873,1.94,1.772,0.003,1.261,0.991,0.687,0.001,5.476,1.992,0.018,1.737,5.859999999999999,0.867,3.126,0.004,3.716,8.248,0.784,0.005,0.008,0.013,0.0,868.805,861.304,-30.904,-4.272,9.790286033376664e-05,2.2480904016216437e-05,1.7271109700552369e-09,3.9658777439403404e-10,2982.346,2888.253,2967.379,695.842,616.086,657.588,1.7781412909539026e-09,1.789574376183537e-09,1.7587801766296848e-09,4.148765408775325e-10,3.817296196439199e-10,3.897556526448294e-10
Saudi Arabia,2023,SAU,33264239.0,1823886278656.0,10.568,0.0,0.0,0.0,0.0,0.0,0.0,0.0,696.313,23.79,0.298,46.549,1.548,0.0,0.0,0.859,0.0,0.0,0.0,0.0,0.048,422.83,12711.248,422.87,13.238,1.609,50.687,96221.68,1.727,1.389,43.682,12538.991,417.1,95853.555,3188.496,98.636,99.641,0.518,6.048,1173.547,7968.016,265.05,35279.539,0.518,6.048,35279.539,1173.547,62.679,36.673,294.45,2.3105,0.0,0.0,0.0,0.0,0.0,0.0,0.0,134.527,6.559,11.498,173.46,5.77,345.643,1.364,0.359,-0.04,-0.009,1.993,0.0,0.0,0.0,0.0,0.0,0.0,0.0,1.889,37.337,2013.4,4570.975,152.05,60527.473,-7.717,-514.378,184918.688,6151.179,35.957,62.919,0.0,0.0,8.82,5.83,0.0,0.0,7.895,0.0,0.0,0.233,0.0,12712.45,3200.741,134.527,6.559,11.498,173.46,5.77,345.643,1.364,0.359,157.072,4.637,7.624,129.869,4.32,229.207,1.022,0.238,100.0,1.922,3.873,43.59,1.45,116.436,0.343,0.121,SAU,33264288.0,1823886278656.0,29.887,0.898,736.205,12.874,1.78,736.359,12.903,1.784,22.137,0.397,0.229,22.132,0.397,0.229,0.52,0.016,692.428,21.52,0.38,620.186,18315.965,18497.438,6.083,1066.135,5462.475,147.437,11161.086,402.403,87198.656,1.727,4.677,0.141,241.156,7.25,26.188,26.427,0.154,0.005,131.36,3.949,11.459,0.344,459.965,13.828,0.076,24.39,3221.731,1.904,1.948,1.778,0.003,1.282,1.011,0.704,0.001,5.386,2.023,0.018,1.776,5.859999999999999,1.138,3.053,0.004,3.767,8.248,0.799,0.005,0.008,0.013,0.0,879.087,871.114,-30.904,-4.272,9.622168118741282e-05,2.213199332569445e-05,1.7549016281643326e-09,4.036463285104051e-10,3150.054,2982.346,2888.253,723.331,695.842,616.086,1.7271109700552369e-09,1.7781412909539026e-09,1.789574376183537e-09,3.9658777439403404e-10,4.148765408775325e-10,3.817296196439199e-10
Saudi Arabia,2024,SAU,33962695.0,1823886278656.0,10.568,0.0,0.0,0.0,0.0,0.0,0.0,0.0,696.313,11.133,0.172,50.667,1.721,0.0,0.0,0.859,0.0,0.0,0.0,0.0,0.052,422.83,12711.248,454.644,13.883,2.802,89.683,96883.469,1.727,2.399,76.506,13097.375,444.822,96134.938,3265.001,97.84,99.272,3.517,41.278,1214.825,8479.235,287.978,35769.387,3.517,41.278,35769.387,1214.825,63.341,36.936,294.45,2.3105,0.0,0.0,0.0,0.0,0.0,0.0,0.0,108.362,12.459,23.957,289.205,9.822,705.377,2.16,0.728,-0.04,-0.009,1.993,0.0,0.0,0.0,0.0,0.0,0.0,0.0,1.741,35.056,2048.456,4618.139,156.844,60314.879,-3.543,-217.917,174699.391,5933.262,34.498,62.283,0.0,0.0,8.82,5.83,0.0,0.0,7.895,0.0,0.0,0.233,0.0,13386.579,3290.424,108.362,12.459,23.957,289.205,9.822,705.377,2.16,0.728,163.27,12.448,20.073,242.319,8.23,591.023,1.81,0.61,0.274,0.011,3.884,46.885,1.592,114.354,0.35,0.118,SAU,33264288.0,1823886278656.0,29.887,0.898,736.205,12.874,1.78,736.359,12.903,1.784,22.137,0.397,0.229,22.132,0.397,0.229,0.52,0.016,692.428,21.52,0.38,620.186,18315.965,18497.438,6.083,1066.135,5462.475,147.437,11161.086,402.403,87198.656,1.727,4.677,0.141,241.156,7.25,26.188,26.427,0.154,0.005,131.36,3.949,11.459,0.344,459.965,13.828,0.076,24.39,3221.731,1.904,1.948,1.778,0.003,1.282,1.011,0.704,0.001,5.386,2.023,0.018,1.776,5.859999999999999,1.138,3.053,0.004,3.767,8.248,0.799,0.005,0.008,0.013,0.0,879.087,871.114,-30.904,-4.272,9.688347759210226e-05,2.213199332569445e-05,1.804073005266904e-09,4.036463285104051e-10,3200.741,3150.054,2982.346,736.205,723.331,695.842,1.7549016281643326e-09,1.7271109700552369e-09,1.7781412909539026e-09,4.036463285104051e-10,3.9658777439403404e-10,4.148765408775325e-10
South Korea,1993,KOR,44887672.0,729369214976.0,120.93,0.0,0.0,0.0,1.711,0.08,0.028,0.0,461.594,9.709,28.265,7115.687,319.407,1191.922,53.503,-21.405,-13.408,1096.772,49.232,33.047,21.213,290.45,6210.628,161.901,11.607,9.677,133.233,33638.832,2.07,10.382,125.326,2177.74,97.754,29685.014,1332.491,60.379,88.494,24.929,11.953,59.903,421.561,18.923,1334.501,-10.896,0.0,0.0,0.0,11.688,3.978,134.07,36.485,3.139,11.743,94.181,4.228,261.613,2.611,0.78,4.594,7.609,173.247,1389.441,62.369,3859.557,38.523,11.506,0.0,0.0,2.844,4.467,161.495,1295.193,58.138,3597.758,35.91,10.725,9.804,85.107,953.182,564.256,25.328,21234.826,0.6225,0.0,0.0,0.0,15.644,63.303,0.0,0.0,8.82,61.2,0.0,0.0,7.895,0.0,0.0,0.233,0.0,3606.802,1509.969,36.494,3.142,11.752,94.247,4.231,261.798,2.613,0.78,0.0,0.0,0.006,0.045,0.002,0.124,0.001,0.0,0.0,0.003,0.003,0.022,0.001,0.062,0.001,0.0,KOR,44887722.0,729369214976.0,24.7,0.55,330.174,30.269,10.093,301.515,30.727,11.347,6.717,0.413,0.202,7.356,0.453,0.221,99.62,2.219,403.343,8.986,0.553,246.1,4025.029,2120.804,1710.229,0.0,51.772,-1888.623,2002.439,14.489,33184.629,2.044,0.0,0.0,12.159,0.271,8.056,7.926,-28.659,-0.638,34.886,0.777,12.621,0.281,189.427,4.22,0.095,4.268,1491.08,4.473,1.451,1.087,1.17,1.774,0.459,0.138,0.369,0.0,0.057,-0.283,0.673,0.578,0.0,0.302,-0.576,2.055,1.974,0.31,0.001,0.002,0.003,0.0,355.763,361.601,73.169,22.161,3.363883517951135e-05,7.355552594092269e-06,2.0702395563126226e-09,4.5268431025137853e-10,1376.736,1224.935,1078.742,299.905,275.688,250.511,2.0029078010896407e-09,1.8791049536958667e-09,1.8137296453130892e-09,4.3630882324991036e-10,4.229176947956472e-10,4.21193600672846e-10
South Korea,1994,KOR,45130788.0,791073849344.0,120.93,0.0,0.0,0.0,1.711,0.08,0.028,0.0,461.594,4.097,13.086,7367.306,332.492,1442.487,65.101,-21.356,-10.514,857.894,38.717,35.503,20.424,290.45,6210.628,183.366,12.067,8.075,121.926,36159.227,2.063,9.459,126.034,2672.53,120.613,32317.744,1458.525,65.778,89.592,33.112,19.835,79.738,396.897,17.912,1766.812,-10.896,0.0,0.0,0.0,9.769,4.898,134.07,-44.505,-5.226,6.517,51.984,2.346,144.401,1.279,0.4,-2.195,-3.802,169.444,1351.627,61.0,3754.52,33.267,10.408,0.0,0.0,0.882,1.424,162.919,1299.577,58.651,3609.935,31.986,10.008,9.769,93.113,1046.295,833.145,37.601,23183.625,0.6225,0.0,0.0,0.0,20.506,64.27,0.0,0.0,8.82,61.2,0.0,0.0,7.895,0.0,0.0,0.233,0.0,4062.981,1631.894,-44.473,-5.226,6.525,52.051,2.349,144.585,1.281,0.401,0.0,0.0,0.006,0.044,0.002,0.123,0.001,0.0,0.0,0.0,0.003,0.022,0.001,0.062,0.001,0.0,KOR,45130842.0,791073849344.0,26.84,0.595,355.695,25.521,7.73,327.506,25.991,8.62,7.257,0.414,0.204,7.881,0.45,0.221,101.801,2.256,425.171,9.421,0.537,272.94,4380.724,2448.311,1812.031,0.0,67.957,-1916.811,2209.012,18.784,35601.617,2.033,0.0,0.0,16.186,0.359,8.586,8.485,-28.188,-0.625,34.438,0.763,13.542,0.3,206.573,4.577,0.095,4.295,1607.975,4.553,1.547,1.134,1.189,1.887,0.487,0.156,0.384,0.0,0.072,-0.284,0.72,0.689,0.0,0.399,-0.479,2.233,1.985,0.322,0.001,0.002,0.003,0.0,382.923,387.512,69.476,19.532,3.6159217960031273e-05,7.881417324320962e-06,2.0628845225426834e-09,4.496356443775268e-10,1509.969,1376.736,1224.935,330.174,299.905,275.688,2.0702395563126226e-09,2.0029078010896407e-09,1.8791049536958667e-09,4.5268431025137853e-10,4.3630882324991036e-10,4.229176947956472e-10
South Korea,1995,KOR,45368368.0,860793733120.0,120.93,0.0,0.0,0.0,1.711,0.08,0.028,0.0,461.594,3.233,10.748,7565.632,343.24,1587.143,72.006,-22.682,-8.782,659.835,29.936,35.376,19.328,290.45,6210.628,203.546,12.327,9.101,148.514,39243.383,2.068,8.414,122.723,2882.799,130.788,34853.543,1581.248,64.255,89.04,20.937,16.695,96.432,644.013,29.218,2125.544,-10.896,0.0,0.0,0.0,14.354,5.43,134.07,17.639,1.15,7.666,60.834,2.76,168.982,1.356,0.432,14.821,25.199,194.644,1543.819,70.041,4290.301,34.41,10.96,0.0,0.0,14.284,23.271,186.191,1477.431,67.029,4103.976,32.93,10.484,9.106,95.28,1141.576,651.643,29.564,25162.367,0.6225,0.0,0.0,0.0,14.524,64.282,0.781,0.25,8.82,61.2,0.781,5.51,7.895,17.22,0.123,0.233,0.044,4486.528,1780.408,28.216,1.928,8.453,66.388,3.012,186.325,1.48,0.476,0.0,0.0,0.006,0.044,0.002,0.122,0.001,0.0,-100.0,-0.003,0.0,0.0,0.0,0.0,0.0,0.0,KOR,45368425.0,860793733120.0,28.105,0.619,383.665,27.971,7.864,355.28,27.773,8.48,7.831,0.413,0.202,8.457,0.446,0.218,105.3,2.321,451.736,9.957,0.525,301.044,4764.389,2803.59,1917.331,0.0,87.531,-1945.197,2435.091,23.392,38704.719,2.041,0.0,0.0,19.574,0.431,9.165,9.075,-28.386,-0.626,34.444,0.759,14.074,0.31,226.079,4.983,0.102,4.609,1756.939,4.508,1.63,1.227,1.196,1.996,0.516,0.175,0.399,0.0,0.088,-0.286,0.77,0.793,0.0,0.464,-0.523,2.421,2.061,0.334,0.001,0.002,0.004,0.0,411.716,415.824,68.071,17.742,3.9243377676709924e-05,8.456652396462773e-06,2.0683329019448147e-09,4.457107263192804e-10,1631.894,1509.969,1376.736,355.695,330.174,299.905,2.0628845225426834e-09,2.0702395563126226e-09,2.0029078010896407e-09,4.496356443775268e-10,4.5268431025137853e-10,4.3630882324991036e-10
South Korea,1996,KOR,45638655.0,919812636672.0,120.93,0.0,0.0,0.0,1.711,0.08,0.028,0.0,461.594,16.072,55.165,8729.554,398.405,1790.355,81.709,-13.444,-4.025,567.744,25.911,36.179,20.32,290.45,6210.628,225.846,12.382,10.397,185.108,43066.922,2.137,10.501,166.042,3205.924,146.314,38285.328,1747.291,64.785,89.118,32.118,30.972,127.404,761.759,34.766,2791.588,-10.896,0.0,0.0,0.0,15.394,6.498,134.07,-12.159,-0.932,6.734,53.121,2.424,147.557,1.073,0.343,9.586,18.703,213.347,1681.791,76.755,4674.708,33.985,10.882,0.0,0.0,10.288,19.155,205.345,1619.775,73.924,4499.374,32.732,10.473,7.0,79.906,1221.481,653.81,29.839,26764.186,0.6225,0.0,0.0,0.0,13.212,62.3,1.259,0.403,8.82,61.2,0.478,8.83,7.895,27.594,0.178,0.233,0.064,4948.562,1965.516,-6.028,-0.451,8.002,62.017,2.83,175.335,1.253,0.408,50.0,0.003,0.008,0.066,0.003,0.183,0.001,0.0,-100.0,0.0,0.0,0.0,0.0,0.0,0.0,0.0,KOR,45638701.0,919812636672.0,28.309,0.62,420.996,37.331,9.73,393.298,38.019,10.701,8.618,0.428,0.203,9.225,0.458,0.217,122.689,2.688,490.956,10.757,0.534,329.353,5185.385,3196.888,2040.02,0.0,113.39,-1972.895,2674.562,28.059,42497.312,2.11,0.0,0.0,25.859,0.567,9.992,9.916,-27.698,-0.607,36.049,0.79,15.628,0.342,239.471,5.247,0.102,4.667,1940.434,4.448,1.735,1.299,1.359,2.095,0.547,0.196,0.416,0.0,0.109,-0.288,0.821,0.885,0.0,0.587,-0.461,2.489,2.102,0.348,0.001,0.002,0.004,0.0,452.547,456.005,69.96,16.618,4.3066913343523314e-05,9.224539497738789e-06,2.1368656198413288e-09,4.576975605849659e-10,1780.408,1631.894,1509.969,383.665,355.695,330.174,2.0683329019448147e-09,2.0628845225426834e-09,2.0702395563126226e-09,4.457107263192804e-10,4.496356443775268e-10,4.5268431025137853e-10
South Korea,1997,KOR,45941485.0,967604895744.0,120.93,0.0,0.0,0.0,1.711,0.08,0.028,0.0,461.594,5.968,23.776,9189.537,422.181,2044.706,93.937,-8.867,-2.298,513.992,23.614,38.095,19.71,290.45,6210.628,246.587,12.331,9.238,181.582,46735.496,2.219,9.872,172.494,3571.18,164.065,41787.609,1919.785,66.534,89.627,21.525,27.424,154.828,914.257,42.002,3370.11,-10.896,0.0,0.0,0.0,17.033,7.228,134.07,16.072,1.082,7.817,61.252,2.814,170.143,1.141,0.365,4.204,8.851,222.198,1740.946,79.982,4836.55,32.435,10.373,0.0,0.0,4.276,8.781,214.127,1677.909,77.086,4660.859,31.261,9.997,9.93,121.294,1342.776,612.216,28.126,29227.959,0.6225,0.0,0.0,0.0,11.406,62.688,0.244,0.078,8.82,-80.645,-1.016,1.698,7.895,5.306,0.032,0.233,0.011,5367.425,2147.098,2.319,0.069,8.072,63.037,2.896,175.691,1.174,0.377,0.0,0.0,0.008,0.065,0.003,0.181,0.001,0.0,-100.0,0.003,0.003,0.022,0.001,0.06,0.0,0.0,KOR,45941541.0,967604895744.0,29.32,0.638,444.968,23.972,5.694,418.062,24.763,6.296,9.1,0.432,0.196,9.686,0.46,0.209,133.313,2.902,498.018,10.84,0.515,358.673,5630.353,3614.95,2173.333,0.0,144.818,-1999.801,2920.632,32.896,46366.664,2.202,0.0,0.0,31.427,0.684,10.535,10.468,-26.906,-0.586,36.473,0.794,19.414,0.423,246.07,5.356,0.105,4.837,2131.123,4.427,1.823,1.314,1.485,2.189,0.579,0.218,0.436,0.0,0.134,-0.289,0.871,0.969,0.0,0.711,-0.363,2.52,2.162,0.362,0.001,0.002,0.004,0.0,480.906,484.011,53.05,11.922,4.6735494074689865e-05,9.685526221246919e-06,2.218982158362352e-09,4.598653871607999e-10,1965.516,1780.408,1631.894,420.996,383.665,355.695,2.1368656198413288e-09,2.0683329019448147e-09,2.0628845225426834e-09,4.576975605849659e-10,4.457107263192804e-10,4.496356443775268e-10
South Korea,1998,KOR,46230834.0,908368084992.0,120.93,0.0,0.0,0.0,1.711,0.08,0.028,0.0,461.594,3.061,12.922,9411.521,435.103,2226.865,102.95,-3.347,-0.79,493.681,22.823,43.403,22.217,290.45,6210.628,237.197,13.242,-8.502,-182.54,42494.543,2.163,-11.594,-222.577,3057.362,141.344,36711.586,1697.207,59.589,86.662,-6.449,-9.986,144.842,602.989,27.877,3133.025,-10.896,0.0,0.0,0.0,11.753,7.396,134.07,52.076,4.071,11.887,92.566,4.279,257.129,1.804,0.607,17.567,39.023,261.221,2033.976,94.032,5650.368,39.643,13.338,0.0,0.0,16.35,35.009,249.136,1940.025,89.689,5388.958,37.812,12.721,-16.795,-225.513,1117.262,227.509,10.518,24167.041,0.6225,0.0,0.0,0.0,4.434,57.049,0.181,0.058,8.82,-25.641,-0.063,1.255,7.895,3.921,0.024,0.233,0.009,5130.719,1964.558,49.98,4.014,12.085,93.951,4.343,261.41,1.831,0.617,33.333,0.003,0.011,0.087,0.004,0.24,0.002,0.001,100.0,0.003,0.006,0.043,0.002,0.12,0.001,0.0,KOR,46230883.0,908368084992.0,22.879,0.495,378.038,-66.93,-15.042,352.166,-65.896,-15.762,7.618,0.388,0.181,8.177,0.416,0.194,137.598,2.976,360.846,7.805,0.397,381.552,6008.391,3967.116,2310.931,0.0,174.217,-2025.672,3104.219,37.471,42083.441,2.143,0.0,0.0,29.399,0.636,8.947,8.864,-25.872,-0.56,35.352,0.765,16.191,0.35,183.586,3.971,0.099,4.575,1946.37,3.466,1.555,1.157,1.575,2.239,0.603,0.235,0.455,0.0,0.155,-0.29,0.899,1.037,0.0,0.658,-0.421,1.858,2.074,0.373,0.001,0.003,0.004,0.0,409.768,413.639,-17.191,-4.548,4.249453946688389e-05,8.177174552343979e-06,2.162733403405847e-09,4.16172701623846e-10,2147.098,1965.516,1780.408,444.968,420.996,383.665,2.218982158362352e-09,2.1368656198413288e-09,2.0683329019448147e-09,4.598653871607999e-10,4.576975605849659e-10,4.457107263192804e-10
South Korea,1999,KOR,46500333.0,1004162514944.0,120.93,0.0,0.0,0.0,1.711,0.08,0.028,0.0,461.594,5.748,25.009,9894.811,460.112,2389.157,111.097,-3.761,-0.858,472.362,21.965,42.379,21.571,290.45,6210.628,262.152,13.498,8.926,175.355,46019.309,2.131,8.111,137.653,3288.465,152.915,39459.082,1834.86,58.331,86.022,21.759,31.516,176.358,643.274,29.912,3792.628,-10.896,0.0,0.0,0.0,11.41,8.268,134.07,-2.808,-0.334,11.553,89.446,4.159,248.461,1.587,0.542,14.131,36.921,298.143,2307.95,107.32,6411.622,40.938,13.978,0.0,0.0,14.912,37.152,286.288,2216.409,103.064,6156.693,39.314,13.422,7.261,81.128,1198.39,256.034,11.906,25771.645,0.6225,0.0,0.0,0.0,4.542,56.183,0.272,0.087,8.82,50.0,0.091,1.871,7.895,5.847,0.033,0.233,0.013,5637.641,2139.913,-1.997,-0.231,11.854,91.541,4.257,254.929,1.624,0.556,14.3,0.002,0.013,0.098,0.005,0.273,0.002,0.001,191.95,0.011,0.016,0.126,0.006,0.349,0.002,0.001,KOR,46500382.0,1004162514944.0,23.719,0.51,410.519,32.481,8.592,387.415,35.249,10.009,8.331,0.386,0.183,8.828,0.409,0.193,145.635,3.132,436.478,9.387,0.435,405.272,6418.909,4354.531,2456.566,0.0,210.014,-2048.776,3304.847,42.21,45614.859,2.113,0.0,0.0,35.797,0.77,9.608,9.556,-23.104,-0.497,35.171,0.756,16.246,0.349,200.628,4.315,0.102,4.739,2122.024,3.424,1.652,1.256,1.643,2.285,0.628,0.253,0.476,0.0,0.179,-0.291,0.93,1.101,0.0,0.776,-0.385,1.979,2.161,0.384,0.001,0.003,0.004,0.0,444.353,446.761,25.959,6.324,4.601930485099868e-05,8.828293066495479e-06,2.131042503731917e-09,4.0881729191304636e-10,1964.558,2147.098,1965.516,378.038,444.968,420.996,2.162733403405847e-09,2.218982158362352e-09,2.1368656198413288e-09,4.16172701623846e-10,4.598653871607999e-10,4.576975605849659e-10
South Korea,2000,KOR,46766608.0,1086261690368.0,120.93,0.0,0.0,0.0,1.711,0.08,0.028,0.0,461.594,11.733,53.986,10992.85,514.098,2456.453,114.88,-1.12,-0.246,464.413,21.719,39.552,22.813,290.45,6210.628,290.45,14.151,5.649,120.885,48342.148,2.081,5.7,104.578,3792.663,177.37,41470.586,1939.439,61.067,86.061,12.315,21.719,198.078,634.213,29.66,4235.448,-10.896,0.0,0.0,0.0,10.212,8.79,134.07,-3.599,-0.416,11.138,85.745,4.01,238.154,1.381,0.494,5.361,15.98,314.123,2417.965,113.08,6716.813,38.933,13.939,0.0,0.0,5.725,16.389,302.677,2329.867,108.96,6472.076,37.514,13.431,2.409,28.873,1227.263,701.997,32.83,26242.291,0.6225,0.0,0.0,0.0,11.303,54.459,0.247,0.079,8.82,-9.195,-0.025,1.689,7.895,5.279,0.027,0.233,0.011,6210.628,2260.798,-3.433,-0.409,11.446,88.097,4.12,244.738,1.418,0.508,15.573,0.002,0.015,0.214,0.01,0.314,0.003,0.001,185.751,0.03,0.046,0.428,0.02,0.991,0.007,0.002,KOR,46766659.0,1086261690368.0,24.756,0.529,439.981,29.462,7.177,416.21,28.795,7.433,8.9,0.383,0.185,9.408,0.405,0.196,163.883,3.504,485.301,10.377,0.447,430.027,6858.89,4770.742,2620.449,0.0,250.218,-2072.546,3511.076,47.119,47970.941,2.066,0.0,0.0,40.204,0.86,10.207,10.147,-23.77,-0.508,37.05,0.792,14.899,0.319,206.229,4.41,0.105,4.909,2244.493,3.419,1.725,1.351,1.781,2.329,0.655,0.272,0.498,0.0,0.205,-0.292,0.96,1.163,0.0,0.846,-0.449,2.008,2.269,0.397,0.001,0.003,0.005,0.0,474.523,477.359,45.32,10.3,4.834214189748274e-05,9.408005818846085e-06,2.081264597699376e-09,4.050414406596119e-10,2139.913,1964.558,2147.098,410.519,378.038,444.968,2.131042503731917e-09,2.162733403405847e-09,2.218982158362352e-09,4.0881729191304636e-10,4.16172701623846e-10,4.598653871607999e-10
South Korea,2001,KOR,47043411.0,1127616217088.0,120.93,0.0,0.0,0.0,1.913,0.09,0.029,0.0,475.281,6.425,33.031,11630.31,547.129,2707.287,127.36,-8.024,-1.743,424.635,19.976,41.1,23.699,309.88,6587.107,309.88,14.709,2.419,54.678,49220.004,2.053,2.72,52.744,4151.697,195.31,42347.754,1992.183,63.028,86.29,9.845,19.5,217.578,715.722,33.67,4625.037,-10.896,0.0,0.0,0.0,10.865,9.424,147.28,-41.89,-4.701,6.436,49.529,2.33,136.816,0.752,0.279,1.323,2.4,316.523,2435.41,114.57,6728.316,36.972,13.71,0.0,0.0,2.909,7.083,309.76,2383.543,112.13,6584.552,36.185,13.417,0.017,0.213,1227.476,728.689,34.28,26092.406,0.6225,0.0,0.0,0.0,11.062,53.167,0.275,0.088,8.82,11.392,0.028,1.871,7.895,5.846,0.028,0.233,0.012,6587.107,2315.477,-40.72,-4.682,6.763,51.867,2.44,143.764,0.787,0.293,17.033,0.002,0.017,0.213,0.01,0.363,0.003,0.001,-24.543,-0.012,0.035,0.213,0.01,0.739,0.003,0.002,KOR,47043466.0,1127616217088.0,25.665,0.546,455.631,15.65,3.557,432.143,15.932,3.828,9.186,0.383,0.188,9.685,0.404,0.198,174.626,3.712,485.767,10.326,0.431,455.693,7314.521,5202.884,2795.075,0.0,294.382,-2096.034,3717.158,52.213,48840.297,2.039,0.0,0.0,44.163,0.939,10.495,10.434,-23.488,-0.499,36.795,0.782,15.501,0.329,206.083,4.381,0.108,5.094,2298.658,3.389,1.772,1.418,1.886,2.371,0.682,0.292,0.522,0.0,0.232,-0.293,0.988,1.225,0.0,0.921,-0.493,1.991,2.388,0.41,0.001,0.003,0.005,0.0,490.842,493.73,30.137,6.614,4.922000660198621e-05,9.68531952981505e-06,2.053426480491366e-09,4.0406566799530357e-10,2260.798,2139.913,1964.558,439.981,410.519,378.038,2.081264597699376e-09,2.131042503731917e-09,2.162733403405847e-09,4.050414406596119e-10,4.0881729191304636e-10,4.16172701623846e-10
South Korea,2002,KOR,47299074.0,1203066634240.0,120.93,0.0,0.0,0.0,3.806,0.18,0.054,0.0,472.787,7.107,38.885,12389.563,586.015,2906.822,137.49,-13.073,-2.612,367.127,17.365,41.411,24.287,332.01,7019.376,332.01,15.094,4.545,105.239,51178.93,2.012,4.26,84.866,4428.839,209.48,43913.105,2077.049,63.094,86.083,11.122,24.2,241.777,907.629,42.93,5111.669,-10.896,0.0,0.0,0.0,12.93,10.02,156.97,38.749,2.421,8.857,68.289,3.23,187.254,0.973,0.367,6.954,19.263,335.786,2590.537,122.53,7099.202,36.906,13.917,0.0,0.0,6.216,16.55,326.309,2518.02,119.1,6898.853,35.872,13.524,1.774,21.781,1249.257,614.388,29.06,26411.871,0.6225,0.0,0.0,0.0,8.753,51.775,0.559,0.179,8.82,103.409,0.284,3.784,7.895,11.826,0.054,0.233,0.023,7019.376,2420.716,40.915,2.713,9.476,72.517,3.43,200.35,1.033,0.393,13.907,0.002,0.019,0.211,0.01,0.408,0.003,0.001,18.197,0.006,0.041,0.211,0.01,0.862,0.003,0.002,KOR,47299118.0,1203066634240.0,27.107,0.573,476.065,20.434,4.485,453.006,20.863,4.828,9.577,0.377,0.188,10.065,0.396,0.198,187.637,3.967,525.366,11.107,0.437,482.8,7790.585,5655.89,2982.711,0.0,343.451,-2119.093,3924.274,57.35,50816.59,1.999,0.0,0.0,49.069,1.037,10.78,10.72,-23.059,-0.488,35.029,0.741,12.731,0.269,207.116,4.379,0.109,5.137,2404.675,3.452,1.812,1.442,1.938,2.414,0.709,0.312,0.548,0.0,0.261,-0.294,1.016,1.28,0.0,0.994,-0.45,2.005,2.375,0.422,0.001,0.003,0.005,0.0,507.07,509.905,49.301,10.356,5.117893005685373e-05,1.0064986835483696e-05,2.0121212999388117e-09,3.957095861948987e-10,2315.477,2260.798,2139.913,455.631,439.981,410.519,2.053426480491366e-09,2.081264597699376e-09,2.131042503731917e-09,4.0406566799530357e-10,4.050414406596119e-10,4.0881729191304636e-10
South Korea,2003,KOR,47514113.0,1229830488064.0,120.93,0.0,0.0,0.0,3.999,0.19,0.055,0.0,457.889,3.843,22.522,12807.504,608.537,2928.183,139.13,-0.603,-0.105,363.262,17.26,40.006,24.451,347.77,7319.299,347.77,15.413,3.162,76.543,52558.258,2.031,2.141,44.476,4482.668,212.99,44650.43,2121.526,61.245,85.241,4.74,11.461,253.239,957.821,45.51,5329.755,-10.896,0.0,0.0,0.0,13.086,10.175,159.24,51.126,4.455,13.312,102.917,4.89,280.174,1.406,0.535,9.99,31.532,367.318,2836.631,134.78,7730.706,38.756,14.759,0.0,0.0,8.874,27.02,353.329,2729.084,129.67,7436.297,37.286,14.197,0.84,10.493,1259.75,596.665,28.35,26513.172,0.6225,0.0,0.0,0.0,8.152,50.616,0.587,0.188,8.82,5.028,0.028,3.957,7.895,12.365,0.054,0.233,0.024,7319.299,2497.259,48.708,4.512,13.989,107.547,5.11,294.409,1.469,0.562,10.051,0.002,0.021,0.21,0.01,0.445,0.003,0.001,67.092,0.027,0.068,0.421,0.02,1.426,0.006,0.003,KOR,47514158.0,1229830488064.0,27.92,0.588,485.213,9.148,1.922,462.796,9.79,2.161,9.74,0.376,0.186,10.212,0.395,0.195,195.319,4.111,542.755,11.423,0.441,510.72,8275.798,6118.686,3178.031,0.0,394.851,-2141.51,4129.646,62.55,52214.469,2.018,0.0,0.0,51.401,1.082,10.922,10.871,-22.417,-0.472,35.333,0.744,12.243,0.258,205.372,4.322,0.109,5.2,2482.262,3.233,1.754,1.371,1.857,2.448,0.734,0.331,0.572,0.0,0.289,-0.295,1.04,1.33,0.0,1.004,-0.369,1.937,2.353,0.434,0.001,0.004,0.005,0.0,516.537,518.973,57.542,11.859,5.2558257795951016e-05,1.0211966715268106e-05,2.0305717123106835e-09,3.9453648670218175e-10,2420.716,2315.477,2260.798,476.065,455.631,439.981,2.0121212999388117e-09,2.053426480491366e-09,2.081264597699376e-09,3.957095861948987e-10,4.0406566799530357e-10,4.050414406596119e-10
South Korea,2004,KOR,47697022.0,1281243873280.0,120.93,0.0,0.0,0.0,6.08,0.29,0.079,0.0,462.611,5.497,33.452,13459.725,641.989,3006.687,143.41,-3.244,-0.56,350.129,16.7,38.968,25.111,368.02,7715.786,368.02,15.829,2.696,67.324,53768.199,2.002,3.209,68.079,4877.663,232.65,45906.527,2189.605,63.217,85.645,17.182,43.511,296.75,1324.611,63.18,6221.561,-10.896,0.0,0.0,0.0,17.168,11.607,170.25,-11.759,-1.629,11.683,90.362,4.31,244.945,1.171,0.457,0.444,-0.323,366.994,2838.123,135.37,7694.283,36.783,14.355,0.0,0.0,0.804,0.912,354.241,2740.423,130.71,7426.893,35.517,13.856,-0.705,-8.884,1250.866,546.365,26.06,26225.242,0.6225,0.0,0.0,0.0,7.081,48.927,0.915,0.293,8.82,55.782,0.328,6.14,7.895,19.188,0.08,0.233,0.036,7715.786,2564.583,-8.714,-1.235,12.754,97.7,4.66,267.389,1.266,0.499,27.348,0.006,0.027,0.21,0.01,0.561,0.003,0.001,90.798,0.061,0.129,1.048,0.05,2.696,0.014,0.005,KOR,47697076.0,1281243873280.0,26.124,0.548,491.389,6.177,1.273,469.989,7.193,1.554,9.854,0.367,0.185,10.302,0.384,0.193,203.138,4.259,553.117,11.596,0.432,536.844,8767.188,6588.676,3381.169,0.0,455.085,-2162.91,4325.902,68.188,53221.828,1.983,0.0,0.0,60.234,1.263,11.031,11.004,-21.4,-0.449,35.882,0.752,13.052,0.274,196.256,4.115,0.118,5.638,2540.134,2.894,1.716,1.381,1.868,2.466,0.759,0.35,0.597,0.0,0.32,-0.296,1.06,1.382,0.0,1.14,-0.396,1.784,2.435,0.445,0.001,0.004,0.005,0.0,524.868,526.14,61.728,12.562,5.376819961631874e-05,1.0302287712563129e-05,2.001635327577908e-09,3.8352495590245294e-10,2497.259,2420.716,2315.477,485.213,476.065,455.631,2.0305717123106835e-09,2.0121212999388117e-09,2.053426480491366e-09,3.9453648670218175e-10,3.957095861948987e-10,4.0406566799530357e-10
South Korea,2005,KOR,47851594.0,1322354606080.0,120.93,0.0,0.0,0.0,5.433,0.26,0.067,0.0,449.56,1.651,10.602,13637.809,652.591,3142.215,150.36,-11.25,-1.879,309.734,14.821,38.606,24.783,389.47,8139.123,389.47,16.375,3.044,78.054,55225.688,1.998,1.734,37.964,4986.667,238.62,46551.609,2227.569,61.268,84.595,7.069,20.976,317.726,1347.708,64.49,6639.816,-10.896,5.703,119.183,5.703,16.558,12.066,175.09,-14.794,-1.809,9.874,76.695,3.67,206.356,0.942,0.375,11.435,38.647,405.642,3152.455,150.85,8477.074,38.732,15.405,0.0,0.0,12.29,40.327,394.567,3067.4,146.78,8245.646,37.687,14.984,0.511,6.386,1257.252,496.744,23.77,26273.984,0.6225,0.0,0.0,0.0,6.103,47.746,0.812,0.26,8.82,-11.287,-0.103,5.43,7.895,16.967,0.067,0.233,0.031,8139.123,2642.637,-12.526,-1.679,11.074,85.055,4.07,231.429,1.045,0.421,45.857,0.012,0.039,0.209,0.01,0.809,0.003,0.001,173.783,0.221,0.349,2.717,0.13,7.297,0.033,0.013,KOR,47851646.0,1322354606080.0,23.326,0.487,498.688,7.299,1.485,477.725,7.736,1.646,9.983,0.361,0.182,10.422,0.377,0.19,209.293,4.374,581.882,12.16,0.44,560.17,9265.876,7066.4,3590.462,0.0,520.355,-2183.874,4520.972,73.918,54823.371,1.985,0.0,0.0,65.27,1.364,11.155,11.153,-20.963,-0.438,36.327,0.759,13.23,0.276,195.069,4.077,0.12,5.73,2625.468,2.409,1.684,1.384,1.812,2.464,0.782,0.369,0.622,0.0,0.353,-0.297,1.079,1.428,0.0,1.208,-0.429,1.756,2.365,0.456,0.001,0.004,0.006,0.0,533.677,533.763,83.194,16.683,5.522568380898544e-05,1.0421543284007192e-05,1.998432937617132e-09,3.771212333719737e-10,2564.583,2497.259,2420.716,491.389,485.213,476.065,2.001635327577908e-09,2.0305717123106835e-09,2.0121212999388117e-09,3.8352495590245294e-10,3.9453648670218175e-10,3.957095861948987e-10
South Korea,2006,KOR,48006467.0,1381281431552.0,120.93,0.5,10.417,0.5,4.999,0.24,0.06,0.019,451.177,3.349,21.857,14049.095,674.447,3207.693,153.99,-0.282,-0.042,307.863,14.779,38.212,25.195,402.99,8394.494,402.99,16.644,1.642,43.405,55951.668,1.945,1.814,40.418,5213.047,250.26,47243.367,2267.987,62.101,84.723,5.432,17.26,334.986,1558.957,74.84,6977.932,-10.896,-0.621,105.855,5.082,18.571,12.514,181.82,-5.602,-0.603,9.271,72.282,3.47,193.13,0.861,0.346,1.572,3.33,408.972,3181.446,152.73,8519.095,37.899,15.277,0.0,0.0,1.342,3.157,397.724,3098.541,148.75,8284.807,36.912,14.857,0.104,1.302,1258.554,446.398,21.43,26216.342,0.6225,0.0,0.0,0.0,5.318,47.014,0.754,0.241,8.82,-7.13,-0.058,5.026,7.895,15.707,0.06,0.233,0.028,8394.494,2686.042,9.846,0.173,11.247,82.905,3.98,234.288,0.988,0.42,115.446,0.044,0.083,0.625,0.03,1.728,0.007,0.003,83.936,0.29,0.639,4.999,0.24,13.307,0.06,0.024,KOR,48006518.0,1381281431552.0,23.14,0.482,503.478,4.79,0.96,483.091,5.366,1.123,10.063,0.35,0.181,10.488,0.365,0.189,216.428,4.508,607.614,12.657,0.44,583.309,9769.354,7549.492,3806.89,0.0,588.35,-2204.26,4711.026,79.779,55548.691,1.932,0.0,0.0,67.995,1.416,11.228,11.225,-20.387,-0.425,36.984,0.77,12.671,0.264,190.054,3.959,0.122,5.861,2669.078,2.192,1.644,1.343,1.775,2.452,0.804,0.387,0.645,0.0,0.385,-0.297,1.095,1.47,0.0,1.224,-0.382,1.694,2.317,0.466,0.001,0.004,0.006,0.0,538.892,539.023,104.136,20.683,5.5951670011457916e-05,1.0487700857620825e-05,1.9446015407461015e-09,3.645006647445445e-10,2642.637,2564.583,2497.259,498.688,491.389,485.213,1.998432937617132e-09,2.001635327577908e-09,2.0305717123106835e-09,3.771212333719737e-10,3.8352495590245294e-10,3.9453648670218175e-10
South Korea,2007,KOR,48178072.0,1446721486848.0,120.93,0.605,22.933,1.105,7.887,0.38,0.089,0.04,473.614,5.113,34.482,14714.776,708.93,3547.049,170.89,5.602,0.828,323.951,15.607,40.171,25.711,425.41,8829.951,425.41,16.932,2.965,79.643,57405.48,1.912,4.233,95.993,5770.468,278.01,49067.559,2363.98,65.351,85.736,8.308,27.832,362.818,1751.834,84.4,7530.763,-19.178,-0.975,85.249,4.107,19.84,13.159,201.48,4.733,0.387,9.659,75.345,3.63,200.478,0.853,0.35,-3.083,-15.668,393.304,3059.483,147.4,8163.545,34.649,14.264,0.0,0.0,-3.907,-17.572,380.152,2966.91,142.94,7890.562,33.601,13.787,2.676,33.679,1292.233,471.584,22.72,26822.02,0.6225,0.0,0.0,0.0,5.341,46.866,1.2,0.384,8.82,59.105,0.446,7.968,7.895,24.901,0.09,0.233,0.044,8829.951,2765.685,24.302,1.904,13.152,92.573,4.46,272.983,1.048,0.477,129.769,0.107,0.19,1.453,0.07,3.935,0.016,0.007,57.231,0.36,0.999,7.887,0.38,20.737,0.089,0.036,KOR,48178122.0,1446721486848.0,26.275,0.545,521.709,18.231,3.621,501.868,18.777,3.887,10.417,0.347,0.183,10.829,0.361,0.19,228.427,4.741,633.599,13.151,0.438,609.584,10291.062,8051.359,4035.317,0.0,661.72,-2224.102,4898.284,86.157,57011.746,1.9,0.0,0.0,73.37,1.523,11.562,11.578,-19.841,-0.412,37.284,0.774,12.657,0.263,187.258,3.887,0.132,6.378,2749.141,2.317,1.654,1.389,1.787,2.445,0.825,0.405,0.67,0.0,0.417,-0.298,1.109,1.515,0.0,1.274,-0.432,1.664,2.457,0.477,0.001,0.005,0.006,0.0,557.804,557.04,111.89,21.447,5.740547276362455e-05,1.0828753349912418e-05,1.9116913829942838e-09,3.6061467583277375e-10,2686.042,2642.637,2564.583,503.478,498.688,491.389,1.9446015407461015e-09,1.998432937617132e-09,2.001635327577908e-09,3.645006647445445e-10,3.771212333719737e-10,3.8352495590245294e-10
South Korea,2008,KOR,48356441.0,1477425233920.0,86.316,0.954,42.57,2.059,13.442,0.65,0.147,0.073,477.463,11.248,79.739,16309.492,788.669,3962.657,191.62,-3.915,-0.611,310.119,14.996,43.293,28.1,442.61,9153.072,442.61,17.345,1.824,50.451,58237.039,1.906,1.282,30.3,5939.436,287.21,49513.156,2394.28,64.89,85.306,2.908,10.551,373.368,1690.985,81.77,7721.171,-38.701,-1.589,52.064,2.518,18.475,13.303,211.33,-15.462,-1.558,8.101,63.487,3.07,167.518,0.694,0.289,6.03,19.103,412.406,3213.636,155.4,8528.47,35.11,14.694,0.0,0.0,5.611,18.154,398.306,3121.818,150.96,8236.873,34.107,14.191,-4.642,-59.991,1232.243,285.794,13.82,25482.49,0.6225,0.0,0.0,0.0,3.122,43.904,2.041,0.653,8.82,70.114,0.841,13.505,7.895,42.205,0.148,0.233,0.073,9153.072,2816.136,16.789,0.949,14.101,91.818,4.44,291.597,1.003,0.502,298.876,0.561,0.75,5.79,0.28,15.513,0.063,0.027,16.077,0.151,1.15,9.099,0.44,23.792,0.099,0.041,KOR,48356486.0,1477425233920.0,26.08,0.539,532.651,10.942,2.097,513.25,11.383,2.268,10.614,0.347,0.184,11.015,0.361,0.191,253.041,5.233,639.535,13.225,0.433,635.664,10823.714,8564.609,4288.359,0.0,737.644,-2243.502,5069.373,92.674,57747.695,1.892,0.0,0.0,75.924,1.57,11.682,11.709,-19.4,-0.401,34.66,0.717,12.099,0.25,171.088,3.538,0.135,6.517,2794.909,2.27,1.661,1.389,1.917,2.438,0.846,0.423,0.696,0.0,0.448,-0.299,1.12,1.558,0.0,1.281,-0.398,1.527,2.507,0.487,0.001,0.005,0.006,0.0,566.226,564.909,106.884,20.066,5.8237040232136644e-05,1.101508906168221e-05,1.9061106683064065e-09,3.6052653479238063e-10,2765.685,2686.042,2642.637,521.709,503.478,498.688,1.9116913829942838e-09,1.9446015407461015e-09,1.998432937617132e-09,3.6061467583277375e-10,3.645006647445445e-10,3.771212333719737e-10
South Korea,2009,KOR,48546637.0,1477640585216.0,47.458,0.977,62.526,3.035,11.123,0.54,0.119,0.107,495.679,3.847,30.344,16870.637,819.013,4334.389,210.42,-9.16,-1.374,280.609,13.623,46.507,29.001,452.45,9319.904,452.45,17.563,0.596,16.788,58354.688,1.917,1.108,26.529,6181.067,300.07,49865.629,2420.809,66.321,85.721,-4.942,-18.453,354.915,1468.691,71.3,7310.806,130.463,3.285,119.519,5.802,15.759,12.568,224.27,-8.369,-0.717,7.384,57.882,2.81,152.094,0.621,0.261,-1.302,-9.168,403.238,3138.837,152.38,8306.207,33.679,14.279,0.0,0.0,-2.111,-10.456,387.85,3043.877,147.77,7989.223,32.66,13.734,1.188,14.638,1246.881,377.987,18.35,25684.189,0.6225,0.0,0.0,0.0,4.056,44.152,1.685,0.539,8.82,-17.458,-0.356,11.104,7.895,34.7,0.119,0.233,0.06,9319.904,2832.924,17.489,1.288,15.389,94.96,4.61,316.985,1.019,0.545,99.142,0.736,1.486,11.741,0.57,30.611,0.126,0.053,57.179,0.648,1.799,14.213,0.69,37.054,0.153,0.064,KOR,48546689.0,1477640585216.0,24.553,0.506,537.82,5.169,0.97,519.382,6.132,1.195,10.699,0.351,0.185,11.078,0.364,0.191,262.395,5.405,574.91,11.842,0.389,660.218,11361.534,9083.992,4550.753,0.0,809.815,-2261.939,5242.081,98.667,57844.699,1.902,0.0,0.0,72.171,1.487,11.751,11.796,-18.437,-0.38,35.284,0.727,11.955,0.246,172.708,3.558,0.123,5.992,2810.56,2.077,1.705,1.411,2.011,2.422,0.867,0.44,0.724,0.0,0.475,-0.299,1.13,1.594,0.0,1.248,-0.35,1.576,2.456,0.497,0.001,0.005,0.007,0.0,572.639,570.453,37.09,6.896,5.835469097478249e-05,1.107840742753824e-05,1.917194227299791e-09,3.6397213597201113e-10,2816.136,2765.685,2686.042,532.651,521.709,503.478,1.9061106683064065e-09,1.9116913829942838e-09,1.9446015407461015e-09,3.6052653479238063e-10,3.6061467583277375e-10,3.645006647445445e-10
South Korea,2010,KOR,48769268.0,1562822836224.0,36.782,1.116,85.134,4.152,8.612,0.42,0.085,0.136,500.687,11.863,97.158,18785.828,916.171,4501.811,219.55,-17.269,-2.352,231.092,11.27,44.352,30.073,495.02,10150.244,495.02,17.687,7.882,223.304,62667.078,1.956,9.068,219.525,6986.572,340.73,54139.293,2640.333,68.832,86.668,26.837,95.25,450.165,2131.875,103.97,9230.5,7.988,0.463,128.477,6.266,21.003,14.777,247.85,30.883,2.205,9.588,75.457,3.68,196.609,0.743,0.315,1.948,2.917,406.155,3163.673,154.29,8328.103,31.168,13.332,0.0,0.0,0.558,-0.882,386.968,3047.001,148.6,7934.669,30.019,12.702,2.175,27.117,1273.998,352.886,17.21,26122.963,0.6225,0.0,0.0,0.0,3.477,41.819,1.305,0.418,8.82,-22.504,-0.379,8.566,7.895,26.768,0.084,0.233,0.043,10150.244,3056.228,28.835,3.799,19.187,116.672,5.69,393.433,1.149,0.63,36.601,0.528,2.014,15.789,0.77,41.299,0.156,0.066,19.202,0.329,2.127,16.814,0.82,43.623,0.166,0.07,KOR,48769330.0,1562822836224.0,24.297,0.498,594.339,56.519,10.509,575.579,56.197,10.82,11.802,0.368,0.19,12.187,0.38,0.196,295.05,6.05,650.903,13.347,0.416,684.515,11955.873,9659.571,4845.804,0.0,901.357,-2280.699,5418.237,105.96,62181.16,1.942,0.0,0.0,91.541,1.877,12.872,12.917,-18.76,-0.385,35.873,0.736,12.444,0.255,176.156,3.612,0.15,7.294,3035.251,1.924,1.782,1.482,2.114,2.4,0.889,0.46,0.754,0.0,0.51,-0.299,1.141,1.646,0.0,1.47,-0.342,1.556,2.963,0.509,0.001,0.005,0.007,0.0,629.962,627.771,56.564,9.517,6.266708780619667e-05,1.2186737033295062e-05,1.955581867093955e-09,3.8029838457953863e-10,2832.924,2816.136,2765.685,537.82,532.651,521.709,1.917194227299791e-09,1.9061106683064065e-09,1.9116913829942838e-09,3.6397213597201113e-10,3.6052653479238063e-10,3.6061467583277375e-10
South Korea,2011,KOR,49127592.0,1609219833856.0,-2.801,-0.116,82.145,4.036,20.762,1.02,0.197,0.126,497.067,9.424,86.34,20406.27,1002.511,4582.761,225.14,0.0,0.0,229.406,11.27,43.45,31.343,518.16,10547.229,518.16,17.624,4.978,152.124,65306.504,1.994,5.058,133.537,7247.251,356.04,56462.574,2773.87,68.712,86.725,7.617,34.29,484.455,2350.41,115.47,9861.151,-16.144,-1.012,106.95,5.254,22.285,15.146,257.56,24.87,2.323,11.911,93.634,4.6,242.451,0.888,0.372,4.875,18.44,424.595,3299.979,162.12,8642.703,31.288,13.275,0.0,0.0,4.124,13.869,400.837,3149.35,154.72,8159.103,29.86,12.532,1.013,12.907,1286.905,314.08,15.43,26195.152,0.6225,0.0,0.0,0.0,2.978,40.235,3.185,1.019,8.82,144.007,1.88,20.749,7.895,64.84,0.197,0.233,0.1,10547.229,3208.351,16.219,4.571,23.758,150.628,7.4,483.601,1.428,0.743,19.308,0.376,2.391,18.727,0.92,48.66,0.178,0.075,5.623,0.108,2.235,17.505,0.86,45.503,0.166,0.07,KOR,49127641.0,1609219833856.0,24.721,0.503,623.443,29.104,4.897,608.39,32.811,5.7,12.384,0.378,0.192,12.69,0.387,0.196,320.169,6.517,675.296,13.746,0.42,709.236,12579.315,10267.961,5165.973,0.0,999.87,-2295.752,5589.706,114.532,64597.434,1.974,0.0,0.0,98.513,2.005,13.385,13.461,-15.053,-0.306,36.119,0.735,12.477,0.254,171.469,3.49,0.174,8.572,3176.248,1.819,1.807,1.529,2.172,2.374,0.912,0.479,0.786,0.0,0.546,-0.299,1.149,1.706,0.0,1.536,-0.285,1.509,3.116,0.521,0.001,0.006,0.007,0.0,661.308,657.58,51.853,8.317,6.530649823015822e-05,1.2690269414726982e-05,1.993730708819425e-09,3.874194108744675e-10,3056.228,2832.924,2816.136,594.339,537.82,532.651,1.955581867093955e-09,1.917194227299791e-09,1.9061106683064065e-09,3.8029838457953863e-10,3.6397213597201113e-10,3.6052653479238063e-10
South Korea,2012,KOR,49599543.0,1647889350656.0,2.882,0.116,83.709,4.152,43.549,2.16,0.407,0.128,502.259,-4.088,-40.983,19385.818,961.528,4519.396,224.16,-2.761,-0.311,220.949,10.959,42.199,29.735,531.2,10709.776,531.2,17.811,1.075,34.492,65380.516,1.968,1.656,45.929,7514.183,372.7,56851.309,2819.799,70.162,87.203,8.428,40.832,525.286,2589.943,128.46,10590.549,-3.684,-0.194,102.03,5.061,24.183,16.245,266.8,-13.673,-1.682,10.229,80.041,3.97,206.241,0.747,0.316,-2.117,-10.777,413.819,3195.594,158.5,8343.192,29.838,12.797,0.0,0.0,-2.841,-13.396,387.441,3030.875,150.33,7811.391,28.3,11.982,3.581,46.08,1332.985,404.842,20.08,26874.939,0.6225,0.0,0.0,0.0,3.78,41.223,6.738,2.156,8.82,111.534,3.553,43.473,7.895,135.854,0.406,0.233,0.208,10709.776,3242.844,7.683,2.619,26.377,164.719,8.17,531.801,1.538,0.816,22.145,0.514,2.905,22.782,1.13,58.567,0.213,0.09,5.781,0.117,2.353,18.347,0.91,47.43,0.171,0.073,KOR,49599579.0,1647889350656.0,24.849,0.501,627.943,4.5,0.722,611.548,3.158,0.519,12.33,0.371,0.19,12.66,0.381,0.195,316.99,6.391,656.025,13.226,0.398,734.084,13207.258,10879.51,5482.962,0.0,1106.436,-2312.147,5760.523,123.253,64799.957,1.952,0.0,0.0,106.566,2.149,13.36,13.433,-16.395,-0.331,36.973,0.745,12.64,0.255,170.817,3.444,0.176,8.721,3216.293,1.782,1.794,1.504,2.126,2.347,0.934,0.499,0.815,0.0,0.583,-0.299,1.157,1.763,0.0,1.627,-0.29,1.486,3.152,0.533,0.001,0.006,0.007,0.0,666.282,662.642,28.082,4.472,6.538052175198337e-05,1.2660248587996832e-05,1.9678772720444324e-09,3.81058958691629e-10,3208.351,3056.228,2832.924,623.443,594.339,537.82,1.993730708819425e-09,1.955581867093955e-09,1.917194227299791e-09,3.874194108744675e-10,3.8029838457953863e-10,3.6397213597201113e-10
South Korea,2013,KOR,50071119.0,1700045127680.0,5.042,0.209,87.101,4.361,62.311,3.12,0.581,0.135,512.296,-0.06,-0.579,19191.67,960.948,4491.212,224.88,-13.324,-1.46,189.706,9.499,41.864,29.724,537.17,10728.141,537.17,17.911,-0.014,-0.47,64755.367,1.907,0.919,25.925,7752.173,388.16,56833.633,2845.724,72.26,88.022,4.659,24.472,549.758,2858.334,143.12,10979.548,6.18,0.313,107.315,5.373,26.643,17.005,275.19,8.068,0.741,10.97,85.678,4.29,219.088,0.799,0.339,-5.701,-26.586,387.232,2975.967,149.01,7733.642,27.74,11.978,0.0,0.0,-7.679,-32.495,354.946,2771.658,138.78,7088.841,25.835,10.979,0.152,2.032,1335.017,402.627,20.16,26662.416,0.6225,0.0,0.0,0.0,3.753,41.294,9.753,3.121,8.82,44.74,3.015,62.331,7.895,194.783,0.581,0.233,0.302,10728.141,3242.374,18.432,5.909,32.286,204.309,10.23,644.801,1.904,0.999,47.959,1.36,4.265,33.353,1.67,85.18,0.311,0.132,25.794,0.584,2.937,22.967,1.15,58.649,0.214,0.091,KOR,50071168.0,1700045127680.0,25.05,0.5,634.581,6.638,1.057,618.111,6.563,1.073,12.345,0.364,0.192,12.674,0.373,0.197,320.644,6.404,656.951,13.12,0.386,759.134,13841.839,11497.62,5803.606,0.0,1217.967,-2328.617,5929.105,132.027,64390.82,1.898,0.0,0.0,111.531,2.227,13.375,13.435,-16.47,-0.329,37.175,0.742,12.485,0.249,168.582,3.367,0.175,8.774,3225.866,1.722,1.798,1.529,2.137,2.319,0.955,0.517,0.844,0.0,0.621,-0.299,1.164,1.813,0.0,1.693,-0.322,1.456,2.979,0.545,0.001,0.006,0.008,0.0,672.719,669.687,22.37,3.525,6.475537325219226e-05,1.2673580931844597e-05,1.9072281948331392e-09,3.7327303238473053e-10,3242.844,3208.351,3056.228,627.943,623.443,594.339,1.9678772720444324e-09,1.993730708819425e-09,1.955581867093955e-09,3.81058958691629e-10,3.874194108744675e-10,3.8029838457953863e-10
South Korea,2014,KOR,50539008.0,1754480640000.0,5.067,0.221,90.667,4.582,124.656,6.3,1.166,0.141,493.634,3.063,29.437,19596.445,990.385,4486.831,226.76,-3.691,-0.351,181.012,9.148,41.963,30.387,540.38,10692.335,540.38,18.048,0.833,26.996,64690.035,1.863,-0.896,-25.508,7342.447,371.08,55802.75,2820.216,68.67,86.53,-9.044,-49.718,500.04,2586.121,130.7,9894.139,-30.505,-1.639,73.888,3.734,24.187,15.342,266.75,-35.853,-3.969,7.001,54.413,2.75,138.528,0.509,0.215,13.373,51.795,439.027,3349.888,169.3,8686.889,31.33,13.47,0.0,0.0,12.698,43.035,397.981,3094.837,156.41,7874.728,28.944,12.211,-0.391,-5.226,1329.791,269.495,13.62,26312.164,0.6225,0.0,0.0,0.0,2.52,40.801,19.692,6.301,8.82,101.903,9.939,124.682,7.895,389.632,1.166,0.233,0.604,10692.335,3269.37,19.795,8.76,41.046,255.051,12.89,812.161,2.385,1.259,61.567,2.591,6.856,53.226,2.69,135.655,0.498,0.21,-0.227,-0.022,2.915,22.755,1.15,57.679,0.213,0.089,KOR,50539055.0,1754480640000.0,25.412,0.503,629.366,-5.214,-0.822,613.377,-4.734,-0.766,12.137,0.35,0.189,12.453,0.359,0.193,331.304,6.555,672.573,13.308,0.383,784.546,14471.206,12110.997,6134.91,0.0,1319.412,-2344.606,6090.639,141.699,64335.422,1.854,0.0,0.0,101.445,2.007,13.157,13.22,-15.989,-0.316,37.659,0.745,12.109,0.24,161.534,3.196,0.191,9.672,3252.673,1.691,1.775,1.502,2.206,2.292,0.975,0.535,0.873,0.0,0.65,-0.299,1.169,1.867,0.0,1.53,-0.296,1.392,3.167,0.556,0.001,0.006,0.008,0.0,668.111,664.945,43.207,6.865,6.469003111418284e-05,1.2453062290143484e-05,1.8634403398147498e-09,3.587192617867815e-10,3242.374,3242.844,3208.351,634.581,627.943,623.443,1.9072281948331392e-09,1.9678772720444324e-09,1.993730708819425e-09,3.7327303238473053e-10,3.81058958691629e-10,3.874194108744675e-10
South Korea,2015,KOR,50983856.0,1803763843072.0,11.929,0.547,100.597,5.129,146.713,7.48,1.365,0.155,488.116,0.433,4.286,19509.527,994.671,4582.823,233.65,0.915,0.084,181.075,9.232,42.652,30.05,547.8,10744.577,547.8,18.079,1.564,51.138,65128.629,1.841,0.877,24.73,7214.833,367.84,55800.91,2844.946,67.149,85.947,-8.708,-43.543,456.497,2381.734,121.43,8953.762,-41.615,-1.554,42.763,2.18,22.167,13.791,267.39,-22.014,-1.569,5.432,42.17,2.15,106.547,0.392,0.164,6.445,26.135,465.162,3529.745,179.96,9123.706,32.851,14.053,0.0,0.0,5.342,19.139,417.12,3231.611,164.76,8181.415,30.077,12.601,4.812,63.987,1393.777,250.275,12.76,27337.621,0.6225,0.0,0.0,0.0,2.329,42.107,23.373,7.479,8.82,18.696,3.682,146.702,7.895,458.443,1.365,0.233,0.706,10744.577,3320.509,16.318,6.996,48.042,298.134,15.2,942.291,2.775,1.451,56.993,3.853,10.709,82.967,4.23,210.041,0.772,0.324,17.187,0.484,3.399,26.283,1.34,66.663,0.245,0.103,KOR,50983908.0,1803763843072.0,25.779,0.506,634.177,4.811,0.764,617.983,4.606,0.751,12.121,0.343,0.187,12.439,0.352,0.192,335.411,6.579,666.679,13.076,0.37,810.325,15105.383,12728.979,6470.321,0.0,1412.001,-2360.801,6261.232,151.503,64899.633,1.835,0.0,0.0,92.589,1.816,13.151,13.217,-16.195,-0.318,38.226,0.75,12.477,0.245,170.594,3.346,0.192,9.804,3309.518,1.776,1.791,1.51,2.287,2.271,0.994,0.552,0.902,0.0,0.674,-0.299,1.175,1.919,0.0,1.368,-0.293,1.442,3.229,0.567,0.001,0.007,0.008,0.0,673.841,670.507,32.502,5.125,6.51286360137204e-05,1.2438767934384072e-05,1.840877902477978e-09,3.515853821085191e-10,3269.37,3242.374,3242.844,629.366,634.581,627.943,1.8634403398147498e-09,1.9072281948331392e-09,1.9678772720444324e-09,3.587192617867815e-10,3.7327303238473053e-10,3.81058958691629e-10
South Korea,2016,KOR,51297794.0,1856920748032.0,18.594,0.954,118.572,6.082,157.512,8.08,1.44,0.177,489.884,-2.674,-26.594,18871.713,968.077,4560.625,233.95,-2.154,-0.199,176.09,9.033,41.703,28.243,560.99,10935.947,560.99,17.808,3.567,118.433,67038.789,1.852,4.186,119.084,7424.686,380.87,57780.848,2964.03,67.892,86.475,4.368,19.94,476.437,2528.374,129.7,9287.669,-18.085,-0.394,34.815,1.786,23.12,13.9,274.82,32.649,1.719,7.151,55.558,2.85,139.41,0.508,0.209,0.602,-1.567,463.594,3511.262,180.12,9037.316,32.108,13.525,0.0,0.0,-1.68,-10.097,407.023,3157.836,161.99,7934.51,28.876,11.875,9.021,125.738,1519.516,335.687,17.22,29621.463,0.6225,0.0,0.0,0.0,3.07,44.331,25.249,8.08,8.82,8.024,1.876,157.504,7.895,492.199,1.44,0.233,0.737,10935.947,3438.942,19.095,8.53,56.572,353.426,18.13,1102.806,3.232,1.65,30.407,3.151,13.86,107.607,5.52,270.181,0.984,0.404,25.38,0.83,4.229,32.75,1.68,82.444,0.299,0.123,KOR,51297837.0,1856920748032.0,26.672,0.52,637.914,3.737,0.589,621.883,3.9,0.631,12.123,0.335,0.183,12.435,0.344,0.187,320.697,6.252,655.504,12.778,0.353,836.997,15743.297,13350.863,6791.019,0.0,1508.656,-2376.832,6445.267,161.358,66408.734,1.835,0.0,0.0,96.655,1.884,13.156,13.214,-16.031,-0.313,38.388,0.748,12.946,0.252,184.034,3.588,0.192,9.855,3407.431,1.79,1.801,1.562,2.237,2.252,1.012,0.57,0.928,0.0,0.697,-0.3,1.183,1.969,0.0,1.39,-0.364,1.538,3.28,0.578,0.001,0.007,0.009,0.0,677.875,674.863,17.59,2.757,6.703878923136408e-05,1.2435495087248759e-05,1.8519594891944937e-09,3.435332394643516e-10,3320.509,3269.37,3242.374,634.177,629.366,634.581,1.840877902477978e-09,1.8634403398147498e-09,1.9072281948331392e-09,3.515853821085191e-10,3.587192617867815e-10,3.7327303238473053e-10
South Korea,2017,KOR,51486222.0,1915599585280.0,7.839,0.477,127.4,6.559,186.652,9.61,1.667,0.189,510.886,6.113,59.178,19952.051,1027.256,5039.989,259.49,-9.565,-0.864,158.663,8.169,45.018,29.614,576.41,11195.422,576.41,17.975,1.18,40.575,67581.516,1.816,2.205,65.357,7878.807,405.65,58838.785,3029.387,70.375,87.331,4.434,21.127,497.564,2641.483,136.0,9664.021,-18.085,-0.394,34.815,1.786,23.594,14.344,294.48,-1.316,-0.129,7.022,54.578,2.81,136.387,0.488,0.202,-4.774,-24.141,439.453,3316.615,170.76,8535.355,29.625,12.669,0.0,0.0,-8.376,-35.956,371.067,2882.907,148.43,7207.109,25.751,10.697,-0.984,-14.949,1504.567,197.334,10.16,29222.715,0.6225,0.0,0.0,0.0,1.763,43.374,30.034,9.611,8.82,18.953,4.786,186.671,7.895,583.346,1.667,0.233,0.866,11195.422,3479.517,19.331,11.815,68.386,433.708,22.33,1328.246,3.874,1.971,40.301,5.488,19.348,150.331,7.74,375.789,1.343,0.558,28.867,1.194,5.423,42.147,2.17,105.325,0.376,0.156,KOR,51486268.0,1915599585280.0,26.351,0.512,654.537,16.623,2.606,638.558,16.675,2.681,12.402,0.333,0.185,12.713,0.342,0.19,337.669,6.558,689.193,13.386,0.36,863.347,16397.834,13989.421,7128.688,0.0,1609.517,-2392.811,6624.68,171.602,66893.758,1.799,0.0,0.0,100.861,1.959,13.446,13.505,-15.979,-0.31,39.105,0.76,13.036,0.253,179.413,3.485,0.199,10.244,3445.807,1.746,1.819,1.588,2.327,2.232,1.03,0.587,0.956,0.0,0.72,-0.3,1.189,2.02,0.0,1.415,-0.378,1.477,3.383,0.59,0.001,0.007,0.009,0.0,695.344,692.286,34.656,5.295,6.758151724552507e-05,1.2712846073830547e-05,1.816411439393481e-09,3.4168779583668966e-10,3438.942,3320.509,3269.37,637.914,634.177,629.366,1.8519594891944937e-09,1.840877902477978e-09,1.8634403398147498e-09,3.435332394643516e-10,3.515853821085191e-10,3.587192617867815e-10
South Korea,2018,KOR,51640842.0,1971285917696.0,21.631,1.419,154.494,7.978,228.695,11.81,1.992,0.225,518.283,2.982,30.628,20485.404,1057.884,4967.773,256.54,-19.192,-1.568,127.829,6.601,43.269,29.779,592.9,11481.223,592.9,17.94,2.387,83.055,68987.492,1.807,3.507,106.236,8357.532,431.59,60719.816,3135.622,72.793,88.268,16.174,80.476,578.04,3179.073,164.17,11193.468,-18.085,-0.394,34.815,1.786,27.689,16.272,307.29,19.602,1.335,8.357,65.065,3.36,161.825,0.567,0.235,-4.525,-22.671,416.782,3123.69,161.31,8070.783,27.207,11.732,0.0,0.0,-10.053,-38.964,332.103,2585.357,133.51,6431.007,22.518,9.349,-0.324,-4.868,1499.699,210.686,10.88,29040.943,0.6225,0.0,0.0,0.0,1.835,42.216,36.92,11.815,8.82,22.928,6.886,228.782,7.895,714.945,1.993,0.233,1.039,11481.223,3562.572,23.876,16.293,84.679,538.334,27.8,1639.776,4.689,2.384,31.377,5.944,25.292,196.937,10.17,489.774,1.715,0.712,13.64,0.709,6.132,47.637,2.46,118.739,0.415,0.173,KOR,51640894.0,1971285917696.0,24.702,0.478,670.169,15.631,2.388,654.419,15.862,2.484,12.673,0.332,0.187,12.977,0.34,0.191,340.348,6.591,721.304,13.968,0.366,888.049,17068.004,14643.84,7469.035,0.0,1726.69,-2408.561,6802.313,181.916,67787.555,1.777,0.0,0.0,117.173,2.269,13.713,13.771,-15.749,-0.305,39.393,0.763,13.097,0.254,177.633,3.44,0.2,10.313,3503.051,1.589,1.825,1.613,2.308,2.207,1.048,0.604,0.982,0.0,0.747,-0.3,1.195,2.067,0.0,1.569,-0.41,1.45,3.402,0.601,0.002,0.008,0.009,0.0,711.172,708.133,51.135,7.63,6.898748862382862e-05,1.2977486408348915e-05,1.8072325115394036e-09,3.3996539719782517e-10,3479.517,3438.942,3320.509,654.537,637.914,634.177,1.816411439393481e-09,1.8519594891944937e-09,1.840877902477978e-09,3.4168779583668966e-10,3.435332394643516e-10,3.515853821085191e-10
South Korea,2019,KOR,51767790.0,2015521669120.0,-0.146,-0.012,153.89,7.967,257.882,13.35,2.275,0.227,496.438,-5.744,-60.765,19261.369,997.119,4706.981,243.67,-9.667,-0.638,115.189,5.963,41.525,28.457,586.8,11335.233,586.8,18.16,-1.309,-46.637,67917.414,1.744,-2.908,-91.171,7879.031,407.88,58809.754,3044.451,69.509,86.886,-3.062,-17.702,560.338,3014.229,156.04,10824.072,-18.085,-0.394,34.815,1.786,26.592,15.992,291.31,-16.989,-1.454,6.903,53.895,2.79,133.339,0.475,0.197,10.395,42.733,459.515,3456.203,178.92,8876.465,30.491,13.114,0.0,0.0,9.291,29.06,361.163,2818.548,145.91,6976.588,24.865,10.307,-0.847,-12.705,1486.994,157.82,8.17,28724.312,0.6225,0.0,0.0,0.0,1.392,42.437,41.72,13.351,8.82,13.001,4.8,257.893,7.895,805.915,2.275,0.233,1.191,11335.233,3515.935,14.513,13.673,98.352,637.655,33.01,1899.877,5.625,2.807,39.591,9.839,35.131,274.109,14.19,678.626,2.418,1.003,8.693,0.5,6.632,51.77,2.68,128.107,0.457,0.189,KOR,51767843.0,2015521669120.0,24.93,0.482,646.102,-24.066,-3.591,630.599,-23.821,-3.64,12.181,0.313,0.182,12.481,0.321,0.187,321.606,6.212,708.224,13.681,0.351,912.979,17714.104,15274.439,7790.641,0.0,1840.276,-2424.064,6978.11,192.098,66842.078,1.718,0.0,0.0,113.586,2.194,13.21,13.27,-15.503,-0.299,39.536,0.764,12.888,0.249,175.797,3.396,0.197,10.183,3462.676,1.536,1.741,1.542,2.189,2.181,1.064,0.619,1.005,0.0,0.771,-0.301,1.2,2.11,0.0,1.488,-0.409,1.416,3.336,0.611,0.002,0.008,0.01,0.0,686.98,683.864,62.122,9.615,6.791742510159178e-05,1.2480759532514954e-05,1.744429273010544e-09,3.2056316233111774e-10,3562.572,3479.517,3438.942,670.169,654.537,637.914,1.8072325115394036e-09,1.816411439393481e-09,1.8519594891944937e-09,3.3996539719782517e-10,3.4168779583668966e-10,3.435332394643516e-10
South Korea,2020,KOR,51858440.0,2001231675392.0,1.46,0.116,155.864,8.083,270.544,14.03,2.431,0.239,457.357,-11.46,-114.273,17024.145,882.846,3990.093,206.92,-5.996,-0.358,108.093,5.606,35.854,26.147,577.12,11128.758,577.12,18.783,-3.59,-126.225,65364.66,1.694,-5.931,-180.557,7260.92,376.54,55225.223,2863.894,65.245,84.82,2.683,15.035,575.373,3131.602,162.4,11095.071,-18.085,-0.394,34.815,1.786,28.14,17.041,263.95,39.035,2.671,9.573,74.819,3.88,184.607,0.672,0.284,11.653,53.038,512.553,3867.837,200.58,9883.694,34.755,15.18,0.0,0.0,9.783,34.353,395.515,3088.793,160.18,7626.827,27.755,11.714,-5.469,-81.319,1405.675,139.225,7.22,27106.008,0.6225,0.0,0.0,0.0,1.251,41.632,43.856,14.034,8.82,5.118,2.135,270.618,7.895,845.68,2.432,0.233,1.299,11128.758,3389.709,18.312,18.685,117.038,779.044,40.4,2256.867,7.0,3.466,36.251,12.617,47.748,372.938,19.34,920.738,3.351,1.414,17.568,1.146,7.778,60.742,3.15,149.978,0.546,0.23,KOR,51858480.0,2001231675392.0,22.866,0.441,597.634,-48.468,-7.502,582.155,-48.444,-7.682,11.226,0.291,0.174,11.524,0.299,0.179,282.883,5.455,658.174,12.692,0.329,935.845,18311.74,15856.594,8073.524,0.0,1956.911,-2439.543,7143.178,202.281,64557.531,1.672,0.0,0.0,116.635,2.249,12.322,12.388,-15.479,-0.298,43.407,0.837,12.975,0.25,165.068,3.183,0.196,10.183,3346.965,1.396,1.701,1.51,1.983,2.151,1.077,0.633,1.022,0.0,0.794,-0.302,1.205,2.152,0.0,1.542,-0.45,1.506,3.451,0.62,0.002,0.008,0.01,0.0,642.407,639.013,60.54,10.13,6.53646542395015e-05,1.1524325433371523e-05,1.693811387097911e-09,2.98633090485606e-10,3515.935,3562.572,3479.517,646.102,670.169,654.537,1.744429273010544e-09,1.8072325115394036e-09,1.816411439393481e-09,3.2056316233111774e-10,3.3996539719782517e-10,3.4168779583668966e-10
South Korea,2021,KOR,51848358.0,2084182687744.0,1.295,0.105,157.913,8.188,330.772,17.15,2.822,0.23,459.277,2.975,26.262,17533.963,909.107,4090.583,212.09,-11.874,-0.666,95.276,4.94,34.897,25.538,607.76,11721.876,607.76,18.718,5.417,183.609,68918.633,1.714,5.891,168.722,7746.629,401.65,58490.098,3032.615,66.087,85.19,8.464,48.701,624.074,3482.077,180.54,12036.522,-18.085,-0.394,34.815,1.786,29.706,17.531,279.13,-21.219,-2.05,7.523,58.825,3.05,145.104,0.502,0.211,2.704,14.673,527.226,3975.246,206.11,10168.619,33.913,14.81,0.0,0.0,-1.354,-6.315,389.2,3047.541,158.01,7506.507,25.999,10.933,6.67,93.759,1499.434,173.969,9.02,28919.613,0.6225,0.0,0.0,0.0,1.484,42.121,53.602,17.153,8.82,22.223,9.746,330.822,7.895,1033.819,2.822,0.233,1.506,11721.876,3573.318,16.11,20.989,138.026,927.705,48.1,2662.112,7.914,3.877,27.819,13.133,60.881,476.775,24.72,1174.21,4.067,1.71,0.955,0.055,7.833,61.333,3.18,151.067,0.523,0.22,KOR,51848401.0,2084182687744.0,23.704,0.457,616.075,18.441,3.086,600.692,18.537,3.184,11.586,0.288,0.171,11.882,0.296,0.176,283.908,5.476,688.75,13.284,0.33,959.549,18927.814,16457.285,8357.433,0.006,2083.7,-2454.926,7314.663,212.463,67653.844,1.682,0.006,0.0,126.79,2.445,12.712,12.781,-15.383,-0.297,44.972,0.867,13.318,0.257,171.484,3.307,0.196,10.183,3506.508,1.397,1.665,1.482,1.876,2.123,1.09,0.647,1.038,0.0,0.819,-0.302,1.211,2.19,0.002,1.6,-0.433,1.487,3.378,0.629,0.002,0.008,0.01,0.0,662.686,659.075,72.675,11.796,6.891863383600174e-05,1.1882237216919924e-05,1.7144936578798175e-09,2.95595488640616e-10,3389.709,3515.935,3562.572,597.634,646.102,670.169,1.693811387097911e-09,1.744429273010544e-09,1.8072325115394036e-09,2.98633090485606e-10,3.2056316233111774e-10,3.3996539719782517e-10
South Korea,2022,KOR,51782473.0,2137558614016.0,-3.125,-0.256,153.173,7.932,344.711,17.85,2.858,0.22,438.184,-3.883,-35.301,16874.549,873.806,4024.721,208.41,-9.072,-0.448,86.742,4.492,33.367,24.24,624.6,12061.996,624.6,19.186,1.294,46.251,69899.516,1.693,-0.545,-16.527,7590.599,393.06,58245.352,3016.088,62.93,83.668,-0.046,-0.285,623.789,3404.627,176.3,12046.329,-18.085,-0.394,34.815,1.786,28.226,17.304,273.69,15.933,1.177,8.701,68.363,3.54,168.024,0.567,0.241,11.742,61.519,588.745,4471.397,231.54,11369.59,37.07,16.332,0.0,0.0,11.416,43.365,432.565,3399.799,176.05,8353.505,28.186,12.0,1.271,19.059,1518.494,161.251,8.35,29324.471,0.6225,0.0,0.0,0.0,1.337,42.124,55.775,17.848,8.82,4.054,2.173,344.671,7.895,1077.097,2.857,0.233,1.547,12061.996,3619.57,12.656,18.154,156.18,1071.598,55.49,3016.085,8.884,4.333,24.309,14.614,75.494,593.444,30.73,1457.916,4.92,2.094,5.957,0.446,8.279,65.08,3.37,159.876,0.54,0.23,KOR,51782514.0,2137558614016.0,23.409,0.452,602.092,-13.983,-2.27,586.824,-13.868,-2.309,11.332,0.275,0.166,11.627,0.282,0.17,268.099,5.177,681.718,13.165,0.319,982.958,19529.906,17044.109,8625.532,0.012,2210.432,-2470.195,7488.327,222.646,68364.156,1.657,0.006,0.0,126.732,2.447,12.462,12.54,-15.269,-0.295,45.351,0.876,13.443,0.26,173.664,3.354,0.197,10.183,3542.344,1.462,1.614,1.437,1.765,2.1,1.101,0.659,1.052,0.0,0.843,-0.303,1.215,2.226,0.002,1.606,-0.431,1.458,3.378,0.638,0.002,0.009,0.01,0.0,649.374,645.316,79.625,13.225,6.989951986263635e-05,1.1627322690435393e-05,1.6933196480631839e-09,2.8167274387334914e-10,3573.318,3389.709,3515.935,616.075,597.634,646.102,1.7144936578798175e-09,1.693811387097911e-09,1.744429273010544e-09,2.95595488640616e-10,2.98633090485606e-10,3.2056316233111774e-10
South Korea,2023,KOR,51748695.0,2137558614016.0,2.053,0.163,156.419,8.094,371.99,19.25,3.115,0.229,432.111,-3.297,-28.813,16328.782,844.993,3962.999,205.08,-21.232,-0.954,68.37,3.538,33.189,23.866,617.92,11940.784,617.92,19.434,-1.704,-61.671,68753.391,1.693,-2.677,-80.752,7376.032,381.7,56722.91,2935.336,61.772,82.906,-3.694,-23.042,600.747,3262.305,168.82,11608.932,-18.085,-0.394,34.815,1.786,27.321,16.968,267.01,4.949,0.364,9.064,71.886,3.72,175.163,0.602,0.256,3.416,16.469,605.214,4564.753,236.22,11695.257,38.228,17.094,0.0,0.0,2.522,7.664,440.229,3487.818,180.49,8507.064,29.209,12.434,-1.903,-28.897,1489.596,150.728,7.8,28785.195,0.6225,0.0,0.0,0.0,1.262,42.072,58.488,18.716,8.82,4.864,2.713,361.673,7.895,1130.227,3.029,0.233,1.652,11940.784,3557.898,5.896,8.804,164.985,1076.935,55.73,3188.193,9.019,4.66,8.17,5.57,81.065,567.551,29.37,1566.503,4.753,2.29,0.674,-0.005,8.274,65.509,3.39,159.88,0.549,0.234,KOR,51748744.0,2137558614016.0,22.918,0.443,577.417,-24.676,-4.098,562.28,-24.543,-4.182,10.866,0.275,0.163,11.158,0.282,0.167,251.87,4.867,681.718,13.165,0.319,1005.876,20107.324,17606.391,8877.402,0.019,2332.483,-2485.332,7658.716,232.828,66698.023,1.657,0.006,0.0,122.051,2.359,12.035,12.115,-15.136,-0.292,47.738,0.922,13.481,0.261,170.389,3.293,0.197,10.183,3453.895,1.46,1.528,1.358,1.635,2.08,1.109,0.67,1.063,0.0,0.864,-0.303,1.219,2.26,0.001,1.545,-0.418,1.396,3.381,0.646,0.002,0.009,0.011,0.0,626.952,622.81,79.625,13.225,6.875338595494884e-05,1.1158087237827238e-05,1.664468041564248e-09,2.7012920076851653e-10,3619.57,3573.318,3389.709,602.092,616.075,597.634,1.6933196480631839e-09,1.7144936578798175e-09,1.693811387097911e-09,2.8167274387334914e-10,2.95595488640616e-10,2.98633090485606e-10
South Korea,2024,KOR,51717546.0,2137558614016.0,9.77,0.791,171.805,8.885,371.054,19.19,3.085,0.247,414.273,-6.223,-52.582,15321.908,792.411,3622.948,187.37,-15.776,-0.558,57.618,2.98,30.122,22.009,622.03,12027.446,622.03,19.28,1.639,58.32,69922.461,1.693,1.149,33.729,7225.594,373.69,57409.262,2969.066,60.076,82.465,5.949,35.74,636.487,3448.733,178.36,12306.992,-18.085,-0.394,34.815,1.786,28.674,17.678,257.69,15.682,1.422,10.486,83.337,4.31,202.755,0.693,0.291,4.327,26.115,631.329,4801.852,248.34,12207.251,39.924,17.535,0.0,0.0,4.576,20.146,460.376,3649.438,188.74,8901.734,30.343,12.787,3.395,50.571,1540.167,153.913,7.96,29780.359,0.6225,0.0,0.0,0.0,1.28,42.778,63.562,20.34,8.82,8.676,5.074,393.288,7.895,1229.026,3.27,0.233,1.765,12027.446,3616.218,3.659,5.968,170.953,1152.413,59.6,3305.517,9.582,4.748,-1.542,-1.25,79.814,632.861,32.73,1543.273,5.262,2.217,-0.824,-0.068,8.205,65.162,3.37,158.658,0.542,0.228,KOR,51748744.0,2137558614016.0,22.918,0.443,577.417,-24.676,-4.098,562.28,-24.543,-4.182,10.866,0.275,0.163,11.158,0.282,0.167,251.87,4.867,681.718,13.165,0.319,1005.876,20107.324,17606.391,8877.402,0.019,2332.483,-2485.332,7658.716,232.828,66698.023,1.657,0.006,0.0,122.051,2.359,12.035,12.115,-15.136,-0.292,47.738,0.922,13.481,0.261,170.389,3.293,0.197,10.183,3453.895,1.46,1.528,1.358,1.635,2.08,1.109,0.67,1.063,0.0,0.864,-0.303,1.219,2.26,0.001,1.545,-0.418,1.396,3.381,0.646,0.002,0.009,0.011,0.0,626.952,622.81,79.625,13.225,6.992245919788866e-05,1.1158087237827238e-05,1.6917515039299557e-09,2.7012920076851653e-10,3557.898,3619.57,3573.318,577.417,602.092,616.075,1.664468041564248e-09,1.6933196480631839e-09,1.7144936578798175e-09,2.7012920076851653e-10,2.8167274387334914e-10,2.95595488640616e-10
Ukraine,1993,UKR,52350078.0,367893676032.0,-3.03,0.0,0.0,0.0,0.0,0.0,0.0,0.0,402.409,-10.934,-92.279,14358.981,751.694,1701.239,89.06,-14.812,-120.725,13262.896,694.314,38.494,33.986,229.82,4390.061,231.36,11.24,-12.34,-312.275,42373.926,6.03,-14.18,-325.843,2771.343,145.08,37672.016,1972.133,62.707,89.164,-10.27,-100.641,879.31,742.883,38.89,16796.736,-8.571,-17.035,3471.073,181.711,16.809,39.755,69.15,40.036,8.767,30.664,210.888,11.04,585.747,4.772,1.386,5.695,12.914,239.672,1648.135,86.28,4578.259,37.293,10.836,-1.54,-0.67,2.024,4.147,209.008,1437.247,75.24,3992.512,32.521,9.45,-28.04,-132.923,341.129,327.22,17.13,6516.299,-5.418,-3.042,1014.373,53.102,7.404,15.423,0.0,0.0,0.0,-6.05,0.0,0.0,0.0,0.0,0.0,0.0,0.0,4419.478,2218.278,40.036,8.767,30.664,210.888,11.04,585.747,4.772,1.386,1007.309,0.0,0.0,0.0,0.0,0.0,0.0,0.0,0.0,0.0,0.0,0.0,0.0,0.0,0.0,0.0,UKR,52350122.0,367893676032.0,6.398,0.122,510.32,-78.962,-13.4,517.869,-82.292,-13.712,9.892,1.408,0.233,9.748,1.387,0.23,235.88,4.506,373.349,7.132,1.015,298.595,22568.336,35796.227,13200.944,103.93,3354.125,13597.902,5584.494,26.247,42841.754,6.03,2.437,0.047,165.866,3.168,11.0,12.613,7.548,0.144,110.545,2.112,34.667,0.662,94.482,1.805,0.1,5.257,2218.278,1.159,2.243,1.868,2.771,2.152,2.572,2.323,2.847,1.164,3.689,2.035,1.877,1.046,1.043,4.121,0.152,1.025,2.432,1.921,0.005,0.014,0.02,0.001,660.271,575.842,-136.972,-26.84,4.2373919672095954e-05,9.74821032890793e-06,6.02967146357539e-09,1.387139908204379e-09,2530.553,2994.568,3194.698,589.283,632.924,706.227,6.00068820237931e-09,6.504931953660981e-09,6.441765487929178e-09,1.3973639540300823e-09,1.3748652733345585e-09,1.4240309147355273e-09
Ukraine,1994,UKR,52075944.0,288418660352.0,-3.03,0.0,0.0,0.0,0.0,0.0,0.0,0.0,402.409,-20.188,-151.75,11520.547,599.943,1504.341,78.34,-17.709,-122.955,10971.636,571.358,38.368,31.75,203.14,3900.841,204.18,11.697,-14.535,-322.427,36405.516,6.573,-15.591,-307.471,2365.968,123.21,31966.041,1664.662,60.344,88.098,-12.45,-109.471,769.839,657.885,34.26,14783.008,-5.208,-9.464,3307.608,172.247,16.779,40.742,69.15,9.774,2.997,33.661,232.737,12.12,646.385,5.936,1.781,-6.161,-14.767,224.906,1554.845,80.97,4318.799,39.656,11.902,-1.04,-0.512,-8.499,-17.764,191.244,1322.108,68.85,3672.414,33.72,10.121,-13.558,-46.25,294.879,203.741,10.61,5662.485,-0.21,-0.111,1017.574,52.991,5.196,15.606,0.0,0.0,0.0,-6.05,0.0,0.0,0.0,0.0,0.0,0.0,0.0,3920.812,1895.852,9.774,2.997,33.661,232.737,12.12,646.385,5.936,1.781,1007.309,0.0,0.0,0.0,0.0,0.0,0.0,0.0,0.0,0.0,0.0,0.0,0.0,0.0,0.0,0.0,UKR,52076000.0,288418660352.0,4.991,0.096,419.492,-90.828,-17.798,431.806,-86.062,-16.619,8.292,1.497,0.228,8.055,1.454,0.221,185.817,3.568,274.222,5.266,0.951,303.586,22987.826,36228.035,13386.762,106.207,3498.432,13610.217,5662.074,30.767,36821.68,6.573,2.277,0.044,144.306,2.771,9.156,10.736,12.314,0.236,102.058,1.96,31.609,0.607,77.58,1.49,0.087,4.521,1895.852,0.847,1.824,1.495,2.171,2.099,2.553,2.308,2.835,1.149,3.683,2.019,1.846,1.129,0.724,3.553,0.209,0.839,2.089,1.91,0.005,0.014,0.02,0.001,559.084,476.805,-145.27,-34.63,3.640552344091859e-05,8.055380597587986e-06,6.573264010332102e-09,1.4544551295260571e-09,2218.278,2530.553,2994.568,510.32,589.283,632.924,6.02967146357539e-09,6.00068820237931e-09,6.504931953660981e-09,1.387139908204379e-09,1.3973639540300823e-09,1.3748652733345585e-09
Ukraine,1995,UKR,51665488.0,257477951488.0,-3.03,0.0,0.0,0.0,0.0,0.0,0.0,0.0,402.409,-1.137,-6.819,11480.096,593.125,1387.193,71.67,-12.928,-73.868,9629.072,497.491,36.667,32.169,192.51,3726.085,195.46,11.493,-2.431,-46.097,35802.527,7.184,-2.67,-44.447,2225.664,114.99,31359.701,1620.214,58.83,87.876,-6.308,-48.56,721.279,633.498,32.73,13960.554,-6.714,-11.565,3110.039,160.682,16.745,39.12,69.15,-17.866,-6.014,27.647,192.585,9.95,535.12,5.091,1.5,-0.605,-1.361,223.544,1557.519,80.47,4326.765,41.17,12.124,-2.95,-1.532,2.433,4.653,195.897,1364.934,70.52,3791.646,36.079,10.625,3.707,10.931,305.811,204.972,10.59,5919.052,-2.726,-1.444,997.703,51.547,5.418,16.586,0.0,0.0,0.0,-6.05,0.0,0.0,0.0,0.0,0.0,0.0,0.0,3783.183,1849.755,-17.866,-6.014,27.647,192.585,9.95,535.12,5.091,1.5,1007.309,0.0,0.0,0.0,0.0,0.0,0.0,0.0,0.0,0.0,0.0,0.0,0.0,0.0,0.0,0.0,UKR,51665535.0,257477951488.0,3.408,0.066,390.072,-29.42,-7.013,395.484,-36.322,-8.412,7.655,1.536,0.214,7.55,1.515,0.211,174.093,3.37,219.264,4.244,0.852,306.993,23377.9,36623.516,13560.854,108.433,3632.479,13615.628,5734.384,34.755,36226.188,7.184,2.226,0.043,134.048,2.595,8.619,10.011,5.412,0.105,96.688,1.871,28.729,0.556,72.31,1.4,0.077,3.988,1849.755,0.547,1.658,1.365,1.977,2.035,2.53,2.291,2.819,1.133,3.661,2.004,1.814,1.179,0.682,3.178,0.1,0.774,1.784,1.896,0.005,0.014,0.02,0.001,517.218,445.329,-170.809,-43.789,3.5802526436989514e-05,7.549946013333501e-06,7.184129706291413e-09,1.5149724383999524e-09,1895.852,2218.278,2530.553,419.492,510.32,589.283,6.573264010332102e-09,6.02967146357539e-09,6.00068820237931e-09,1.4544551295260571e-09,1.387139908204379e-09,1.3973639540300823e-09
Ukraine,1996,UKR,51226062.0,235602722816.0,-3.03,0.0,0.0,0.0,0.0,0.0,0.0,0.0,402.409,-24.754,-146.82,8712.463,446.305,1124.037,57.58,-24.348,-121.127,7347.122,376.364,31.256,25.982,182.2,3556.783,184.22,11.802,-6.795,-125.683,33656.156,7.318,-9.102,-147.468,1874.241,96.01,28749.949,1472.747,52.117,85.736,15.992,115.349,836.627,649.669,33.28,16332.065,1.096,1.76,3171.081,162.442,18.065,48.704,69.15,-13.272,-3.669,23.978,168.469,8.63,468.078,4.685,1.396,9.609,21.481,245.025,1721.975,88.21,4783.21,47.883,14.264,-2.02,-1.109,12.838,25.15,221.047,1553.506,79.58,4315.132,43.198,12.868,-37.931,-115.997,189.814,100.535,5.15,3705.42,0.778,0.401,1014.091,51.948,2.796,11.05,0.0,0.0,0.0,-6.05,0.0,0.0,0.0,0.0,0.0,0.0,0.0,3596.216,1724.072,-13.272,-3.669,23.978,168.469,8.63,468.078,4.685,1.396,1007.309,0.0,0.0,0.0,0.0,0.0,0.0,0.0,0.0,0.0,0.0,0.0,0.0,0.0,0.0,0.0,UKR,51226110.0,235602722816.0,2.161,0.042,351.77,-38.302,-9.819,354.095,-41.389,-10.465,6.912,1.503,0.205,6.867,1.493,0.204,146.215,2.854,288.103,5.624,1.223,309.154,23729.668,36977.609,13707.069,110.664,3770.378,13617.955,5795.163,37.24,34061.734,7.318,2.231,0.044,137.899,2.692,7.848,9.048,2.326,0.045,87.329,1.705,25.428,0.496,60.779,1.186,0.049,2.485,1724.072,0.34,1.45,1.17,1.62,1.966,2.503,2.27,2.797,1.115,3.639,1.987,1.779,1.175,0.637,3.131,0.039,0.632,1.119,1.878,0.005,0.015,0.02,0.001,463.51,402.039,-63.667,-18.099,3.365614948109746e-05,6.867005907729342e-06,7.317708298925129e-09,1.4930642387979693e-09,1849.755,1895.852,2218.278,390.072,419.492,510.32,7.184129706291413e-09,6.573264010332102e-09,6.02967146357539e-09,1.5149724383999524e-09,1.4544551295260571e-09,1.387139908204379e-09
Ukraine,1997,UKR,50786832.0,232333262848.0,-3.03,0.0,0.0,0.0,0.0,0.0,0.0,0.0,402.409,-2.437,-10.877,8573.646,435.428,1109.146,56.33,3.756,14.138,7689.033,390.502,31.445,26.288,178.99,3524.339,179.14,11.961,-3.549,-61.183,32742.521,7.157,-4.372,-64.394,1769.159,89.85,27730.664,1408.353,50.156,85.026,-9.955,-83.284,753.343,610.788,31.02,14833.436,1.486,2.413,3246.025,164.855,17.316,45.481,69.15,14.18,3.4,27.378,194.145,9.86,539.072,5.504,1.653,1.224,3.0,248.025,1758.133,89.29,4883.647,49.844,14.974,-0.15,-0.084,-0.181,-0.4,220.647,1563.988,79.43,4344.575,44.34,13.321,15.682,29.767,219.581,49.225,2.5,4323.582,-0.131,-0.068,1021.521,51.88,1.396,13.257,0.0,0.0,0.0,-6.05,0.0,0.0,0.0,0.0,0.0,0.0,0.0,3527.292,1662.889,14.18,3.4,27.378,194.145,9.86,539.072,5.504,1.653,1007.309,0.0,0.0,0.0,0.0,0.0,0.0,0.0,0.0,0.0,0.0,0.0,0.0,0.0,0.0,0.0,UKR,50786882.0,232333262848.0,2.415,0.048,340.514,-11.255,-3.2,337.756,-16.339,-4.614,6.65,1.454,0.203,6.705,1.466,0.205,154.305,3.038,276.92,5.453,1.192,311.569,24070.184,37315.367,13861.374,112.876,3900.097,13615.196,5844.63,39.636,33145.512,7.157,2.212,0.044,129.719,2.554,7.714,8.761,-2.758,-0.054,82.665,1.628,25.398,0.5,49.468,0.974,0.047,2.396,1662.889,0.365,1.395,1.062,1.719,1.902,2.475,2.247,2.778,1.099,3.61,1.965,1.742,1.168,0.627,2.934,-0.037,0.507,1.071,1.858,0.005,0.015,0.02,0.001,444.964,391.755,-63.594,-18.676,3.274252270746022e-05,6.704762855888521e-06,7.157343634810983e-09,1.465627417382656e-09,1724.072,1849.755,1895.852,351.77,390.072,419.492,7.317708298925129e-09,7.184129706291413e-09,6.573264010332102e-09,1.4930642387979693e-09,1.5149724383999524e-09,1.4544551295260571e-09
Ukraine,1998,UKR,50379676.0,231737294848.0,-3.03,0.0,0.0,0.0,0.0,0.0,0.0,0.0,402.409,2.482,10.806,8857.421,446.234,1006.954,50.73,2.36,9.217,7934.129,399.719,29.268,27.936,172.66,3427.176,173.33,12.074,-3.502,-58.235,31851.219,6.924,-4.526,-63.739,1634.588,82.35,26689.598,1344.613,47.511,84.178,-7.412,-55.838,697.505,579.599,29.2,13844.967,-3.772,-6.218,3148.838,158.637,16.846,43.667,69.15,59.69,16.342,43.719,312.428,15.74,867.799,9.081,2.737,1.895,4.7,252.725,1805.887,90.98,5016.408,52.489,15.822,-0.67,-0.388,-5.28,-11.65,208.997,1493.459,75.24,4148.443,43.409,13.084,-8.519,-18.707,200.874,48.035,2.42,3987.211,-5.353,-2.777,974.649,49.103,1.396,12.576,0.0,0.0,0.0,-6.05,0.0,0.0,0.0,0.0,0.0,0.0,0.0,3440.475,1604.654,59.72,16.35,43.728,312.428,15.74,867.965,9.081,2.738,1007.309,0.0,0.0,0.0,0.0,0.0,0.0,0.0,0.0,0.008,0.008,0.0,0.0,0.165,0.0,0.001,UKR,50379728.0,231737294848.0,2.788,0.055,328.808,-11.707,-3.438,321.097,-16.659,-4.932,6.374,1.386,0.2,6.527,1.419,0.205,123.079,2.443,244.206,4.847,1.054,314.357,24398.992,37636.465,13984.452,115.067,4056.018,13607.485,5887.183,41.913,32257.029,6.924,2.191,0.043,155.921,3.095,7.539,8.383,-7.711,-0.153,77.495,1.538,22.548,0.448,42.553,0.845,0.045,2.276,1604.654,0.422,1.353,1.055,1.409,1.844,2.448,2.225,2.754,1.085,3.605,1.947,1.705,1.159,0.651,3.49,-0.125,0.431,1.032,1.838,0.005,0.015,0.021,0.001,422.342,379.825,-84.602,-25.73,3.185121714558006e-05,6.526593394866949e-06,6.924452971855552e-09,1.4188825334121129e-09,1662.889,1724.072,1849.755,340.514,351.77,390.072,7.157343634810983e-09,7.317708298925129e-09,7.184129706291413e-09,1.465627417382656e-09,1.4930642387979693e-09,1.5149724383999524e-09
Ukraine,1999,UKR,49976390.0,235148312576.0,-3.03,0.0,0.0,0.0,0.0,0.0,0.0,0.0,402.409,-1.087,-4.851,8831.825,441.383,1087.313,54.34,5.577,22.293,8444.217,422.011,31.487,28.047,169.14,3384.398,172.58,12.152,-1.5,-24.07,31626.607,6.722,-0.809,-10.88,1724.614,86.19,26687.27,1333.733,49.942,84.751,6.242,43.535,741.04,605.286,30.25,14827.799,0.796,1.263,3199.528,159.901,17.528,47.089,69.15,-8.99,-3.931,39.789,286.535,14.32,796.154,8.298,2.528,-5.044,-12.747,239.978,1728.616,86.39,4801.823,50.058,15.249,-3.44,-2.034,-4.219,-8.817,200.181,1442.081,72.07,4005.502,41.76,12.72,-24.674,-49.564,151.311,32.015,1.6,3027.645,-3.092,-1.518,952.136,47.584,0.927,9.615,0.0,0.0,0.0,-6.05,0.0,0.0,0.0,0.0,0.0,0.0,0.0,3453.231,1580.584,-8.989,-3.931,39.797,286.535,14.32,796.32,8.298,2.529,1007.309,0.0,0.0,0.0,0.0,0.0,0.0,0.0,0.0,0.0,0.008,0.0,0.0,0.167,0.0,0.001,UKR,49976444.0,235148312576.0,2.535,0.051,298.579,-30.229,-9.193,315.524,-5.573,-1.735,6.313,1.342,0.2,5.974,1.27,0.189,123.714,2.475,237.861,4.759,1.012,316.892,24697.568,37951.992,14108.167,117.212,4186.384,13624.431,5924.712,44.203,32047.443,6.722,2.145,0.043,130.367,2.609,7.0,7.957,16.946,0.339,75.329,1.507,21.448,0.429,37.528,0.751,0.046,2.29,1580.584,0.366,1.201,1.023,1.396,1.787,2.417,2.204,2.731,1.071,3.574,1.933,1.667,1.153,0.65,2.826,0.282,0.37,1.044,1.818,0.004,0.015,0.021,0.001,397.652,349.856,-60.718,-20.336,3.162661408717133e-05,5.974394656810598e-06,6.7216472135608236e-09,1.2697475764513479e-09,1604.654,1662.889,1724.072,328.808,340.514,351.77,6.924452971855552e-09,7.157343634810983e-09,7.317708298925129e-09,1.4188825334121129e-09,1.465627417382656e-09,1.4930642387979693e-09
Ukraine,2000,UKR,49556602.0,253196025856.0,-3.03,0.0,0.0,0.0,0.0,0.0,0.0,0.0,402.409,1.563,6.899,9045.847,448.281,1047.489,51.91,0.162,0.685,8529.562,422.696,30.208,28.394,167.99,3389.861,171.84,12.091,0.308,4.873,31992.842,6.262,-0.082,-1.088,1679.292,83.22,26891.381,1332.646,48.429,84.408,0.128,0.946,741.986,604.359,29.95,14972.5,-1.264,-2.021,3185.858,157.88,17.429,46.996,69.15,-21.293,-8.472,31.317,227.417,11.27,631.937,6.558,1.984,2.58,6.192,246.169,1788.258,88.62,4967.44,51.571,15.592,-3.85,-2.292,7.321,14.656,214.836,1560.64,77.34,4335.166,45.007,13.607,-5.904,-8.933,142.378,27.443,1.36,2873.035,-2.925,-1.392,932.113,46.192,0.791,9.018,0.0,0.0,0.0,-6.05,0.0,0.0,0.0,0.0,0.0,0.0,0.0,3467.55,1585.457,-21.268,-8.464,31.333,227.618,11.28,632.274,6.564,1.985,1007.309,0.0,0.0,0.0,0.0,0.0,0.0,0.0,100.0,0.008,0.017,0.202,0.01,0.336,0.006,0.001,UKR,49556655.0,253196025856.0,2.261,0.046,285.674,-12.905,-4.322,299.311,-16.213,-5.138,6.04,1.182,0.189,5.765,1.128,0.18,122.878,2.48,221.923,4.478,0.876,319.153,24983.242,38251.305,14231.045,119.358,4310.709,13638.068,5956.324,46.654,32435.855,6.262,2.147,0.043,124.325,2.509,6.805,7.712,13.637,0.275,72.812,1.469,21.512,0.434,31.612,0.638,0.049,2.451,1585.457,0.312,1.12,0.972,1.335,1.729,2.386,2.182,2.706,1.057,3.537,1.92,1.629,1.152,0.618,2.617,0.257,0.308,1.133,1.796,0.004,0.015,0.021,0.001,382.2,337.238,-63.751,-22.316,3.1992851325842884e-05,5.764594079241107e-06,6.261776797798935e-09,1.1282720533791915e-09,1580.584,1604.654,1662.889,298.579,328.808,340.514,6.7216472135608236e-09,6.924452971855552e-09,7.157343634810983e-09,1.2697475764513479e-09,1.4188825334121129e-09,1.465627417382656e-09
Ukraine,2001,UKR,49106813.0,281110347776.0,-3.03,0.0,0.0,0.0,0.0,0.0,0.0,0.0,408.771,-2.639,-11.83,8887.795,436.451,1089.258,53.49,-0.751,-3.174,8543.052,419.522,30.866,28.041,170.24,3466.729,173.3,12.37,-1.423,-22.556,31826.547,5.56,-1.491,-19.867,1732.55,85.08,26733.125,1312.779,49.094,84.343,-3.061,-22.714,719.272,618.244,30.36,14647.099,2.332,3.682,3290.008,161.562,17.519,46.212,70.84,6.723,1.921,33.238,244.976,12.03,676.842,6.942,2.135,-0.456,-2.476,243.693,1796.492,88.22,4962.517,50.906,15.657,-3.06,-1.797,-1.515,-4.424,210.412,1551.109,76.17,4284.774,43.953,13.518,10.309,14.677,157.055,25.047,1.23,3198.232,0.689,0.318,947.128,46.51,0.71,10.09,0.0,0.0,0.0,-6.05,0.0,0.0,0.0,0.0,0.0,0.0,0.0,3529.042,1562.9,6.809,1.948,33.282,245.383,12.05,677.742,6.953,2.138,1007.309,0.0,0.0,0.0,0.0,0.0,0.0,0.0,166.667,0.028,0.044,0.407,0.02,0.9,0.012,0.003,UKR,49106855.0,281110347776.0,2.475,0.05,303.891,18.217,6.377,308.699,9.388,3.136,6.286,1.098,0.198,6.188,1.081,0.194,131.831,2.685,257.028,5.234,0.914,321.628,25287.135,38560.0,14362.876,121.55,4441.142,13642.876,5990.32,49.62,32281.633,5.56,2.191,0.045,130.433,2.656,7.279,8.074,4.808,0.098,72.012,1.466,21.755,0.443,33.996,0.692,0.06,2.966,1562.9,0.327,1.182,1.013,1.424,1.674,2.357,2.162,2.684,1.046,3.506,1.908,1.593,1.164,0.653,2.72,0.101,0.329,1.39,1.776,0.004,0.015,0.021,0.001,396.467,357.468,-46.864,-15.421,3.182654105449621e-05,6.1883620932351265e-06,5.5597384171904675e-09,1.0810381133395793e-09,1585.457,1580.584,1604.654,285.674,298.579,328.808,6.261776797798935e-09,6.7216472135608236e-09,6.924452971855552e-09,1.1282720533791915e-09,1.2697475764513479e-09,1.4188825334121129e-09
Ukraine,2002,UKR,48677235.0,301087064064.0,-3.03,0.0,0.0,0.0,0.0,0.0,0.0,0.0,414.124,0.629,2.747,9022.656,439.198,1128.454,54.93,-0.424,-1.779,8581.888,417.743,31.564,28.395,170.91,3511.087,174.03,12.482,-0.618,-9.663,31908.914,5.159,-0.468,-6.147,1774.752,86.39,26842.764,1306.632,49.641,84.477,-1.579,-11.357,707.915,626.371,30.49,14543.049,9.425,15.228,3631.874,176.79,17.52,45.768,72.07,-19.988,-6.862,26.375,197.834,9.63,541.841,5.534,1.705,-0.655,-3.587,240.107,1800.431,87.64,4932.631,50.359,15.523,-3.12,-1.826,2.391,3.26,213.671,1602.186,77.99,4389.551,44.814,13.814,1.568,2.463,159.518,19.927,0.97,3277.06,0.955,0.444,964.615,46.955,0.557,10.313,0.0,0.0,0.0,-6.05,0.0,0.0,0.0,0.0,0.0,0.0,0.0,3575.183,1553.238,-19.912,-6.846,26.436,198.245,9.65,543.08,5.545,1.709,1007.309,0.0,0.0,0.0,0.0,0.0,0.0,0.0,37.5,0.016,0.06,0.411,0.02,1.238,0.011,0.004,UKR,48677280.0,301087064064.0,2.817,0.058,295.901,-7.99,-2.629,297.789,-10.91,-3.534,6.118,0.989,0.192,6.079,0.983,0.191,136.228,2.799,251.15,5.159,0.834,324.445,25583.037,38857.789,14499.104,123.728,4557.426,13644.763,6025.688,52.646,32374.941,5.159,2.178,0.045,116.284,2.389,7.23,8.016,1.888,0.039,73.691,1.514,23.041,0.473,35.368,0.727,0.062,3.026,1553.238,0.359,1.126,0.948,1.407,1.622,2.327,2.141,2.662,1.036,3.463,1.895,1.559,1.175,0.671,2.355,0.037,0.342,1.399,1.756,0.004,0.015,0.021,0.001,390.197,351.915,-44.751,-15.124,3.190892005266873e-05,6.078831849273294e-06,5.158766966055502e-09,9.827755334486983e-10,1562.9,1585.457,1580.584,303.891,285.674,298.579,5.5597384171904675e-09,6.261776797798935e-09,6.7216472135608236e-09,1.0810381133395793e-09,1.1282720533791915e-09,1.2697475764513479e-09
Ukraine,2003,UKR,48315085.0,335257370624.0,-3.03,0.0,0.0,0.0,0.0,0.0,0.0,0.0,410.677,2.769,12.161,9341.984,451.359,1135.463,54.86,-2.964,-12.381,8389.955,405.361,30.38,28.467,175.64,3635.303,180.58,12.635,2.491,38.69,32948.875,4.748,2.439,31.866,1860.703,89.9,27703.52,1338.498,49.784,84.418,2.005,14.196,722.112,708.681,34.24,14945.882,3.496,6.18,3787.009,182.97,18.961,45.543,74.16,-4.041,-1.204,25.172,191.245,9.24,520.99,5.117,1.588,3.464,6.964,247.071,1876.847,90.68,5113.741,50.216,15.582,-4.94,-2.813,4.38,8.143,221.815,1684.981,81.41,4591.003,45.083,13.99,3.454,5.509,165.028,16.558,0.8,3415.653,5.363,2.518,1023.965,49.473,0.443,10.408,0.0,0.0,0.0,-6.05,0.0,0.0,0.0,0.0,0.0,0.0,0.0,3737.549,1591.928,-3.938,-1.179,25.256,191.866,9.27,522.738,5.133,1.593,1007.309,0.0,0.0,0.0,0.0,0.0,0.0,0.0,40.909,0.024,0.084,0.621,0.03,1.748,0.017,0.005,UKR,48315132.0,335257370624.0,3.612,0.075,307.245,11.344,3.834,310.613,12.824,4.306,6.429,0.926,0.195,6.359,0.916,0.193,132.444,2.741,237.095,4.907,0.707,328.057,25890.281,39168.402,14631.547,126.107,4685.73,13648.131,6062.938,55.903,33439.895,4.748,2.379,0.049,128.304,2.656,7.546,8.334,3.367,0.07,74.469,1.541,22.198,0.459,37.249,0.771,0.067,3.257,1591.928,0.418,1.11,0.92,1.259,1.572,2.298,2.119,2.635,1.026,3.427,1.879,1.527,1.189,0.69,2.507,0.055,0.351,1.474,1.735,0.004,0.016,0.021,0.001,402.674,364.589,-70.151,-22.832,3.2948881286247704e-05,6.359187842020046e-06,4.7483758434214694e-09,9.164451759200348e-10,1553.238,1562.9,1585.457,295.901,303.891,285.674,5.158766966055502e-09,5.5597384171904675e-09,6.261776797798935e-09,9.827755334486983e-10,1.0810381133395793e-09,1.1282720533791915e-09
Ukraine,2004,UKR,47979445.0,381078077440.0,-3.03,0.0,0.0,0.0,0.0,0.0,0.0,0.0,368.066,-4.987,-22.509,8938.205,428.85,946.655,45.42,-0.634,-2.568,8395.12,402.793,24.896,27.159,177.11,3691.372,182.44,12.938,-0.38,-6.056,33053.152,4.162,-2.034,-27.224,1743.246,83.64,27329.902,1311.274,45.845,83.042,-0.786,-5.678,716.433,782.002,37.52,14932.084,5.845,10.694,4036.397,193.664,20.566,45.371,67.15,27.225,6.679,31.851,244.897,11.75,663.846,6.44,2.017,8.969,20.702,267.772,2059.215,98.8,5580.981,54.155,16.958,-5.33,-3.009,6.899,14.017,235.832,1813.693,87.02,4915.271,47.698,14.935,0.583,0.963,165.99,14.59,0.7,3459.614,8.98,4.443,1123.726,53.916,0.384,10.512,0.0,0.0,0.0,-6.05,0.0,0.0,0.0,0.0,0.0,0.0,0.0,3802.462,1585.872,27.155,6.684,31.94,245.522,11.78,665.71,6.457,2.023,1007.309,0.0,0.0,0.0,0.0,0.0,0.0,0.0,6.452,0.005,0.089,0.625,0.03,1.864,0.016,0.006,UKR,47979502.0,381078077440.0,4.264,0.089,310.626,3.38,1.1,309.334,-1.279,-0.412,6.447,0.812,0.195,6.474,0.815,0.196,135.323,2.82,226.39,4.718,0.594,332.321,26200.908,39477.734,14766.87,128.679,4814.138,13646.839,6099.406,59.491,33554.93,4.162,2.573,0.054,128.409,2.676,7.676,8.356,-1.292,-0.027,72.214,1.505,21.365,0.445,36.469,0.76,0.075,3.588,1585.872,0.472,1.085,0.909,1.245,1.527,2.267,2.097,2.608,1.018,3.39,1.865,1.495,1.206,0.751,2.43,-0.024,0.332,1.549,1.714,0.004,0.016,0.021,0.001,400.903,368.271,-84.236,-27.118,3.30531543247315e-05,6.474139727419295e-06,4.161540885934832e-09,8.151242970645758e-10,1591.928,1553.238,1562.9,307.245,295.901,303.891,4.7483758434214694e-09,5.158766966055502e-09,5.5597384171904675e-09,9.164451759200348e-10,9.827755334486983e-10,1.0810381133395793e-09
Ukraine,2005,UKR,47585510.0,399366225920.0,-3.03,0.0,0.0,0.0,0.0,0.0,0.0,0.0,374.806,1.146,4.915,9115.484,433.765,1057.885,50.34,0.124,0.5,8475.13,403.293,27.008,27.144,178.04,3741.475,186.39,13.059,1.237,19.621,33739.105,4.02,1.131,14.833,1791.092,85.23,27867.869,1326.107,45.727,82.984,0.793,5.678,722.112,717.866,34.16,15175.03,1.588,3.076,4134.45,196.74,18.327,45.187,69.86,5.19,1.383,33.234,259.743,12.36,698.403,6.631,2.08,2.377,4.155,271.927,2125.857,101.16,5714.5,54.273,17.016,-8.35,-4.69,1.993,2.759,238.591,1865.274,88.76,5013.95,47.621,14.93,2.554,4.24,170.23,15.341,0.73,3577.354,2.406,1.297,1160.285,55.213,0.392,10.652,0.0,0.0,0.0,-6.05,0.0,0.0,0.0,0.0,0.0,0.0,0.0,3916.949,1605.493,5.218,1.396,33.336,260.584,12.4,700.55,6.653,2.086,1007.309,0.0,0.0,0.0,0.0,0.0,0.0,0.0,15.152,0.013,0.102,0.841,0.04,2.147,0.021,0.006,UKR,47585558.0,399366225920.0,4.785,0.101,313.531,2.905,0.935,313.322,3.988,1.289,6.584,0.785,0.195,6.589,0.785,0.195,135.906,2.856,251.069,5.276,0.629,337.107,26514.438,39791.059,14902.775,131.151,4944.501,13646.63,6135.665,63.237,34223.043,4.02,2.472,0.052,130.363,2.74,7.864,8.528,-0.209,-0.004,72.671,1.527,21.584,0.454,36.259,0.762,0.079,3.746,1605.493,0.494,1.059,0.908,1.177,1.483,2.237,2.076,2.58,1.01,3.354,1.853,1.464,1.222,0.711,2.413,-0.004,0.326,1.546,1.693,0.004,0.016,0.021,0.001,405.808,374.197,-62.461,-19.922,3.3739115121388134e-05,6.588784773733103e-06,4.0201020912609874e-09,7.850713947523587e-10,1585.872,1591.928,1553.238,310.626,307.245,295.901,4.161540885934832e-09,4.7483758434214694e-09,5.158766966055502e-09,8.151242970645758e-10,9.164451759200348e-10,9.827755334486983e-10
Ukraine,2006,UKR,47278638.0,436786757632.0,-3.03,0.0,0.0,0.0,0.0,0.0,0.0,0.0,404.215,7.521,32.624,9864.682,466.389,1378.424,65.17,1.797,7.247,8683.42,410.54,33.66,28.841,183.17,3874.266,193.61,13.404,1.18,18.939,34358.672,3.719,1.147,15.205,1913.338,90.46,28370.357,1341.312,46.723,82.945,-3.014,-21.767,700.344,517.147,24.45,14813.121,1.472,2.896,4222.54,199.636,12.628,43.309,78.26,4.23,1.221,34.455,272.639,12.89,728.755,6.658,2.131,1.966,3.864,275.791,2181.747,103.15,5833.32,53.277,17.055,-10.44,-5.7,1.655,2.652,241.243,1908.261,90.22,5102.585,46.599,14.918,2.555,4.349,174.579,17.767,0.84,3692.554,3.756,2.074,1211.681,57.287,0.434,10.796,0.0,0.0,0.0,-6.05,0.0,0.0,0.0,0.0,0.0,0.0,0.0,4095.084,1624.431,4.193,1.212,34.548,273.485,12.93,730.734,6.678,2.136,1007.309,0.0,0.0,0.0,0.0,0.0,0.0,0.0,-7.895,-0.009,0.094,0.846,0.04,1.979,0.021,0.006,UKR,47278690.0,436786757632.0,5.484,0.116,333.062,19.531,6.229,331.297,17.976,5.737,7.007,0.758,0.204,7.045,0.763,0.205,154.04,3.258,266.296,5.632,0.61,342.591,26847.498,40122.355,15056.816,133.641,5071.239,13644.866,6176.173,67.039,34864.609,3.719,2.49,0.053,126.738,2.681,8.31,8.929,-1.764,-0.037,70.624,1.494,21.968,0.465,40.508,0.857,0.08,3.802,1624.431,0.519,1.087,0.921,1.263,1.44,2.208,2.054,2.552,1.003,3.315,1.839,1.435,1.235,0.716,2.281,-0.033,0.361,1.503,1.672,0.004,0.016,0.021,0.001,422.172,392.901,-66.765,-20.046,3.43586674387694e-05,7.044653733003029e-06,3.719048189113393e-09,7.625276961363609e-10,1605.493,1585.872,1591.928,313.531,310.626,307.245,4.0201020912609874e-09,4.161540885934832e-09,4.7483758434214694e-09,7.850713947523587e-10,8.151242970645758e-10,9.164451759200348e-10
Ukraine,2007,UKR,47062750.0,480580665344.0,-3.03,0.0,0.0,0.0,5.95,0.28,0.143,0.0,416.0,6.371,29.712,10541.265,496.101,1488.226,70.04,-1.424,-5.845,8599.055,404.695,35.689,30.791,187.08,3975.118,196.25,13.628,-0.403,-6.549,34377.117,3.367,-0.316,-4.236,1981.185,93.24,28410.492,1337.076,47.511,82.988,-5.676,-39.749,660.595,477.023,22.45,14036.471,0.047,0.095,4243.92,199.731,11.439,41.001,81.64,-21.287,-7.478,26.976,215.457,10.14,573.194,5.167,1.674,-0.131,-1.695,274.096,2188.78,103.01,5824.059,52.489,17.012,-9.17,-4.902,2.568,4.879,246.122,1966.311,92.54,5229.664,47.154,15.276,3.323,5.801,180.38,15.936,0.75,3832.756,-1.875,-1.074,1194.422,56.213,0.382,11.196,0.878,0.28,0.0,-6.05,0.878,5.95,0.0,18.659,0.143,0.0,0.055,4169.964,1617.882,-18.977,-6.574,27.974,222.469,10.47,594.395,5.335,1.736,1007.309,0.0,0.0,0.0,0.0,0.0,0.0,0.0,28.571,0.026,0.12,1.062,0.05,2.543,0.025,0.007,UKR,47062802.0,480580665344.0,6.164,0.131,336.82,3.758,1.128,338.225,6.928,2.091,7.187,0.704,0.209,7.157,0.701,0.208,161.469,3.431,293.0,6.226,0.61,348.755,27184.318,40460.578,15218.285,136.259,5190.683,13646.271,6219.293,71.043,34933.594,3.367,2.618,0.056,119.444,2.538,8.515,9.173,1.406,0.03,72.373,1.538,23.791,0.506,43.12,0.916,0.085,4.004,1617.882,0.544,1.068,0.936,1.263,1.399,2.179,2.034,2.525,0.997,3.27,1.828,1.408,1.249,0.763,2.074,0.031,0.383,1.542,1.652,0.004,0.016,0.021,0.001,431.724,400.761,-43.82,-13.01,3.437712415870228e-05,7.156819944549686e-06,3.366514961316471e-09,7.008604887566669e-10,1624.431,1605.493,1585.872,333.062,313.531,310.626,3.719048189113393e-09,4.0201020912609874e-09,4.161540885934832e-09,7.625276961363609e-10,7.850713947523587e-10,8.151242970645758e-10
Ukraine,2008,UKR,46819115.0,499592167424.0,-3.03,0.0,0.0,0.0,5.553,0.26,0.135,0.0,417.904,-2.014,-9.99,10382.741,486.111,1508.572,70.63,-0.136,-0.552,8632.015,404.143,36.676,31.264,185.85,3969.533,192.58,13.873,-3.451,-55.829,33363.566,3.127,-3.784,-50.6,1941.942,90.92,27477.58,1286.476,47.212,82.74,-5.014,-33.124,627.47,412.438,19.31,13402.015,1.611,3.218,4334.733,202.948,10.027,40.356,80.48,13.497,3.399,30.375,245.84,11.51,648.766,5.977,1.954,-1.31,-5.73,268.366,2171.335,101.66,5731.973,52.788,17.26,-6.73,-3.621,-2.919,-9.075,237.048,1918.874,89.84,5063.05,46.651,15.246,-4.15,-7.485,172.895,20.932,0.98,3692.824,-6.788,-3.816,1119.14,52.397,0.509,11.12,0.825,0.26,0.0,-6.05,-0.053,5.553,0.0,17.621,0.135,0.0,0.053,4113.277,1562.053,12.914,3.345,31.318,252.461,11.82,668.923,6.138,2.014,1007.309,0.0,0.0,0.0,0.0,0.0,0.0,0.0,0.0,-0.001,0.119,1.068,0.05,2.536,0.026,0.008,UKR,46819168.0,499592167424.0,6.294,0.134,325.983,-10.836,-3.217,325.689,-12.536,-3.706,6.956,0.652,0.209,6.963,0.652,0.209,154.64,3.303,299.212,6.391,0.599,355.049,27510.303,40786.27,15372.926,138.955,5305.485,13645.978,6263.184,74.704,33911.27,3.127,2.696,0.058,114.802,2.452,8.334,8.988,-0.294,-0.006,71.748,1.532,25.064,0.535,43.891,0.937,0.078,3.661,1562.053,0.548,1.016,0.881,1.171,1.362,2.15,2.013,2.496,0.992,3.222,1.816,1.383,1.256,0.806,1.937,-0.006,0.392,1.408,1.632,0.004,0.016,0.021,0.001,420.802,390.203,-26.771,-8.212,3.3363573830901475e-05,6.962597028635645e-06,3.126656304589935e-09,6.524982200598449e-10,1617.882,1624.431,1605.493,336.82,333.062,313.531,3.366514961316471e-09,3.719048189113393e-09,4.0201020912609874e-09,7.008604887566669e-10,7.625276961363609e-10,7.850713947523587e-10
Ukraine,2009,UKR,46623687.0,431074410496.0,-3.03,0.0,0.0,0.0,3.003,0.14,0.081,0.0,409.596,-14.182,-68.943,8947.558,417.168,1398.216,65.19,-7.196,-29.083,8044.407,375.06,37.55,31.509,169.34,3632.059,173.61,14.845,-14.82,-231.495,28538.232,3.087,-16.482,-212.042,1685.195,78.57,23044.811,1074.434,45.257,81.153,-22.054,-138.384,489.086,250.731,11.69,10490.081,0.21,0.426,4362.038,203.374,6.733,36.941,71.11,3.683,0.953,31.328,256.093,11.94,671.935,6.877,2.366,-6.512,-18.842,249.524,2038.449,95.04,5351.864,54.743,18.847,-4.27,-2.522,-7.699,-19.399,217.648,1778.495,82.92,4668.191,47.762,16.439,-2.727,-4.715,168.18,36.248,1.69,3607.172,-6.037,-3.163,1055.99,49.234,0.973,12.703,0.434,0.14,0.0,-47.348,-0.391,3.003,0.0,9.317,0.081,0.0,0.033,3723.644,1330.558,2.512,0.557,31.875,259.954,12.12,683.672,6.981,2.408,1007.309,0.0,0.0,0.0,0.0,0.0,0.0,0.0,-4.444,-0.006,0.113,0.858,0.04,2.421,0.023,0.009,UKR,46623732.0,431074410496.0,2.59,0.056,277.593,-48.39,-14.844,289.282,-36.407,-11.178,6.205,0.671,0.217,5.954,0.644,0.209,136.611,2.93,251.186,5.388,0.583,357.639,27787.895,41075.551,15509.537,141.602,5395.462,13657.667,6305.877,77.779,29011.01,3.087,2.647,0.057,89.978,1.93,7.237,7.947,11.689,0.251,68.224,1.463,21.609,0.463,42.693,0.916,0.066,3.075,1330.558,0.219,0.88,0.786,1.047,1.312,2.12,1.991,2.466,0.988,3.166,1.805,1.36,1.256,0.801,1.556,0.222,0.39,1.26,1.611,0.004,0.016,0.022,0.001,370.523,337.421,-26.407,-9.513,2.853824065865858e-05,5.953899185933766e-06,3.086608640185907e-09,6.439561088318784e-10,1562.053,1617.882,1624.431,325.983,336.82,333.062,3.126656304589935e-09,3.366514961316471e-09,3.719048189113393e-09,6.524982200598449e-10,7.008604887566669e-10,7.625276961363609e-10
Ukraine,2010,UKR,46455954.0,439429791744.0,-3.03,0.0,0.0,0.0,4.09,0.19,0.101,0.0,409.808,6.638,27.691,9575.934,444.859,1501.637,69.76,-0.324,-1.214,8047.314,373.846,36.945,31.342,184.76,3977.1,188.82,15.048,7.242,96.357,30715.432,3.247,7.24,77.787,1857.243,86.28,24802.438,1152.221,45.694,81.179,11.556,56.52,545.606,337.955,15.7,11744.586,-4.472,-9.095,4182.01,194.279,8.315,38.44,77.38,10.188,2.922,34.25,283.064,13.15,737.258,6.964,2.413,7.891,17.611,267.134,2207.252,102.54,5750.272,54.306,18.821,-4.06,-2.197,7.51,14.518,232.167,1919.022,89.15,4997.565,47.214,16.357,-3.82,-6.424,161.756,17.651,0.82,3481.917,-10.8,-5.317,945.34,43.917,0.434,11.396,0.587,0.19,0.0,35.252,0.153,4.09,0.0,12.646,0.101,0.0,0.041,4064.495,1426.915,10.497,3.092,34.968,288.23,13.39,752.707,7.091,2.464,1007.309,0.0,0.0,0.0,0.0,0.0,0.0,0.0,16.279,0.017,0.13,1.076,0.05,2.803,0.026,0.009,UKR,46456002.0,439429791744.0,2.882,0.062,294.366,16.772,6.042,298.995,9.713,3.358,6.436,0.68,0.21,6.336,0.67,0.206,145.421,3.13,248.393,5.347,0.565,360.521,28082.262,41374.547,15654.958,144.219,5495.905,13662.296,6345.717,80.941,31235.119,3.247,2.618,0.056,100.442,2.162,7.612,8.246,4.629,0.1,66.056,1.422,23.276,0.501,39.84,0.858,0.068,3.162,1426.915,0.228,0.882,0.77,1.042,1.264,2.089,1.969,2.435,0.982,3.111,1.793,1.336,1.257,0.767,1.613,0.084,0.352,1.285,1.587,0.004,0.017,0.022,0.001,383.074,353.626,-45.973,-15.618,3.0715438542064364e-05,6.3364471182861074e-06,3.247196769105911e-09,6.69881754788919e-10,1330.558,1562.053,1617.882,277.593,325.983,336.82,3.086608640185907e-09,3.126656304589935e-09,3.366514961316471e-09,6.439561088318784e-10,6.524982200598449e-10,7.008604887566669e-10
Ukraine,2011,UKR,46307812.0,471221174272.0,-3.03,0.0,0.0,0.0,2.807,0.13,0.067,0.0,427.546,8.468,37.67,10420.028,482.529,1608.8,74.5,12.988,48.555,9121.587,422.401,38.215,32.875,188.66,4074.043,194.95,14.923,3.352,47.83,31846.557,3.13,4.571,52.672,2019.314,93.51,26019.223,1204.893,47.966,82.09,2.871,15.663,561.269,398.421,18.45,12120.396,0.599,1.164,4220.526,195.443,9.464,38.239,83.35,-16.79,-5.898,28.352,236.245,10.94,612.249,5.612,1.932,-1.07,-4.252,262.883,2190.559,101.44,5676.857,52.034,17.91,-6.29,-3.334,1.229,1.636,233.802,1948.915,90.25,5048.875,46.294,15.929,-0.408,-0.66,161.096,12.093,0.56,3478.798,-5.6,-2.459,895.258,41.457,0.287,10.975,0.419,0.13,0.0,-28.723,-0.169,2.807,0.0,9.043,0.067,0.0,0.029,4209.873,1474.744,-16.375,-5.887,29.08,241.644,11.19,627.982,5.74,1.981,1007.309,0.078,0.078,0.648,0.03,1.684,0.015,0.005,79.0,0.102,0.232,1.944,0.09,5.007,0.046,0.016,UKR,46307852.0,471221174272.0,3.901,0.084,308.376,14.011,4.76,311.389,12.394,4.145,6.724,0.661,0.211,6.659,0.654,0.209,153.853,3.322,268.733,5.803,0.57,364.422,28390.637,41685.934,15808.811,146.898,5600.137,13665.309,6385.491,84.878,32400.471,3.13,2.679,0.058,104.231,2.251,8.086,8.759,3.013,0.065,70.889,1.531,26.242,0.567,39.774,0.859,0.085,3.938,1474.744,0.287,0.894,0.783,1.044,1.22,2.059,1.947,2.404,0.977,3.059,1.781,1.313,1.264,0.746,1.626,0.057,0.35,1.431,1.565,0.004,0.017,0.022,0.001,405.589,374.429,-39.644,-12.856,3.1846548914899455e-05,6.659259427537112e-06,3.129621673470774e-09,6.544188097583197e-10,1426.915,1330.558,1562.053,294.366,277.593,325.983,3.247196769105911e-09,3.086608640185907e-09,3.126656304589935e-09,6.69881754788919e-10,6.439561088318784e-10,6.524982200598449e-10
Ukraine,2012,UKR,46210001.0,472276729856.0,-3.03,0.0,0.0,0.0,2.813,0.13,0.065,0.0,441.824,2.96,14.282,10751.144,496.81,1740.316,80.42,7.633,32.244,9838.663,454.645,40.436,34.59,187.41,4055.616,198.88,15.582,-2.153,-31.755,31226.777,3.055,-2.484,-29.933,2110.149,97.51,25426.545,1174.961,49.03,81.805,-7.64,-42.882,518.387,347.111,16.04,11218.072,-0.775,-1.514,4196.69,193.929,8.065,36.092,87.87,-4.251,-1.345,27.007,226.791,10.48,584.436,5.27,1.88,-0.073,-1.543,261.34,2193.681,101.37,5655.49,50.97,18.195,-11.47,-6.12,-0.122,-1.489,232.313,1950.66,90.14,5027.329,45.324,16.174,-0.827,-1.332,159.763,22.722,1.05,3457.329,0.697,0.289,903.41,41.747,0.528,11.123,0.419,0.13,0.0,0.0,0.0,2.813,0.0,9.062,0.065,0.0,0.029,4303.831,1442.989,0.328,-0.053,29.027,243.021,11.23,628.161,5.647,2.021,1007.309,0.781,0.859,7.141,0.33,18.589,0.166,0.06,222.011,0.511,0.743,6.276,0.29,16.074,0.146,0.052,UKR,46210051.0,472276729856.0,3.281,0.071,304.424,-3.952,-1.282,324.228,12.838,4.123,7.016,0.687,0.225,6.588,0.645,0.211,158.981,3.44,272.901,5.906,0.578,367.704,28695.062,42010.164,15967.792,149.447,5697.406,13685.111,6423.957,88.756,31779.547,3.055,2.549,0.055,97.27,2.105,8.017,8.86,19.803,0.429,70.879,1.534,25.616,0.554,38.465,0.832,0.084,3.877,1442.989,0.235,0.87,0.798,1.066,1.176,2.03,1.925,2.374,0.969,3.005,1.77,1.29,1.27,0.676,1.485,0.35,0.335,1.401,1.544,0.004,0.017,0.022,0.001,409.418,370.443,-31.523,-10.355,3.122676842183944e-05,6.587830859567616e-06,3.0553887345666512e-09,6.445881847551978e-10,1474.744,1426.915,1330.558,308.376,294.366,277.593,3.129621673470774e-09,3.247196769105911e-09,3.086608640185907e-09,6.544188097583197e-10,6.69881754788919e-10,6.439561088318784e-10
Ukraine,2013,UKR,46126715.0,472286167040.0,-3.03,0.491,10.652,0.491,2.168,0.1,0.051,0.036,448.938,-3.022,-15.014,10445.053,481.796,1756.249,81.01,-2.237,-10.168,9635.984,444.476,41.678,35.368,184.48,3999.417,194.37,16.076,-5.088,-73.421,29691.438,2.9,-5.51,-64.74,2082.307,96.05,24068.924,1110.22,49.416,81.5,-7.986,-41.396,476.991,303.078,13.98,10340.887,3.948,7.656,4370.256,201.586,7.192,35.015,87.26,31.743,8.3,35.306,299.176,13.8,765.422,7.1,2.592,-2.522,-9.325,252.015,2131.52,98.32,5463.541,50.584,18.5,-9.89,-5.361,-7.686,-19.502,212.811,1803.944,83.21,4613.611,42.81,15.622,-5.214,-8.33,151.433,22.98,1.06,3282.984,-7.898,-3.297,833.565,38.45,0.545,11.117,0.316,0.1,0.0,-24.627,-0.103,2.168,0.0,6.843,0.051,0.0,0.023,4213.827,1369.568,38.914,10.177,39.204,327.576,15.11,849.929,7.774,2.878,71.017,0.599,1.458,12.357,0.57,31.604,0.293,0.107,121.582,0.89,1.633,13.875,0.64,35.408,0.329,0.12,UKR,46126762.0,472286167040.0,3.397,0.074,297.479,-6.945,-2.281,307.312,-16.916,-5.217,6.662,0.651,0.224,6.449,0.63,0.217,160.185,3.473,273.348,5.926,0.579,371.1,28992.541,42317.477,16127.978,151.976,5787.882,13694.944,6461.297,92.307,30228.559,2.9,2.529,0.055,90.477,1.961,7.88,8.686,9.833,0.213,72.614,1.574,25.827,0.56,37.34,0.81,0.077,3.551,1369.568,0.234,0.843,0.76,1.068,1.134,2.001,1.904,2.346,0.962,2.95,1.76,1.268,1.267,0.657,1.373,0.192,0.323,1.206,1.524,0.003,0.017,0.022,0.001,400.642,363.496,-24.131,-8.112,2.9691427191378582e-05,6.449162852575552e-06,2.8998689683917955e-09,6.298702370734588e-10,1442.989,1474.744,1426.915,304.424,308.376,294.366,3.0553887345666512e-09,3.129621673470774e-09,3.247196769105911e-09,6.445881847551978e-10,6.544188097583197e-10,6.69881754788919e-10
Ukraine,2014,UKR,45972329.0,441233309696.0,-3.03,-0.015,10.364,0.476,2.828,0.13,0.071,0.04,417.624,-14.124,-68.047,8999.955,413.749,1533.314,70.49,-31.799,-141.341,6593.863,303.135,38.557,34.426,174.39,3793.369,182.82,17.419,-11.77,-161.198,26284.742,2.739,-14.386,-159.713,1832.842,84.26,20675.635,950.507,46.089,79.088,-15.476,-73.82,403.171,276.471,12.71,8769.864,0.3,0.606,4398.108,202.191,6.952,33.546,76.35,-38.585,-13.733,21.573,184.459,8.48,469.265,4.638,1.795,0.221,-0.683,251.332,2143.898,98.56,5467.027,53.911,20.912,-8.43,-4.834,6.225,12.098,224.909,1922.678,88.39,4892.261,48.348,18.714,-11.785,-17.846,133.587,23.057,1.06,2905.815,-11.129,-4.279,743.289,34.171,0.58,11.115,0.406,0.13,0.0,28.713,0.091,2.828,0.0,8.837,0.071,0.0,0.034,3976.74,1208.371,-31.795,-12.781,26.423,221.22,10.17,574.766,5.563,2.199,-24.737,-0.366,1.092,9.353,0.43,23.745,0.235,0.091,76.981,1.243,2.876,24.58,1.13,62.556,0.618,0.239,UKR,45972378.0,441233309696.0,3.299,0.072,257.639,-39.84,-13.393,264.892,-42.419,-13.803,5.762,0.6,0.219,5.604,0.584,0.213,138.373,3.01,222.34,4.836,0.504,374.4,29250.18,42582.367,16266.351,154.47,5863.068,13702.198,6496.638,95.254,26764.613,2.739,2.494,0.054,75.185,1.635,6.923,7.721,7.253,0.158,67.333,1.465,24.963,0.543,35.341,0.769,0.064,2.947,1208.371,0.22,0.727,0.649,0.921,1.094,1.97,1.881,2.315,0.954,2.89,1.749,1.247,1.255,0.645,1.134,0.134,0.304,0.965,1.504,0.003,0.017,0.022,0.001,354.97,318.247,-35.299,-13.701,2.6284746200262636e-05,5.604213034183144e-06,2.738621435522493e-09,5.839065055571339e-10,1369.568,1442.989,1474.744,297.479,304.424,308.376,2.8998689683917955e-09,3.0553887345666512e-09,3.129621673470774e-09,6.298702370734588e-10,6.445881847551978e-10,6.544188097583197e-10
Ukraine,2015,UKR,45784854.0,398045413376.0,-17.188,-0.082,8.618,0.395,3.058,0.14,0.086,0.04,380.071,-23.139,-95.738,6945.762,318.011,1234.688,56.53,-34.224,-103.745,4354.939,199.39,34.537,31.875,162.33,3545.496,163.68,19.2,-16.962,-204.963,21915.717,2.521,-20.319,-193.136,1505.956,68.95,16541.959,757.371,42.125,75.914,-20.657,-83.284,319.887,220.597,10.1,6986.741,-6.853,-13.855,4113.496,188.336,6.171,32.063,62.21,-36.351,-7.912,13.662,117.943,5.4,298.386,3.299,1.369,-3.947,-11.03,240.302,2069.025,94.73,5248.513,57.875,24.086,-1.35,-0.832,-0.862,-3.067,221.842,1913.952,87.63,4845.304,53.537,22.236,-10.565,-14.114,119.474,50.672,2.32,2609.456,-10.73,-3.666,666.254,30.504,1.417,11.975,0.453,0.14,0.0,11.538,0.047,3.058,0.0,9.897,0.086,0.0,0.045,3574.981,1003.408,-29.567,-7.962,18.461,155.073,7.1,403.21,4.338,1.85,11.072,0.115,1.206,10.484,0.48,26.348,0.293,0.121,-4.052,-0.131,2.745,23.589,1.08,59.961,0.66,0.275,UKR,45784903.0,398045413376.0,3.278,0.072,223.788,-33.851,-13.139,241.452,-23.44,-8.849,5.274,0.607,0.241,4.888,0.562,0.223,119.393,2.608,184.865,4.038,0.464,377.677,29473.969,42823.82,16385.744,156.852,5928.555,13719.862,6527.127,98.013,22306.594,2.521,2.382,0.052,65.487,1.43,5.991,6.819,17.664,0.386,57.292,1.251,23.037,0.503,30.489,0.666,0.06,2.759,1003.408,0.226,0.632,0.59,0.814,1.058,1.939,1.858,2.285,0.946,2.828,1.739,1.225,1.242,0.62,0.968,0.319,0.258,0.909,1.483,0.003,0.017,0.022,0.001,312.215,274.319,-38.923,-17.393,2.1915719115320933e-05,4.8878120370811995e-06,2.5208379905439706e-09,5.622172558200195e-10,1208.371,1369.568,1442.989,257.639,297.479,304.424,2.738621435522493e-09,2.8998689683917955e-09,3.0553887345666512e-09,5.839065055571339e-10,6.298702370734588e-10,6.445881847551978e-10
Ukraine,2016,UKR,45616779.0,407666196480.0,9.434,0.037,9.465,0.432,3.069,0.14,0.085,0.041,408.434,18.673,59.383,8273.129,377.393,1343.585,61.29,6.214,12.39,4642.6,211.78,37.24,36.151,160.83,3525.677,164.58,18.137,4.643,46.587,23017.744,2.576,7.842,59.392,1630.321,74.37,17904.891,816.763,45.188,78.239,-1.775,-5.678,314.208,215.491,9.83,6888.002,1.005,1.893,4170.146,190.229,5.973,30.099,67.22,42.241,5.624,19.286,168.359,7.68,422.781,4.666,1.847,-4.716,-13.138,227.164,1977.562,90.21,4979.841,54.812,21.761,-3.75,-2.332,-7.62,-18.45,203.392,1774.566,80.95,4458.709,49.186,19.483,4.761,5.688,125.162,71.246,3.25,2743.76,-7.093,-2.164,621.279,28.341,1.975,11.989,0.425,0.14,0.0,-6.207,-0.028,3.069,0.0,9.317,0.085,0.0,0.041,3607.883,1049.995,29.231,5.311,23.772,202.995,9.26,521.132,5.626,2.277,3.001,0.027,1.233,10.742,0.49,27.033,0.298,0.118,-12.044,-0.349,2.396,20.826,0.95,52.535,0.577,0.23,UKR,45616831.0,407666196480.0,3.627,0.08,233.961,10.173,4.546,242.833,1.381,0.572,5.323,0.596,0.231,5.129,0.574,0.223,126.828,2.78,179.848,3.943,0.441,381.304,29707.928,43066.652,16512.572,159.225,5992.622,13728.734,6561.251,100.955,23419.848,2.576,2.373,0.052,64.067,1.404,6.337,7.117,8.872,0.194,60.375,1.324,25.223,0.553,34.124,0.748,0.064,2.942,1049.995,0.243,0.661,0.61,0.885,1.026,1.91,1.837,2.257,0.94,2.767,1.73,1.204,1.232,0.634,0.921,0.201,0.285,0.979,1.465,0.003,0.017,0.022,0.001,324.641,289.08,-54.113,-23.129,2.301773652190517e-05,5.128830628326525e-06,2.5756243933546555e-09,5.739033602004283e-10,1003.408,1208.371,1369.568,223.788,257.639,297.479,2.5208379905439706e-09,2.738621435522493e-09,2.8998689683917955e-09,5.622172558200195e-10,5.839065055571339e-10,6.298702370734588e-10
Ukraine,2017,UKR,45435996.0,417287110656.0,20.69,0.089,11.469,0.521,4.622,0.21,0.135,0.054,347.155,-20.626,-77.84,6592.876,299.554,1085.703,49.33,-25.194,-53.356,3486.762,158.424,31.614,30.914,150.86,3320.275,156.04,18.932,-7.111,-74.664,21466.039,2.337,-10.96,-89.515,1311.735,59.6,16005.996,727.248,38.195,75.052,-3.916,-12.303,301.905,162.426,7.38,6644.624,1.99,3.786,4270.057,194.014,4.73,31.156,54.17,16.569,3.083,22.369,196.98,8.95,492.319,5.736,2.308,6.975,14.585,241.749,2122.546,96.44,5320.657,61.805,24.948,-5.18,-3.434,5.715,10.549,213.941,1883.529,85.58,4708.613,54.845,22.079,0.502,0.628,125.789,63.606,2.89,2768.495,-7.093,-2.164,621.279,28.341,1.852,12.981,0.656,0.21,0.0,54.338,0.231,4.622,0.0,14.437,0.135,0.0,0.068,3434.281,975.331,17.501,4.036,27.809,239.018,10.86,612.044,6.96,2.87,47.046,0.571,1.804,15.846,0.72,39.71,0.461,0.186,3.103,0.062,2.458,21.569,0.98,54.109,0.628,0.254,UKR,45436036.0,417287110656.0,3.557,0.078,223.081,-10.88,-4.65,228.66,-14.173,-5.837,5.033,0.548,0.234,4.91,0.535,0.229,112.586,2.478,181.137,3.987,0.434,384.861,29931.01,43295.309,16625.158,161.529,6059.243,13734.312,6596.593,103.626,21840.365,2.337,2.304,0.051,66.621,1.466,6.001,6.757,5.579,0.123,55.147,1.214,25.428,0.56,35.342,0.778,0.059,2.671,975.331,0.236,0.62,0.569,0.776,0.995,1.881,1.816,2.228,0.932,2.709,1.722,1.184,1.22,0.595,0.935,0.132,0.291,0.882,1.447,0.003,0.017,0.022,0.001,307.026,272.674,-41.944,-18.802,2.1466042034161166e-05,4.909781302224408e-06,2.337313986206576e-09,5.345983480038563e-10,1049.995,1003.408,1208.371,233.961,223.788,257.639,2.5756243933546555e-09,2.5208379905439706e-09,2.738621435522493e-09,5.739033602004283e-10,5.622172558200195e-10,5.839065055571339e-10
Ukraine,2018,UKR,45208854.0,431842099200.0,-20.0,-0.104,9.221,0.417,6.636,0.3,0.188,0.041,349.243,8.922,26.726,7217.162,326.28,1085.186,49.06,6.159,9.757,3720.102,168.182,30.689,32.445,153.79,3401.767,159.86,18.577,3.758,36.658,22384.744,2.343,4.872,35.429,1380.924,62.43,16870.078,762.677,39.053,75.841,1.254,3.786,305.691,233.804,10.57,6761.746,1.463,2.839,4354.313,196.854,6.612,30.398,55.83,16.542,3.571,25.94,230.707,10.43,573.771,6.524,2.579,0.907,1.203,242.952,2155.109,97.43,5373.997,60.947,24.159,-6.07,-3.947,-1.377,-3.995,209.946,1866.891,84.4,4643.903,52.796,20.877,3.909,4.917,130.707,61.935,2.8,2891.171,-7.093,-2.164,621.279,28.341,1.752,12.997,0.939,0.3,0.0,43.163,0.283,6.636,0.0,20.772,0.188,0.0,0.093,3536.033,1011.989,18.072,5.198,33.007,288.218,13.03,730.094,8.151,3.282,53.457,0.951,2.755,24.553,1.11,60.939,0.694,0.274,20.846,0.498,2.956,26.322,1.19,65.39,0.744,0.294,UKR,45208903.0,431842099200.0,3.716,0.082,231.664,8.583,3.847,235.723,7.064,3.089,5.214,0.546,0.233,5.124,0.536,0.229,120.544,2.666,211.253,4.673,0.489,388.577,30162.674,43531.035,16745.701,163.928,6126.191,13738.372,6631.808,106.467,22768.459,2.343,2.399,0.053,66.949,1.481,6.249,6.991,4.059,0.09,55.972,1.238,25.824,0.571,35.214,0.779,0.063,2.841,1011.989,0.239,0.631,0.581,0.817,0.966,1.853,1.795,2.201,0.924,2.65,1.714,1.165,1.21,0.589,0.896,0.106,0.287,0.937,1.429,0.003,0.017,0.022,0.001,316.052,282.488,-20.411,-8.81,2.2384752331921036e-05,5.1243004060504385e-06,2.343423677021622e-09,5.36455339646515e-10,975.331,1049.995,1003.408,223.081,233.961,223.788,2.337313986206576e-09,2.5756243933546555e-09,2.5208379905439706e-09,5.345983480038563e-10,5.739033602004283e-10,5.622172558200195e-10
Ukraine,2019,UKR,44957402.0,445656694784.0,137.5,0.573,22.023,0.99,9.12,0.41,0.266,0.104,341.508,-7.054,-23.016,6745.583,303.264,1012.736,45.53,-1.083,-1.821,3700.405,166.361,29.538,31.879,150.1,3338.716,154.14,19.005,-5.368,-54.325,21301.568,2.149,-6.224,-47.467,1318.359,59.27,15908.609,715.21,38.452,75.183,-7.43,-22.714,282.977,265.362,11.93,6294.334,-1.442,-2.839,4315.513,194.014,7.74,29.747,52.64,-37.586,-9.83,16.11,144.804,6.51,358.331,4.223,1.693,-2.022,-6.869,236.083,2110.22,94.87,5251.27,61.548,24.817,-4.04,-2.692,-1.653,-4.493,205.452,1846.192,83.0,4569.931,53.847,21.597,-1.329,-1.738,128.969,40.26,1.81,2868.693,-7.093,-2.164,621.279,28.341,1.174,13.557,1.272,0.41,0.0,35.408,0.332,9.12,0.0,28.284,0.266,0.0,0.134,3428.579,957.663,-4.335,-2.375,30.631,264.028,11.87,681.339,7.701,3.22,164.813,4.504,7.259,65.173,2.93,161.473,1.901,0.763,69.993,2.044,5.0,44.931,2.02,111.227,1.31,0.526,UKR,44957450.0,445656694784.0,3.961,0.088,221.943,-9.721,-4.196,225.488,-10.235,-4.342,5.016,0.506,0.235,4.937,0.498,0.232,114.046,2.537,205.835,4.578,0.462,392.538,30384.615,43756.523,16859.748,166.283,6186.579,13741.916,6670.289,109.18,21661.146,2.149,2.355,0.052,60.388,1.343,6.094,6.83,3.545,0.079,56.598,1.259,26.491,0.589,38.481,0.856,0.06,2.714,957.663,0.244,0.598,0.551,0.776,0.938,1.825,1.774,2.174,0.915,2.591,1.706,1.147,1.199,0.541,0.791,0.094,0.31,0.889,1.413,0.003,0.018,0.022,0.001,307.077,273.969,-16.108,-7.258,2.130156453435585e-05,4.936734623516126e-06,2.1488805423738967e-09,4.980133869806913e-10,1011.989,975.331,1049.995,231.664,223.081,233.961,2.343423677021622e-09,2.337313986206576e-09,2.5756243933546555e-09,5.36455339646515e-10,5.345983480038563e-10,5.739033602004283e-10
Ukraine,2020,UKR,44679967.0,428931219456.0,-41.955,-0.415,12.863,0.575,17.01,0.76,0.514,0.063,325.394,-12.383,-37.553,5946.974,265.711,899.732,40.2,-10.848,-18.047,3319.472,148.314,27.201,29.136,145.37,3253.583,147.79,19.079,-4.095,-39.212,20556.229,2.141,-4.8,-34.327,1222.919,54.64,15239.1,680.882,36.971,74.661,3.679,10.411,293.387,317.592,14.19,6566.42,-1.463,-2.839,4278.764,191.175,9.601,32.171,48.09,16.218,2.566,18.676,169.203,7.56,417.996,5.115,2.048,-2.223,-5.0,231.083,2084.827,93.15,5171.971,63.029,25.339,-2.42,-1.665,-8.193,-17.297,188.155,1705.462,76.2,4211.167,51.56,20.632,-5.571,-7.185,121.784,5.595,0.25,2725.706,-7.093,-2.164,621.279,28.341,0.169,13.354,2.361,0.76,0.0,85.648,1.089,17.01,0.0,52.834,0.514,0.0,0.259,3307.746,918.452,36.312,12.297,42.929,379.365,16.95,960.804,11.469,4.707,83.074,5.998,13.257,120.188,5.37,296.717,3.634,1.454,61.583,3.06,8.06,72.963,3.26,180.394,2.206,0.884,UKR,44680009.0,428931219456.0,4.065,0.091,206.824,-15.119,-6.812,210.1,-15.388,-6.824,4.702,0.49,0.229,4.629,0.482,0.225,102.155,2.286,188.943,4.229,0.44,396.603,30591.441,43966.625,16961.902,168.587,6247.185,13745.192,6705.203,111.96,20916.844,2.141,2.304,0.052,60.606,1.356,5.815,6.544,3.276,0.073,58.014,1.298,26.228,0.587,34.915,0.781,0.062,2.78,918.452,0.248,0.589,0.545,0.716,0.912,1.799,1.756,2.148,0.908,2.536,1.7,1.131,1.191,0.574,0.801,0.095,0.319,0.942,1.397,0.003,0.018,0.022,0.001,292.397,259.801,-17.88,-8.645,2.0556237205814847e-05,4.629005334354239e-06,2.1412570555364187e-09,4.821845336003017e-10,957.663,1011.989,975.331,221.943,231.664,223.081,2.1488805423738967e-09,2.343423677021622e-09,2.337313986206576e-09,4.980133869806913e-10,5.36455339646515e-10,5.345983480038563e-10
Ukraine,2021,UKR,44298591.0,443313258496.0,8.329,0.048,14.054,0.623,20.542,0.91,0.585,0.067,275.698,-0.312,-0.829,5979.458,264.882,825.76,36.58,-2.775,-4.115,3255.157,144.199,23.53,28.557,153.42,3463.315,155.46,20.215,1.795,16.483,21105.297,2.109,-2.981,-20.294,1075.655,47.65,14912.177,660.588,30.651,71.218,-7.097,-20.821,272.566,232.965,10.32,6152.936,-1.98,-3.786,4230.144,187.389,6.638,29.386,42.86,38.075,7.047,25.723,235.222,10.42,580.682,6.703,2.773,15.771,35.882,266.965,2433.712,107.81,6026.494,69.349,28.782,-2.04,-1.33,13.127,24.176,212.331,1946.112,86.21,4793.167,55.455,22.891,1.113,1.356,123.14,16.931,0.75,2779.782,-7.093,-2.164,621.279,28.341,0.482,13.276,2.853,0.913,0.0,20.847,0.492,20.607,0.0,64.398,0.587,0.0,0.308,3509.367,934.935,27.264,11.706,54.635,487.6,21.6,1233.326,13.894,5.89,21.14,2.763,16.02,146.732,6.5,361.645,4.181,1.727,17.106,1.356,9.416,85.104,3.77,212.547,2.425,1.015,UKR,44298641.0,443313258496.0,4.339,0.098,210.153,3.329,1.61,212.644,2.544,1.211,4.8,0.48,0.227,4.744,0.474,0.225,103.8,2.343,196.315,4.432,0.443,400.941,30801.594,44179.266,17065.703,170.841,6307.023,13747.684,6742.249,114.837,21472.234,2.108,2.253,0.051,59.839,1.351,5.858,6.597,2.491,0.056,54.035,1.22,27.092,0.612,37.046,0.836,0.065,2.877,934.717,0.256,0.568,0.524,0.686,0.887,1.773,1.736,2.12,0.9,2.48,1.692,1.116,1.184,0.556,0.755,0.07,0.321,0.954,1.381,0.003,0.018,0.022,0.001,292.236,259.523,-13.838,-6.585,2.1105298811873698e-05,4.744005577958819e-06,2.108971437425294e-09,4.740507890807786e-10,918.452,957.663,1011.989,206.824,221.943,231.664,2.1412570555364187e-09,2.1488805423738967e-09,2.343423677021622e-09,4.821845336003017e-10,4.980133869806913e-10,5.36455339646515e-10
Ukraine,2022,UKR,41048717.0,309166669824.0,-11.15,-0.069,13.476,0.553,19.002,0.78,0.692,0.09,256.21,-52.973,-140.316,3034.572,124.565,592.223,24.31,-14.529,-20.95,3002.496,123.249,21.567,20.31,112.82,2748.442,112.72,22.736,-33.816,-316.154,15074.302,2.001,-37.25,-246.071,780.049,32.02,10098.188,414.518,28.407,67.587,-32.986,-89.909,182.657,174.914,7.18,4449.769,-6.364,-11.925,4274.545,175.465,6.37,29.782,28.88,5.547,1.36,27.084,270.41,11.1,659.79,9.847,4.416,-25.329,-68.169,198.796,1965.957,80.7,4842.926,71.593,32.413,0.1,0.089,-27.869,-59.551,152.78,1512.106,62.07,3721.915,55.066,24.911,-12.868,-15.845,107.295,12.911,0.53,2613.846,-7.093,-2.164,621.279,28.341,0.47,17.494,2.425,0.776,0.0,-14.983,-0.427,18.907,0.0,59.084,0.689,0.0,0.395,2746.005,618.781,-15.514,-8.619,46.016,453.851,18.63,1121.011,16.528,7.503,-21.965,-3.55,12.471,126.679,5.2,303.804,4.613,2.033,-62.914,-5.932,3.483,37.76,1.55,84.858,1.375,0.568,UKR,41048767.0,309166669824.0,4.339,0.106,141.126,-69.027,-32.846,143.127,-69.517,-32.692,3.487,0.463,0.222,3.438,0.456,0.218,59.279,1.444,161.987,3.946,0.524,405.28,30942.721,44322.395,17124.982,173.094,6347.123,13749.685,6774.528,117.713,16272.95,2.09,2.253,0.055,40.1,0.977,4.586,5.34,2.001,0.049,51.662,1.259,25.731,0.627,32.279,0.786,0.07,2.877,646.065,0.271,0.378,0.351,0.39,0.866,1.744,1.714,2.088,0.893,2.421,1.685,1.1,1.177,0.559,0.508,0.057,0.271,0.954,1.363,0.003,0.018,0.022,0.001,219.192,188.23,20.86,14.781,1.5074307925384974e-05,3.438008259785162e-06,2.0014479579970727e-09,4.56472232535089e-10,934.935,918.452,957.663,210.153,206.824,221.943,2.108971437425294e-09,2.1412570555364187e-09,2.1488805423738967e-09,4.740507890807786e-10,4.821845336003017e-10,4.980133869806913e-10
Ukraine,2023,UKR,37732781.0,309166669824.0,1.525,0.008,14.883,0.562,27.562,1.04,1.006,0.096,256.21,-13.646,-16.998,2850.753,107.567,573.507,21.64,-3.0,-3.697,3168.363,119.551,20.932,18.476,103.96,2755.164,103.38,21.655,-4.953,-30.651,15586.709,2.001,-2.533,-10.501,810.171,30.57,10707.32,404.017,29.571,69.396,2.591,4.732,187.389,214.137,8.08,4966.223,0.863,1.514,4690.321,176.979,7.816,32.187,28.88,15.464,3.959,31.043,336.842,12.71,822.704,12.294,5.332,-9.799,-20.624,178.172,1929.622,72.81,4721.929,70.429,30.604,0.58,0.558,-16.213,-25.707,127.073,1388.978,52.41,3367.713,50.696,21.827,1.646,1.766,109.061,22.527,0.85,2890.344,-7.093,-2.164,621.279,28.341,0.822,18.733,3.27,1.047,0.0,34.842,0.845,27.735,0.0,86.671,1.012,0.0,0.562,2739.793,588.13,11.365,5.082,51.098,540.644,20.4,1354.217,19.733,8.777,12.464,1.452,13.922,151.327,5.71,368.975,5.523,2.391,-33.453,-1.182,2.301,24.912,0.94,60.983,0.909,0.395,UKR,37732832.0,309166669824.0,4.339,0.115,136.461,-4.666,-3.306,137.985,-5.143,-3.593,3.657,0.463,0.224,3.616,0.456,0.221,53.043,1.406,161.987,3.946,0.524,409.618,31079.18,44460.379,17178.023,175.347,6388.262,13751.208,6807.338,120.59,16781.748,2.09,2.253,0.06,41.139,1.09,4.874,5.696,1.524,0.04,51.902,1.376,26.398,0.7,32.81,0.87,0.076,2.877,616.639,0.276,0.361,0.333,0.344,0.847,1.715,1.692,2.056,0.886,2.365,1.678,1.083,1.17,0.548,0.521,0.042,0.269,0.955,1.345,0.003,0.018,0.022,0.001,214.935,183.892,20.86,14.781,1.5586712254259352e-05,3.6165056468593822e-06,1.9023072582009115e-09,4.4138328390212136e-10,618.781,934.935,918.452,141.126,210.153,206.824,2.0014479579970727e-09,2.108971437425294e-09,2.1412570555364187e-09,4.56472232535089e-10,4.740507890807786e-10,4.821845336003017e-10
Ukraine,2024,UKR,37860172.0,309166669824.0,1.171,0.007,15.007,0.568,27.469,1.04,1.182,0.095,256.21,-0.434,-0.467,2828.83,107.1,225.831,8.55,-11.7,-13.987,2788.251,105.564,9.714,17.976,88.3,2332.266,88.02,17.963,2.197,12.924,15875.617,2.001,3.233,13.061,413.363,15.65,11016.282,417.078,17.78,70.004,6.43,12.049,199.438,165.081,6.25,5267.758,2.246,3.975,4779.529,180.954,7.101,33.475,28.88,0.274,0.085,31.128,335.709,12.71,822.182,14.44,5.225,0.42,0.54,178.712,1911.507,72.37,4720.305,82.22,29.996,0.28,0.317,1.727,2.195,129.268,1380.871,52.28,3414.361,59.396,21.697,1.356,1.479,110.54,22.451,0.85,2919.694,-7.093,-2.164,621.279,28.341,0.966,18.554,2.359,0.755,0.0,-27.851,-0.911,19.943,0.0,62.321,0.858,0.0,0.396,2324.871,601.054,-2.824,-1.655,49.443,530.637,20.09,1305.944,22.824,8.299,6.072,0.845,14.768,150.818,5.71,390.064,6.487,2.479,-73.067,-1.681,0.62,16.64,0.63,16.37,0.716,0.104,UKR,37732832.0,309166669824.0,4.339,0.115,136.461,-4.666,-3.306,137.985,-5.143,-3.593,3.657,0.463,0.224,3.616,0.456,0.221,53.043,1.406,161.987,3.946,0.524,409.618,31079.18,44460.379,17178.023,175.347,6388.262,13751.208,6807.338,120.59,16781.748,2.09,2.253,0.06,41.139,1.09,4.874,5.696,1.524,0.04,51.902,1.376,26.398,0.7,32.81,0.87,0.076,2.877,616.639,0.276,0.361,0.333,0.344,0.847,1.715,1.692,2.056,0.886,2.365,1.678,1.083,1.17,0.548,0.521,0.042,0.269,0.955,1.345,0.003,0.018,0.022,0.001,214.935,183.892,20.86,14.781,1.5875627823349142e-05,3.6165056468593822e-06,1.9441099531917957e-09,4.4138328390212136e-10,588.13,618.781,934.935,136.461,141.126,210.153,1.9023072582009115e-09,2.0014479579970727e-09,2.108971437425294e-09,4.4138328390212136e-10,4.56472232535089e-10,4.740507890807786e-10
United States,1993,USA,262633187.0,9814940844032.0,16.851,3.715,98.082,25.759,215.749,60.73,1.597,0.111,607.522,3.727,198.422,21027.246,5522.453,6972.503,1831.211,-6.262,-378.224,21557.832,5661.802,53.785,23.692,3835.86,13627.271,3404.678,15.819,2.109,483.275,89083.891,2.384,2.069,415.586,9133.066,2398.646,78071.93,20504.279,70.451,87.967,2.488,135.91,5599.419,1698.787,446.158,21320.305,1.137,55.11,18664.051,4901.799,13.104,24.022,2309.86,11.067,77.292,775.697,1063.274,279.251,2953.538,8.202,3.328,2.508,63.305,2804.827,3777.508,992.099,10679.638,29.139,12.033,33.76,0.88,-1.371,-24.81,1784.477,2446.042,642.412,6794.561,18.869,7.656,0.874,81.255,9382.407,461.776,121.278,35724.379,-3.88,-186.375,17580.357,4617.186,3.562,40.252,209.14,66.925,14.09,3.254,6.592,254.822,50.056,796.319,1.966,0.371,0.897,12963.624,23396.387,9.905,88.115,1020.35,1331.465,349.687,3885.076,10.271,4.377,16.221,0.184,1.32,1.809,0.475,5.026,0.014,0.006,4.097,0.332,8.434,11.561,3.036,32.113,0.089,0.036,USA,262633235.0,9814940844032.0,34.838,0.133,5272.851,98.623,1.906,5441.001,82.922,1.548,20.717,0.554,0.233,20.077,0.537,0.225,1879.596,7.157,5205.142,19.819,0.53,1685.671,264729.688,390661.688,124971.359,1007.424,41398.488,126102.219,95030.703,636.029,90410.414,2.384,44.013,0.168,1109.23,4.223,22.791,24.161,168.151,0.64,828.603,3.155,250.532,0.954,2181.652,8.307,0.09,23.523,23396.385,6.309,23.171,19.622,22.084,12.151,30.173,25.354,26.954,11.282,45.526,18.876,31.947,25.353,18.826,27.558,3.381,23.669,10.881,20.538,0.037,0.167,0.212,0.008,6345.52,5985.573,-67.708,-1.284,8.908389403202082e-05,2.0076861178669865e-05,2.3837522173377367e-09,5.372269770944336e-10,22913.111,22579.719,22609.195,5174.228,5062.957,5120.957,2.3986109377934472e-09,2.4477488081601657e-09,2.4441376716373118e-09,5.41653199141623e-10,5.488485911855753e-10,5.535944078740882e-10
United States,1994,USA,265474761.0,10211205054464.0,11.983,3.087,108.659,28.846,215.749,60.73,1.597,0.122,607.522,0.375,20.691,20880.115,5543.144,6901.869,1832.272,9.178,519.646,23284.506,6181.449,52.978,23.351,3835.86,13627.271,3458.526,15.77,1.828,427.744,89741.602,2.333,1.919,393.435,9194.858,2441.003,78718.273,20897.715,70.579,88.035,2.351,131.662,5731.081,1864.052,494.859,21588.045,4.111,201.509,19223.328,5103.309,14.308,24.143,2309.86,-7.13,-55.305,720.393,976.896,259.341,2713.601,7.499,3.035,1.456,35.468,2840.295,3781.253,1003.827,10698.927,29.025,11.965,33.76,0.88,4.94,88.154,1872.631,2539.402,674.147,7053.895,19.492,7.889,2.57,241.082,9623.489,428.937,113.872,36250.109,-2.395,-110.568,16975.691,4506.618,3.293,40.54,207.359,66.355,14.09,-0.851,-1.781,249.948,50.056,781.087,1.919,0.371,0.874,13027.702,23824.131,-4.507,-52.686,967.664,1241.85,329.68,3645.031,9.532,4.076,5.621,0.074,1.394,1.89,0.502,5.251,0.015,0.006,14.681,1.238,9.672,13.116,3.482,36.433,0.101,0.041,USA,265474811.0,10211205054464.0,36.31,0.137,5364.279,91.429,1.734,5579.422,138.421,2.544,21.017,0.546,0.234,20.206,0.525,0.225,1894.402,7.136,5310.252,20.003,0.52,1721.981,270093.969,396241.156,126865.758,1051.833,42535.914,126317.352,97257.766,660.697,90836.938,2.333,44.409,0.167,1137.428,4.285,22.907,24.437,215.143,0.81,833.771,3.141,259.541,0.978,2227.062,8.389,0.093,24.668,23824.129,6.16,23.33,19.318,22.131,11.907,29.999,25.243,26.866,11.379,44.777,18.743,31.71,24.245,14.112,28.005,3.653,24.074,11.399,20.449,0.038,0.169,0.214,0.008,6487.305,6081.289,-54.027,-1.007,8.974160447591441e-05,2.020635773237251e-05,2.3331360865762736e-09,5.253326097545084e-10,23396.387,22913.111,22579.719,5272.851,5174.228,5062.957,2.3837522173377367e-09,2.3986109377934472e-09,2.4477488081601657e-09,5.372269770944336e-10,5.41653199141623e-10,5.488485911855753e-10
United States,1995,USA,268205740.0,10488856444928.0,7.266,2.096,115.368,30.942,215.749,60.73,1.597,0.128,607.522,0.9,49.91,20853.594,5593.054,6908.901,1853.007,-0.327,-20.193,22972.125,6161.256,51.944,23.069,3835.86,13627.271,3567.331,16.004,2.18,519.287,90763.969,2.321,1.317,275.201,9196.553,2466.568,78942.812,21172.914,69.143,87.328,4.34,248.749,5979.83,1988.755,533.396,22295.682,-1.374,-70.1,18766.223,5033.208,14.952,24.664,2309.86,20.004,144.107,864.499,1160.377,311.22,3223.27,8.724,3.566,8.261,232.17,3072.465,4053.008,1087.04,11455.626,30.472,12.672,33.76,0.88,5.147,96.381,1969.012,2642.913,708.844,7341.424,19.87,8.121,-0.244,-23.458,9600.031,298.896,80.166,35793.535,-1.018,-45.888,16631.746,4460.73,2.247,39.595,197.703,63.265,14.09,-4.656,-9.656,235.883,50.056,737.133,1.773,0.371,0.815,13300.727,24343.418,14.117,135.789,1103.453,1410.095,378.196,4114.202,10.602,4.551,2.51,0.035,1.429,1.918,0.514,5.328,0.014,0.006,-8.206,-0.794,8.878,11.917,3.196,33.103,0.09,0.037,USA,268205794.0,10488856444928.0,37.075,0.138,5425.259,60.98,1.137,5525.469,-53.953,-0.967,20.602,0.527,0.227,20.228,0.517,0.223,1913.401,7.134,5370.919,20.025,0.512,1759.057,275519.219,401766.625,128779.164,1094.589,43722.43,126417.57,99475.672,688.309,91633.539,2.321,42.757,0.159,1186.511,4.424,22.858,24.099,100.21,0.374,820.551,3.059,259.537,0.968,2217.904,8.269,0.103,27.612,24343.418,5.946,23.055,19.077,21.734,11.661,29.822,25.131,26.772,11.437,44.069,18.608,31.475,23.343,13.102,28.128,1.845,23.755,12.35,20.358,0.038,0.172,0.217,0.008,6463.498,6130.684,-54.341,-1.002,9.076397097243299e-05,2.0227970914006353e-05,2.320883894999967e-09,5.172402757617531e-10,23824.131,23396.387,22913.111,5364.279,5272.851,5174.228,2.3331360865762736e-09,2.3837522173377367e-09,2.3986109377934472e-09,5.253326097545084e-10,5.372269770944336e-10,5.41653199141623e-10
United States,1996,USA,270860655.0,10886951469056.0,-28.272,-8.748,81.94,22.194,215.749,60.73,1.597,0.089,607.522,4.546,254.247,21587.855,5847.301,7183.598,1945.754,2.985,183.923,23425.99,6345.179,53.114,23.332,3835.86,13627.271,3663.386,15.903,3.376,821.955,92908.93,2.312,3.374,714.397,9313.276,2522.6,80806.539,21887.312,68.86,87.336,1.824,109.068,6088.898,1806.49,489.307,22479.816,1.373,69.112,18837.438,5102.321,13.357,24.296,2309.86,11.673,100.916,965.415,1283.13,347.549,3564.25,9.487,3.852,2.74,101.194,3173.659,4158.685,1126.424,11716.943,30.748,12.664,33.76,0.88,0.197,3.878,1972.891,2622.162,710.241,7283.784,19.388,7.872,3.657,351.082,9951.113,323.188,87.539,36738.867,-0.39,-17.396,16404.502,4443.334,2.39,39.708,202.581,64.826,14.09,2.467,4.878,239.333,50.056,747.916,1.77,0.371,0.808,13524.984,25165.373,7.147,97.316,1200.768,1536.523,416.184,4433.16,11.361,4.791,5.223,0.075,1.504,1.999,0.541,5.552,0.015,0.006,2.206,0.196,9.074,12.061,3.267,33.502,0.089,0.036,USA,270860696.0,10886951469056.0,37.309,0.138,5612.983,187.723,3.46,5692.734,167.265,3.027,21.017,0.523,0.226,20.723,0.516,0.223,1993.564,7.36,5539.188,20.45,0.509,1796.365,281132.219,407459.344,130772.727,1135.889,44929.016,126497.32,101780.969,717.232,93557.016,2.312,41.299,0.152,1206.587,4.455,23.318,24.547,79.752,0.294,815.159,3.01,266.397,0.984,2305.301,8.511,0.107,28.923,25165.373,5.863,23.139,18.806,22.089,11.426,29.651,25.013,26.686,11.45,43.36,18.456,31.253,22.62,11.786,27.393,1.326,23.965,13.026,20.266,0.038,0.174,0.22,0.008,6648.774,6315.958,-73.795,-1.315,9.290892765507011e-05,2.0722766657883722e-05,2.3115169633599985e-09,5.155697640385181e-10,24343.418,23824.131,23396.387,5425.259,5364.279,5272.851,2.320883894999967e-09,2.3331360865762736e-09,2.3837522173377367e-09,5.172402757617531e-10,5.253326097545084e-10,5.372269770944336e-10
United States,1997,USA,273467966.0,11375561670656.0,26.626,5.909,102.768,28.104,215.749,60.73,1.597,0.111,607.522,2.112,123.477,21833.555,5970.778,7307.047,1998.243,2.279,144.627,23731.504,6489.806,53.769,23.646,3835.86,13627.271,3716.377,15.953,0.75,188.723,92713.219,2.229,1.336,292.391,9555.954,2613.247,81105.305,22179.703,70.317,87.836,0.598,36.417,6125.315,1884.983,515.482,22398.658,0.256,13.078,18705.66,5115.399,13.871,24.258,2309.86,2.424,23.399,988.814,1301.699,355.973,3615.832,9.578,3.916,-2.885,-102.207,3071.452,3976.253,1087.378,11231.486,29.259,12.164,33.76,0.88,-6.83,-134.75,1838.141,2419.774,661.731,6721.594,17.806,7.279,1.331,132.496,10083.609,363.923,99.521,36873.09,-0.552,-24.515,16158.453,4418.819,2.678,39.933,205.688,65.82,14.09,1.534,3.107,240.687,50.056,752.146,1.771,0.371,0.815,13589.809,25354.096,3.507,32.543,1233.311,1556.479,425.647,4509.892,11.453,4.884,-1.597,-0.024,1.48,1.948,0.533,5.411,0.014,0.006,1.669,0.151,9.226,12.145,3.321,33.736,0.089,0.037,USA,273468014.0,11375561670656.0,38.561,0.141,5688.142,75.16,1.339,5785.296,92.561,1.626,21.155,0.509,0.228,20.8,0.5,0.224,2038.751,7.455,5644.761,20.641,0.496,1834.926,286820.344,413244.625,132811.484,1177.307,46143.141,126594.477,104107.312,746.178,93078.266,2.229,41.419,0.151,1214.128,4.44,23.362,24.626,97.154,0.355,812.65,2.972,265.036,0.969,2326.338,8.507,0.106,28.946,25354.094,5.822,23.31,18.188,22.709,11.199,29.492,24.883,26.614,11.46,42.709,18.273,31.037,21.982,11.741,27.464,1.312,23.824,12.936,20.174,0.038,0.177,0.222,0.008,6734.536,6388.634,-43.381,-0.763,9.271322111636252e-05,2.0800026726343134e-05,2.228821462539519e-09,5.000317491726964e-10,25165.373,24343.418,23824.131,5612.983,5425.259,5364.279,2.3115169633599985e-09,2.320883894999967e-09,2.3331360865762736e-09,5.155697640385181e-10,5.172402757617531e-10,5.253326097545084e-10
United States,1998,USA,276119277.0,11881793191936.0,10.499,2.951,112.467,31.054,215.749,60.73,1.597,0.122,607.522,0.981,58.561,21835.992,6029.338,7348.421,2029.041,3.156,204.797,24245.332,6694.604,52.623,23.725,3835.86,13627.271,3855.808,16.453,0.628,159.268,92399.789,2.147,0.556,123.402,9918.828,2738.78,80773.445,22303.105,71.03,87.76,-1.69,-103.524,6021.791,2068.831,571.244,21808.658,1.132,57.881,18735.672,5173.28,14.815,23.695,2309.86,-9.519,-94.122,894.692,1166.486,322.089,3240.239,8.353,3.521,1.436,39.184,3110.636,3985.406,1100.447,11265.553,28.54,12.24,33.76,0.88,7.167,131.748,1969.889,2568.311,709.16,7134.196,18.392,7.751,1.67,168.366,10251.976,501.576,138.495,37128.793,-3.111,-137.473,15505.425,4281.347,3.592,40.34,205.054,65.617,14.09,-0.308,-0.634,237.641,50.056,742.627,1.702,0.371,0.807,13964.285,25513.363,-6.922,-92.564,1140.747,1417.095,391.287,4131.356,10.148,4.489,-1.509,-0.022,1.457,1.9,0.525,5.278,0.014,0.006,-7.979,-0.736,8.49,11.069,3.056,30.746,0.079,0.033,USA,276119323.0,11881793191936.0,39.461,0.143,5733.281,45.138,0.794,5848.113,62.817,1.086,21.18,0.492,0.229,20.764,0.483,0.225,2062.838,7.471,5807.561,21.033,0.489,1874.387,292553.625,419092.75,134874.312,1216.329,47334.238,126709.312,106478.227,776.127,92495.008,2.147,39.022,0.141,1191.097,4.314,23.249,24.57,114.832,0.416,797.709,2.889,263.911,0.956,2370.915,8.587,0.108,29.949,25513.361,5.978,23.59,19.207,23.614,10.997,29.348,24.78,26.563,11.464,42.072,18.129,30.835,21.469,11.597,26.661,1.869,23.989,13.577,20.101,0.038,0.179,0.225,0.008,6784.128,6419.379,74.28,1.296,9.239978924035755e-05,2.0763780447194488e-05,2.147265365409284e-09,4.825265772081519e-10,25354.096,25165.373,24343.418,5688.142,5612.983,5425.259,2.228821462539519e-09,2.3115169633599985e-09,2.320883894999967e-09,5.000317491726964e-10,5.155697640385181e-10,5.172402757617531e-10
United States,1999,USA,278785441.0,12438444441600.0,3.971,1.233,115.815,32.287,215.749,60.73,1.597,0.125,607.522,-0.153,-9.243,21594.008,6020.095,7309.791,2037.863,-3.12,-208.847,23264.332,6485.757,51.774,23.277,3835.86,13627.271,3936.098,16.547,1.77,451.713,93136.414,2.087,1.33,296.681,9911.155,2763.086,81065.156,22599.785,70.199,87.384,0.346,20.837,6042.628,2146.007,598.275,21674.834,-1.39,-71.9,18298.59,5101.38,15.2,23.364,2309.86,-1.703,-15.234,879.459,1135.659,316.605,3154.608,8.044,3.4,4.905,152.283,3262.92,4141.959,1154.718,11704.053,29.337,12.616,33.76,0.88,8.097,159.509,2129.398,2749.725,766.583,7638.125,19.476,8.233,2.781,285.087,10537.062,455.358,126.947,37796.316,-4.211,-180.307,14710.381,4101.04,3.225,40.742,207.743,66.478,14.09,1.312,2.689,238.455,50.056,745.171,1.689,0.371,0.803,14118.734,25965.076,-0.454,-7.226,1133.522,1392.234,388.135,4065.928,9.861,4.383,-1.204,-0.018,1.44,1.859,0.518,5.165,0.013,0.006,48.329,4.103,12.593,16.261,4.533,45.169,0.115,0.049,USA,278785482.0,12438444441600.0,40.239,0.144,5803.918,70.637,1.232,5955.408,107.296,1.835,21.362,0.479,0.229,20.819,0.467,0.224,2063.366,7.401,5989.483,21.484,0.482,1914.626,298357.562,425048.156,136937.688,1255.129,48532.168,126860.797,108911.688,806.249,93004.266,2.087,38.8,0.139,1197.931,4.297,23.227,24.709,151.49,0.543,781.651,2.804,262.745,0.942,2433.46,8.729,0.108,30.122,25965.076,5.809,23.352,19.3,23.281,10.795,29.202,24.682,26.506,11.473,41.438,17.996,30.64,21.027,11.758,25.965,2.524,24.009,13.737,20.029,0.038,0.182,0.228,0.008,6888.516,6475.212,185.565,3.197,9.313641310271975e-05,2.081858050269626e-05,2.0874857882679118e-09,4.666112412408237e-10,25513.363,25354.096,25165.373,5733.281,5688.142,5612.983,2.147265365409284e-09,2.228821462539519e-09,2.3115169633599985e-09,4.825265772081519e-10,5.000317491726964e-10,5.155697640385181e-10
United States,2000,USA,281484082.0,12947416940544.0,14.606,4.716,131.458,37.003,215.749,60.73,1.597,0.14,607.522,4.426,266.441,22333.541,6286.536,6985.369,1966.27,-2.402,-155.799,22487.801,6329.958,51.715,23.768,3835.86,13627.271,3802.1,15.603,2.238,581.16,94308.125,2.05,2.768,625.599,9582.354,2697.28,82510.477,23225.385,70.942,87.81,3.993,241.278,6283.907,2184.813,614.99,22324.199,1.659,84.623,18423.787,5186.003,16.175,23.758,2309.86,-13.848,-121.788,757.67,959.308,270.03,2691.699,7.102,2.865,-0.92,-38.675,3224.244,3924.982,1104.82,11454.446,29.058,12.19,33.76,0.88,3.521,74.967,2204.365,2678.269,753.89,7831.225,19.828,8.334,1.119,117.88,10654.942,412.172,116.02,37852.734,-1.431,-58.667,14360.931,4042.373,3.051,40.284,208.071,74.82,14.09,0.158,0.328,265.805,50.056,739.194,1.968,0.371,0.787,13507.336,26546.236,-9.016,-113.643,1019.879,1246.714,350.93,3623.221,9.23,3.856,0.033,0.0,1.44,1.741,0.49,5.117,0.013,0.005,24.627,3.101,15.694,19.859,5.59,55.754,0.147,0.059,USA,281484127.0,12947416940544.0,41.445,0.147,6010.136,206.218,3.553,6150.625,195.217,3.278,21.851,0.475,0.232,21.352,0.464,0.226,2163.591,7.686,6252.543,22.213,0.483,1956.071,304367.656,431198.75,139101.281,1294.044,49783.559,127001.289,111399.523,833.206,94002.734,2.05,38.915,0.138,1251.388,4.446,23.735,25.112,140.489,0.499,776.539,2.759,261.53,0.929,2487.84,8.838,0.096,26.957,26546.236,5.724,23.559,19.965,23.511,10.596,29.064,24.599,26.454,11.465,40.849,17.881,30.46,20.57,11.212,26.346,2.652,24.222,12.461,19.958,0.037,0.185,0.23,0.008,7068.609,6680.937,242.408,4.033,9.430812503280347e-05,2.1351598273248206e-05,2.050311357230814e-09,4.6419575638903293e-10,25965.076,25513.363,25354.096,5803.918,5733.281,5688.142,2.0874857882679118e-09,2.147265365409284e-09,2.228821462539519e-09,4.666112412408237e-10,4.825265772081519e-10,5.000317491726964e-10
United States,2001,USA,284279583.0,13073809145856.0,6.239,2.309,138.286,39.312,175.004,49.75,1.335,0.152,609.896,-2.946,-185.22,21462.379,6101.316,6697.491,1903.96,3.57,225.963,23061.525,6555.921,51.078,23.616,3749.6,13189.833,3727.57,15.637,-2.365,-627.879,91172.07,1.982,-2.045,-475.064,9422.695,2678.68,80027.977,22750.32,71.861,88.059,-4.413,-277.327,6006.58,2248.244,639.13,21129.129,2.564,132.947,18710.279,5318.95,17.146,23.25,2273.43,-22.922,-176.897,580.773,732.167,208.14,2042.966,5.584,2.248,-3.659,-139.318,3084.927,3689.642,1048.89,10851.734,28.139,11.941,22.03,0.588,1.981,31.245,2235.61,2704.486,768.83,7864.125,20.626,8.653,-0.117,-12.518,10642.425,476.96,135.59,37436.473,-0.883,-35.708,14094.1,4006.665,3.637,41.193,208.845,64.64,14.89,0.372,0.774,227.382,52.378,734.647,1.734,0.399,0.808,13112.338,25918.357,-15.36,-170.563,849.316,985.157,280.06,2987.61,7.513,3.287,10.769,0.146,1.587,1.9,0.54,5.581,0.014,0.006,20.454,3.106,18.799,23.709,6.74,66.13,0.181,0.073,USA,284279629.0,13073809145856.0,41.613,0.146,5907.74,-102.396,-1.704,5953.309,-197.317,-3.208,20.942,0.455,0.23,20.781,0.452,0.228,2099.728,7.386,6177.029,21.729,0.472,1997.684,310275.406,437152.094,141201.0,1332.74,50982.414,127046.852,113901.773,859.806,90791.711,1.982,38.696,0.136,1198.855,4.217,23.052,24.109,45.569,0.16,754.14,2.653,256.631,0.903,2502.249,8.802,0.094,26.599,25918.355,5.495,22.982,19.537,22.683,10.395,28.919,24.513,26.389,11.467,40.25,17.768,30.287,20.164,11.528,25.005,0.956,24.18,12.468,19.876,0.037,0.187,0.233,0.009,6853.825,6553.337,269.289,4.558,9.117206633865053e-05,2.0781439812558565e-05,1.9824640784369514e-09,4.5187595551466146e-10,26546.236,25965.076,25513.363,6010.136,5803.918,5733.281,2.050311357230814e-09,2.0874857882679118e-09,2.147265365409284e-09,4.6419575638903293e-10,4.666112412408237e-10,4.825265772081519e-10
United States,2002,USA,287084300.0,13307342749696.0,19.461,7.651,163.584,46.962,187.088,53.71,1.397,0.179,600.661,-0.047,-2.862,21242.729,6098.454,6733.667,1933.13,-3.461,-226.868,22045.973,6329.053,50.287,23.277,3865.21,13463.676,3844.23,15.948,1.462,378.912,91601.211,1.976,0.84,191.079,9501.844,2727.83,79911.719,22941.4,70.959,87.563,3.239,194.532,6201.112,2406.993,691.01,21600.316,-3.885,-206.663,17807.619,5112.288,17.975,23.668,2309.08,22.797,126.535,707.308,890.296,255.59,2463.766,6.649,2.7,6.712,173.633,3258.559,3888.753,1116.4,11350.531,29.041,12.437,20.98,0.543,1.462,14.034,2249.644,2717.181,780.06,7836.179,20.292,8.586,-0.006,-0.591,10641.834,361.183,103.69,37068.672,-0.756,-30.302,13850.853,3976.362,2.697,40.618,224.342,69.85,16.14,7.42,15.497,243.308,56.22,781.449,1.817,0.42,0.856,13390.597,26297.27,19.835,159.599,1008.915,1171.572,336.34,3514.352,8.749,3.851,4.744,0.062,1.648,1.916,0.55,5.741,0.014,0.006,53.685,9.855,28.654,36.052,10.35,99.812,0.269,0.109,USA,287084336.0,13307342749696.0,43.164,0.15,5946.308,38.568,0.653,5948.879,-4.429,-0.074,20.722,0.447,0.226,20.713,0.447,0.226,2103.809,7.328,6294.676,21.926,0.473,2040.848,316221.719,443100.969,143304.797,1371.632,52220.23,127049.422,116397.484,886.72,91199.055,1.976,38.893,0.135,1237.821,4.312,22.909,23.848,2.571,0.009,739.274,2.575,255.781,0.891,2495.708,8.693,0.094,26.914,26297.27,5.497,22.629,18.942,21.731,10.203,28.768,24.416,26.306,11.481,39.68,17.642,30.123,19.791,11.981,25.07,0.05,24.155,12.443,19.791,0.037,0.19,0.236,0.009,6846.503,6576.726,348.368,5.859,9.16012126054957e-05,2.071275668624421e-05,1.9761473417073254e-09,4.4684413048095876e-10,25918.357,26546.236,25965.076,5907.74,6010.136,5803.918,1.9824640784369514e-09,2.050311357230814e-09,2.0874857882679118e-09,4.5187595551466146e-10,4.6419575638903293e-10,4.666112412408237e-10
United States,2003,USA,289908046.0,13680911581184.0,35.669,16.751,219.771,63.713,183.989,53.34,1.379,0.242,606.344,1.903,116.083,21436.236,6214.537,6808.159,1973.74,-2.809,-177.791,21217.977,6151.262,51.015,23.64,3875.36,13367.55,3868.94,15.974,0.326,85.814,91005.008,1.928,0.443,101.693,9506.566,2756.03,79484.148,23043.094,71.235,87.655,-2.89,-179.211,6021.901,2241.78,649.91,20771.762,1.296,66.271,17862.762,5178.558,16.798,22.907,2345.91,4.572,28.307,735.616,921.913,267.27,2537.41,6.908,2.798,0.972,-13.319,3245.24,3838.838,1112.91,11194.032,28.765,12.345,6.42,0.166,-2.094,-59.102,2190.542,2634.387,763.73,7555.991,19.74,8.333,1.549,164.821,10806.655,456.628,132.38,37276.148,-2.734,-108.729,13340.896,3867.633,3.422,41.108,222.913,70.19,16.85,-0.637,-1.429,242.111,58.122,768.909,1.814,0.436,0.848,13345.404,26383.084,7.461,45.782,1054.698,1204.451,349.18,3638.041,9.025,4.012,1.505,0.016,1.664,1.828,0.53,5.739,0.014,0.006,8.047,2.137,30.791,38.598,11.19,106.211,0.289,0.117,USA,289908091.0,13680911581184.0,43.349,0.15,6010.146,63.837,1.074,6068.596,119.716,2.012,20.933,0.444,0.23,20.731,0.439,0.228,2144.086,7.396,6488.34,22.381,0.474,2084.197,322231.875,449169.562,145448.891,1410.199,53421.297,127107.875,118954.812,912.466,90629.312,1.928,38.567,0.133,1201.066,4.143,22.922,24.059,58.45,0.202,742.384,2.561,263.207,0.908,2557.332,8.821,0.089,25.747,26383.084,5.02,21.721,17.984,20.383,9.988,28.595,24.299,26.194,11.473,39.073,17.503,29.963,19.409,11.194,23.466,0.962,24.118,11.648,19.694,0.037,0.192,0.238,0.009,6974.828,6645.188,478.195,7.956,9.100500784307279e-05,2.0731211672184682e-05,1.9284595067689708e-09,4.393088840853292e-10,26297.27,25918.357,26546.236,5946.308,5907.74,6010.136,1.9761473417073254e-09,1.9824640784369514e-09,2.050311357230814e-09,4.4684413048095876e-10,4.5187595551466146e-10,4.6419575638903293e-10
United States,2004,USA,292786200.0,14198910222336.0,26.232,16.713,274.694,80.427,182.864,53.54,1.355,0.3,602.447,0.651,40.445,21363.652,6254.982,6756.808,1978.3,3.433,211.163,21730.619,6362.425,50.059,23.333,3963.26,13536.362,3951.95,15.99,1.956,516.033,91872.898,1.894,1.986,457.603,9625.727,2818.28,80265.727,23500.695,71.314,87.665,0.405,24.376,6046.277,2425.319,710.1,20650.828,-2.847,-147.457,17183.531,5031.101,17.968,22.554,2380.84,-2.747,-24.085,711.53,887.781,259.93,2430.204,6.577,2.654,3.201,61.559,3306.799,3872.006,1133.67,11294.244,28.686,12.335,11.31,0.285,3.247,58.861,2249.404,2693.194,788.53,7682.751,19.953,8.391,3.635,392.781,11199.437,443.6,129.88,38251.246,-2.165,-83.728,12923.782,3783.905,3.286,41.777,224.829,70.49,16.95,0.86,1.916,240.756,57.892,767.896,1.784,0.429,0.839,13497.733,26899.117,3.114,2.698,1057.395,1178.812,345.14,3611.493,8.733,3.944,14.325,0.228,1.892,1.981,0.58,6.462,0.015,0.007,26.425,7.926,38.717,48.295,14.14,132.237,0.358,0.144,USA,292786247.0,14198910222336.0,45.886,0.157,6112.655,102.51,1.706,6106.302,37.707,0.621,20.856,0.43,0.227,20.878,0.431,0.227,2164.412,7.392,6616.287,22.598,0.466,2130.083,328344.531,455275.875,147613.297,1449.319,54626.168,127101.523,121585.625,940.021,91509.82,1.894,39.12,0.134,1204.871,4.115,23.033,23.959,-6.352,-0.022,736.453,2.515,263.857,0.901,2630.811,8.985,0.094,27.555,26899.117,5.084,21.349,17.94,19.907,9.785,28.416,24.184,26.073,11.471,38.468,17.373,29.8,19.056,11.42,22.8,-0.118,23.919,11.899,19.595,0.037,0.195,0.241,0.009,7014.975,6743.742,503.632,8.239,9.187289906423153e-05,2.087753459266814e-05,1.8944494034257346e-09,4.305017007843541e-10,26383.084,26297.27,25918.357,6010.146,5946.308,5907.74,1.9284595067689708e-09,1.9761473417073254e-09,1.9824640784369514e-09,4.393088840853292e-10,4.4684413048095876e-10,4.5187595551466146e-10
United States,2005,USA,295716618.0,14673826021376.0,16.846,13.549,317.789,93.975,183.554,54.28,1.345,0.35,604.393,1.47,91.975,21462.971,6346.957,6806.753,2012.87,1.458,92.737,21828.881,6455.163,49.885,23.669,4059.77,13728.583,4034.99,16.307,0.05,13.447,91007.953,1.834,0.063,14.699,9806.551,2899.96,79520.031,23515.395,71.87,87.693,-1.56,-94.348,5951.93,2573.274,760.96,20127.141,-2.717,-136.693,16551.008,4894.408,18.859,22.196,2438.72,1.475,4.673,716.204,891.935,263.76,2421.925,6.537,2.671,1.186,-6.625,3300.174,3838.236,1135.03,11159.921,28.13,12.307,24.78,0.61,-0.83,-36.652,2212.751,2644.39,781.99,7482.675,19.38,8.252,0.152,17.072,11216.509,426.523,126.13,37929.922,-5.031,-190.371,12151.95,3593.534,3.126,41.828,226.869,70.92,16.64,0.907,2.04,239.824,56.27,767.184,1.758,0.412,0.846,13644.786,26912.564,5.078,30.027,1087.422,1193.846,353.04,3677.245,8.749,4.055,7.272,0.121,2.013,1.86,0.55,6.808,0.014,0.008,25.925,9.644,48.361,60.227,17.81,163.54,0.441,0.18,USA,295716665.0,14673826021376.0,46.194,0.156,6132.183,19.528,0.319,6177.962,71.66,1.174,20.891,0.421,0.23,20.737,0.418,0.228,2188.337,7.4,6722.182,22.732,0.458,2176.277,334476.719,461453.812,149801.641,1488.749,55813.07,127147.305,124228.18,968.786,90662.727,1.834,39.43,0.133,1186.902,4.014,22.86,23.976,45.779,0.155,734.175,2.483,262.784,0.889,2642.556,8.936,0.097,28.765,26912.564,4.771,20.707,17.904,18.951,9.571,28.223,24.071,25.931,11.467,37.863,17.263,29.641,18.72,11.334,21.969,0.936,23.794,11.873,19.497,0.037,0.198,0.244,0.009,7090.202,6759.984,589.999,9.621,9.100795275563413e-05,2.0736683879483014e-05,1.8340522751731754e-09,4.1789939386408034e-10,26899.117,26383.084,26297.27,6112.655,6010.146,5946.308,1.8944494034257346e-09,1.9284595067689708e-09,1.9761473417073254e-09,4.305017007843541e-10,4.393088840853292e-10,4.4684413048095876e-10
United States,2006,USA,298730164.0,15065164021760.0,40.143,37.725,440.866,131.7,183.644,54.86,1.356,0.495,595.46,-1.533,-97.274,20920.828,6249.683,6663.237,1990.51,2.607,168.255,22171.908,6623.418,49.186,23.494,4065.36,13608.804,4046.94,16.526,-0.79,-212.602,89378.195,1.772,-1.391,-327.182,9635.987,2878.56,77622.602,23188.213,71.129,87.169,-1.447,-86.152,5865.778,2733.035,816.44,19635.707,2.51,122.832,16795.225,5017.24,20.174,22.051,2409.79,7.175,47.283,763.487,946.306,282.69,2555.773,6.985,2.87,5.63,113.056,3413.23,3911.155,1168.38,11425.796,28.871,12.831,18.42,0.453,0.669,2.893,2215.645,2635.221,787.22,7416.876,19.452,8.329,-1.282,-143.756,11072.753,239.715,71.61,37066.07,-1.452,-52.161,11854.756,3541.373,1.769,41.625,228.382,71.37,16.51,0.667,1.513,238.911,55.267,764.51,1.764,0.408,0.859,13547.142,26699.963,14.669,110.163,1197.585,1275.934,381.16,4008.92,9.418,4.502,10.086,0.191,2.204,1.707,0.51,7.379,0.013,0.008,49.289,23.451,71.812,89.01,26.59,240.391,0.657,0.27,USA,298730210.0,15065164021760.0,46.851,0.157,6052.686,-79.497,-1.296,6013.131,-164.831,-2.668,20.129,0.399,0.225,20.261,0.402,0.227,2152.56,7.206,6706.828,22.451,0.445,2223.128,340529.375,467466.938,151954.203,1528.786,56986.32,127107.75,126837.742,999.206,89073.188,1.772,40.037,0.134,1173.252,3.927,22.398,23.267,-39.555,-0.132,745.984,2.497,267.206,0.894,2609.566,8.736,0.102,30.42,26699.963,4.437,19.762,16.721,17.652,9.343,28.01,23.936,25.76,11.469,37.254,17.134,29.474,18.408,11.521,21.113,-0.742,23.256,12.026,19.388,0.037,0.201,0.247,0.009,6950.675,6690.88,654.142,10.807,8.937819550087319e-05,2.0261378988084196e-05,1.7722981947912942e-09,4.017670163602301e-10,26912.564,26899.117,26383.084,6132.183,6112.655,6010.146,1.8340522751731754e-09,1.8944494034257346e-09,1.9284595067689708e-09,4.1789939386408034e-10,4.305017007843541e-10,4.393088840853292e-10
United States,2007,USA,301844176.0,15333184241664.0,26.305,34.643,551.091,166.344,184.002,55.54,1.341,0.617,598.476,1.347,84.167,20983.84,6333.85,6680.467,2016.46,-1.248,-82.629,21669.422,6540.789,48.677,23.479,4173.82,13827.73,4142.57,16.636,1.374,366.748,89671.141,1.765,1.689,391.699,9899.942,2988.24,78119.484,23579.912,72.135,87.409,6.403,375.605,6241.383,2970.374,896.59,20677.5,4.019,201.649,17290.012,5218.889,21.643,23.136,2479.23,-14.884,-117.093,646.394,797.133,240.61,2141.482,5.808,2.396,1.586,-16.561,3396.669,3824.258,1154.33,11253.054,27.865,12.591,31.25,0.749,2.44,41.983,2257.628,2671.643,806.42,7479.449,19.467,8.369,-0.615,-68.073,11004.68,249.102,75.19,36458.148,0.155,5.504,11750.688,3546.877,1.815,40.793,230.842,72.24,16.7,1.077,2.46,239.329,55.327,764.773,1.744,0.403,0.856,13724.2,27066.711,0.22,-58.545,1139.041,1152.615,347.91,3773.605,8.398,4.222,32.868,0.709,2.913,2.021,0.61,9.652,0.015,0.011,29.564,20.736,92.548,114.132,34.45,306.607,0.832,0.343,USA,301844227.0,15333184241664.0,45.509,0.151,6130.123,77.437,1.279,6071.847,58.716,0.976,20.116,0.396,0.224,20.309,0.4,0.226,2175.033,7.206,6637.333,21.989,0.433,2268.637,346659.531,473538.812,154129.234,1569.249,58233.645,127049.477,129430.195,1028.561,89404.797,1.765,40.463,0.134,1247.321,4.132,22.455,23.277,-58.275,-0.193,754.316,2.499,268.722,0.89,2592.442,8.589,0.097,29.355,27066.711,4.013,19.439,16.806,17.013,9.101,27.793,23.806,25.574,11.477,36.688,17.021,29.31,18.084,11.788,21.654,-1.268,23.038,11.307,19.285,0.037,0.203,0.249,0.009,7026.121,6777.868,507.21,8.274,8.96711387931497e-05,2.0308895952480744e-05,1.7652374466650669e-09,3.997945177846987e-10,26699.963,26912.564,26899.117,6052.686,6132.183,6112.655,1.7722981947912942e-09,1.8340522751731754e-09,1.8944494034257346e-09,4.017670163602301e-10,4.1789939386408034e-10,4.305017007843541e-10
United States,2008,USA,304970280.0,15288553701376.0,36.596,60.875,745.053,227.219,180.444,55.03,1.34,0.864,591.336,-1.591,-100.795,20438.236,6233.055,6511.454,1985.8,1.527,99.851,21774.713,6640.64,48.345,23.693,4140.35,13576.241,4107.53,16.968,-2.436,-659.461,86589.586,1.727,-3.319,-782.516,9588.508,2924.21,74752.844,22797.396,71.191,86.656,0.762,47.529,6288.912,2895.298,882.98,20621.393,4.633,241.785,17905.596,5460.674,21.497,23.905,2428.93,3.296,16.017,662.411,814.965,248.54,2172.052,6.051,2.518,6.579,113.828,3510.497,3880.116,1183.32,11510.946,28.809,13.344,32.82,0.793,-0.027,-18.471,2239.157,2643.569,806.21,7342.213,19.628,8.511,-6.627,-729.25,10275.43,181.755,55.43,33693.215,-0.903,-32.033,11525.201,3514.844,1.349,39.058,229.848,72.35,17.32,-0.431,-0.994,237.236,56.792,753.675,1.761,0.422,0.874,13468.623,26407.25,17.38,132.299,1271.34,1236.547,377.11,4168.733,9.181,4.833,49.082,1.396,4.309,2.82,0.86,14.129,0.021,0.016,60.706,55.005,147.552,181.526,55.36,483.825,1.348,0.561,USA,304970328.0,15288553701376.0,41.416,0.136,5915.119,-215.004,-3.507,5905.519,-166.329,-2.739,19.364,0.386,0.224,19.396,0.387,0.224,2135.89,7.004,6313.053,20.701,0.413,2310.052,352574.625,479444.344,156265.125,1611.304,59486.25,127039.875,131844.906,1056.997,86384.328,1.727,42.054,0.138,1252.606,4.107,21.545,22.522,-9.6,-0.031,770.415,2.526,256.571,0.841,2414.717,7.918,0.093,28.436,26407.25,3.605,18.442,15.981,16.179,8.859,27.559,23.663,25.373,11.503,36.128,16.909,29.118,17.772,12.564,21.135,-0.197,21.556,10.94,19.177,0.037,0.206,0.252,0.009,6868.438,6570.699,397.935,6.727,8.658958505727152e-05,1.939571970424605e-05,1.7272562543063374e-09,3.8689853308149267e-10,27066.711,26699.963,26912.564,6130.123,6052.686,6132.183,1.7652374466650669e-09,1.7722981947912942e-09,1.8340522751731754e-09,3.997945177846987e-10,4.017670163602301e-10,4.1789939386408034e-10
United States,2009,USA,308023398.0,14864003104768.0,13.607,30.918,838.043,258.137,176.902,54.49,1.383,1.032,565.021,-12.044,-750.678,17798.572,5482.376,5700.541,1755.9,-9.34,-620.218,19545.342,6020.422,44.568,21.922,3973.87,12901.195,3939.82,17.224,-4.91,-1296.723,81521.492,1.689,-6.126,-1396.498,8848.062,2725.41,69478.156,21400.898,69.176,85.574,-1.791,-112.631,6176.281,2989.968,920.98,20051.336,2.109,115.151,18101.953,5575.825,23.376,24.696,2226.08,8.157,50.274,712.685,872.726,268.82,2313.737,6.823,2.85,4.281,97.37,3607.867,3942.59,1214.41,11712.963,30.824,14.426,34.05,0.857,-0.912,-32.071,2207.085,2593.472,798.85,7165.317,20.276,8.825,-5.189,-533.188,9742.241,157.553,48.53,31628.25,6.738,236.836,12179.854,3751.68,1.232,38.955,228.625,71.96,17.47,-0.532,-1.224,233.619,56.716,742.231,1.826,0.443,0.914,12790.652,25110.527,11.513,129.441,1400.781,1349.118,415.56,4547.646,10.548,5.601,27.121,1.14,5.449,2.889,0.89,17.689,0.023,0.022,33.457,48.333,195.886,239.884,73.89,635.944,1.875,0.783,USA,308023451.0,14864003104768.0,29.615,0.096,5480.726,-434.393,-7.344,5410.841,-494.677,-8.377,17.566,0.364,0.215,17.793,0.369,0.218,1872.386,6.079,5776.546,18.754,0.389,2339.667,358055.344,484855.156,158137.516,1652.385,60717.945,126969.984,134125.219,1082.626,81392.367,1.689,41.082,0.133,1231.696,3.999,19.776,20.536,-69.884,-0.227,731.385,2.374,251.754,0.817,2280.318,7.403,0.083,25.629,25110.525,2.505,17.376,14.697,14.353,8.583,27.314,23.503,25.144,11.524,35.625,16.782,28.922,17.485,12.434,21.295,-1.325,20.812,10.502,19.056,0.037,0.208,0.254,0.01,6325.587,6091.425,295.82,5.397,8.152149207833853e-05,1.7793210166975183e-05,1.689351571242956e-09,3.687247615174354e-10,26407.25,27066.711,26699.963,5915.119,6130.123,6052.686,1.7272562543063374e-09,1.7652374466650669e-09,1.7722981947912942e-09,3.8689853308149267e-10,3.997945177846987e-10,4.017670163602301e-10
United States,2010,USA,311062741.0,15239587299328.0,14.967,38.636,954.063,296.773,180.317,56.09,1.363,1.148,570.813,5.803,318.166,18647.498,5800.542,5938.641,1847.29,1.917,115.406,19725.371,6135.828,44.903,22.443,4139.92,13308.955,4113.94,17.356,3.357,843.02,83435.086,1.703,3.619,774.488,9266.587,2882.49,71289.109,22175.387,70.066,85.799,4.949,305.654,6481.935,3175.244,987.7,20838.029,3.152,175.749,18490.078,5751.574,24.009,25.079,2348.29,-5.251,-42.699,669.986,818.806,254.7,2153.862,6.191,2.592,3.731,62.372,3670.239,3958.847,1231.45,11799.03,29.934,14.201,25.98,0.628,1.016,4.999,2212.084,2594.235,806.97,7111.376,19.616,8.559,1.547,150.669,9892.91,152.702,47.5,31803.584,3.273,122.798,12455.616,3874.478,1.155,38.277,234.568,73.92,17.83,2.6,5.944,237.637,57.32,754.087,1.797,0.433,0.908,13225.435,25953.547,7.092,57.373,1458.154,1364.612,424.48,4687.653,10.318,5.642,45.139,2.398,7.846,3.89,1.21,25.225,0.029,0.03,28.106,53.094,248.98,304.279,94.65,800.417,2.301,0.963,USA,311062786.0,15239587299328.0,31.449,0.101,5679.715,198.99,3.631,5665.739,254.898,4.711,18.214,0.372,0.218,18.259,0.373,0.219,1982.954,6.375,5961.901,19.166,0.391,2371.116,363735.094,490520.906,160120.469,1695.793,62008.441,126956.008,136425.797,1113.462,83402.883,1.703,43.407,0.14,1290.495,4.149,20.179,21.1,-13.976,-0.045,713.843,2.295,258.171,0.83,2300.574,7.396,0.099,30.836,25953.547,2.49,17.028,14.586,14.211,8.313,27.059,23.339,24.907,11.552,35.1,16.659,28.717,17.296,12.72,20.721,-0.255,20.317,12.527,18.929,0.036,0.211,0.257,0.01,6563.317,6276.882,282.186,4.968,8.343508745716323e-05,1.8259062979008943e-05,1.7030347666399363e-09,3.726948038973766e-10,25110.527,26407.25,27066.711,5480.726,5915.119,6130.123,1.689351571242956e-09,1.7272562543063374e-09,1.7652374466650669e-09,3.687247615174354e-10,3.8689853308149267e-10,3.997945177846987e-10
United States,2011,USA,314105041.0,15477885632512.0,8.285,24.587,1023.099,321.361,180.417,56.67,1.386,1.255,550.48,-5.646,-327.471,17424.334,5473.071,5518.632,1733.43,0.831,51.001,19696.688,6186.829,42.394,21.37,4126.12,13136.115,4088.87,17.493,-0.865,-224.459,81912.367,1.662,-1.906,-422.627,8878.973,2788.93,69253.133,21752.76,68.208,84.934,1.545,100.173,6582.108,3227.232,1013.69,20955.117,7.337,422.011,19654.525,6173.585,24.791,25.7,2250.84,22.863,148.914,818.9,996.259,312.93,2607.089,7.653,3.197,5.959,188.486,3858.725,4138.552,1299.94,12284.823,31.792,15.066,37.25,0.903,-2.077,-57.177,2154.907,2515.719,790.2,6860.466,19.326,8.414,-1.974,-195.33,9697.58,133.108,41.81,30873.686,3.985,154.409,12826.559,4028.887,1.023,37.864,236.797,74.81,18.14,0.95,2.229,238.169,57.751,753.88,1.83,0.444,0.925,13017.524,25729.088,15.339,245.664,1703.818,1622.833,509.74,5424.357,12.467,6.653,57.28,4.431,12.277,5.794,1.82,39.085,0.045,0.048,26.966,65.503,314.483,382.611,120.18,1001.204,2.939,1.228,USA,314105078.0,15477885632512.0,32.208,0.103,5546.116,-133.599,-2.352,5452.748,-212.991,-3.759,17.36,0.352,0.212,17.657,0.358,0.216,1873.284,5.964,5815.465,18.514,0.376,2403.325,369281.219,495973.656,161993.75,1743.656,63319.145,126862.648,138678.203,1143.102,81971.984,1.662,47.863,0.152,1310.707,4.173,19.583,20.276,-93.368,-0.297,720.301,2.293,257.852,0.821,2252.414,7.171,0.094,29.64,25729.088,2.37,16.074,13.706,12.711,8.043,26.784,23.16,24.633,11.594,34.586,16.532,28.509,17.028,13.322,20.441,-1.769,19.825,10.776,18.787,0.036,0.213,0.259,0.01,6368.639,6150.982,269.349,4.857,8.191236892629149e-05,1.765688105176059e-05,1.6623128385155452e-09,3.583251699670226e-10,25953.547,25110.527,26407.25,5679.715,5480.726,5915.119,1.7030347666399363e-09,1.689351571242956e-09,1.7272562543063374e-09,3.726948038973766e-10,3.687247615174354e-10,3.8689853308149267e-10
United States,2012,USA,317115301.0,15830887694336.0,0.193,0.619,1015.34,321.98,181.7,57.62,1.426,1.291,532.771,-11.596,-634.667,15257.557,4838.405,4774.415,1514.04,-6.951,-430.02,18153.68,5756.81,37.47,19.402,4087.93,12890.989,4040.67,17.741,-2.65,-681.721,78985.047,1.582,-2.579,-561.036,8763.438,2779.02,66826.555,21191.723,68.776,84.978,4.544,299.12,6881.228,3865.755,1225.89,21699.451,5.146,317.663,20469.68,6491.249,30.339,27.594,2152.75,-13.308,-112.637,706.263,855.493,271.29,2227.149,6.714,2.832,-2.214,-112.673,3746.052,3978.521,1261.65,11812.9,31.224,15.022,47.26,1.156,-2.641,-67.736,2087.171,2426.026,769.33,6581.742,19.04,8.37,-2.325,-225.489,9472.091,123.267,39.09,29869.549,14.103,568.193,14496.556,4597.08,0.967,37.983,240.738,75.88,18.26,1.664,3.94,239.282,57.582,759.149,1.878,0.452,0.965,12741.958,25047.367,-1.791,-44.937,1658.88,1552.495,492.32,5231.159,12.184,6.652,90.698,11.014,23.291,13.654,4.33,73.447,0.107,0.093,17.179,52.125,366.609,444.066,140.82,1156.074,3.485,1.47,USA,317115348.0,15830887694336.0,35.27,0.111,5344.086,-202.03,-3.643,5361.917,-90.831,-1.666,16.908,0.339,0.214,16.852,0.338,0.213,1658.491,5.23,5649.19,17.814,0.357,2438.595,374625.281,501335.562,163652.234,1795.171,64691.219,126880.477,140874.234,1173.813,79100.781,1.582,51.515,0.162,1372.072,4.327,18.699,19.633,17.831,0.056,702.431,2.215,252.204,0.795,2196.025,6.925,0.097,30.712,25047.367,2.529,15.269,13.19,11.126,7.797,26.499,22.974,24.334,11.645,34.115,16.414,28.292,16.794,13.662,20.947,0.315,19.105,11.099,18.635,0.036,0.216,0.262,0.01,6226.069,5929.64,305.104,5.709,7.898504714535965e-05,1.685218338911803e-05,1.5821833546934632e-09,3.375733631103969e-10,25729.088,25953.547,25110.527,5546.116,5679.715,5480.726,1.6623128385155452e-09,1.7030347666399363e-09,1.689351571242956e-09,3.583251699670226e-10,3.726948038973766e-10,3.687247615174354e-10
United States,2013,USA,320110710.0,16122472562688.0,10.388,33.447,1110.323,355.426,190.122,60.86,1.501,1.388,533.436,3.8,183.867,15689.171,5022.271,4939.26,1581.11,-3.267,-188.096,17396.211,5568.713,38.986,19.611,4113.49,12850.211,4055.61,17.342,2.72,681.262,80374.156,1.596,2.497,529.208,8578.938,2746.21,67854.438,21720.932,67.714,84.818,2.747,189.0,7070.228,3513.909,1124.84,22086.82,1.012,65.679,20483.311,6556.927,27.735,27.608,2163.41,-2.73,-24.55,681.713,824.34,263.88,2129.617,6.507,2.662,5.178,141.936,3887.988,4090.46,1309.4,12145.76,32.286,15.182,57.88,1.407,2.559,36.981,2124.153,2464.835,789.02,6635.681,19.455,8.295,1.651,156.341,9628.432,125.769,40.26,30078.443,13.484,619.867,16297.32,5216.947,0.993,37.598,252.08,79.62,18.76,4.711,11.342,248.726,58.605,787.477,1.963,0.463,0.984,12669.398,25728.629,7.751,104.955,1763.835,1625.625,520.38,5510.079,12.831,6.888,77.489,17.731,41.022,28.24,9.04,128.15,0.223,0.16,19.186,66.985,433.594,524.319,167.84,1354.511,4.138,1.693,USA,320110753.0,16122472562688.0,36.369,0.114,5480.157,136.071,2.546,5441.96,80.043,1.493,17.0,0.338,0.212,17.12,0.34,0.213,1720.408,5.374,5737.805,17.924,0.356,2474.964,380105.438,506777.531,165372.656,1852.594,66101.703,126842.281,143098.875,1204.661,80559.258,1.596,57.423,0.179,1410.482,4.406,18.962,19.692,-38.197,-0.119,700.429,2.188,256.487,0.801,2224.627,6.95,0.096,30.847,25728.627,2.5,15.524,13.464,11.468,7.562,26.231,22.801,24.053,11.724,33.689,16.301,28.086,16.538,14.904,21.41,-0.747,19.214,10.474,18.491,0.036,0.218,0.264,0.01,6303.703,6070.096,257.648,4.701,8.037415867778968e-05,1.7119565489885254e-05,1.5958240214062071e-09,3.3990797495184743e-10,25047.367,25729.088,25953.547,5344.086,5546.116,5679.715,1.5821833546934632e-09,1.6623128385155452e-09,1.7030347666399363e-09,3.375733631103969e-10,3.583251699670226e-10,3.726948038973766e-10
United States,2014,USA,323115328.0,16491318607872.0,1.432,5.089,1115.748,360.515,198.041,63.99,1.562,1.393,529.408,-0.227,-11.416,15507.949,5010.856,4895.187,1581.71,1.422,79.182,17479.504,5647.896,38.616,19.364,4149.22,12841.298,4096.01,17.333,1.039,267.285,80453.977,1.576,0.946,205.49,8517.114,2752.01,67859.43,21926.422,67.188,84.734,2.155,152.377,7222.605,3486.712,1126.61,22353.025,7.478,490.337,21810.369,7047.265,27.505,27.911,2168.46,-4.051,-30.948,650.765,783.59,253.19,2014.033,6.181,2.515,1.944,62.42,3950.408,4159.505,1344.0,12225.999,32.812,15.266,53.21,1.282,1.033,11.018,2135.171,2467.138,797.17,6608.076,19.462,8.251,0.67,64.528,9692.96,135.215,43.69,29998.453,16.843,878.689,18865.201,6095.636,1.067,37.458,262.719,83.07,19.08,4.221,10.64,257.091,59.05,813.083,2.028,0.466,1.015,12676.618,25995.914,2.795,51.402,1815.237,1692.368,546.83,5617.923,13.35,7.015,82.149,33.319,74.341,89.504,28.92,230.077,0.706,0.287,8.231,33.303,466.896,562.183,181.65,1444.983,4.435,1.804,USA,323115378.0,16491318607872.0,39.439,0.122,5528.681,48.524,0.885,5584.693,142.733,2.623,17.284,0.339,0.215,17.111,0.335,0.213,1710.594,5.294,5834.858,18.058,0.354,2514.403,385634.094,512362.219,167083.25,1915.718,67536.914,126898.289,145346.781,1237.045,80724.133,1.576,63.124,0.195,1435.209,4.442,18.944,19.926,56.012,0.173,704.579,2.181,254.435,0.787,2247.931,6.957,0.1,32.385,25995.912,2.625,15.596,13.672,11.39,7.345,25.977,22.636,23.783,11.834,33.295,16.196,27.892,16.299,16.324,21.643,1.038,19.368,10.605,18.354,0.036,0.221,0.267,0.01,6438.455,6121.114,306.178,5.538,8.045397957722364e-05,1.711054742804591e-05,1.5763393224111902e-09,3.352479647904521e-10,25728.629,25047.367,25729.088,5480.157,5344.086,5546.116,1.5958240214062071e-09,1.5821833546934632e-09,1.6623128385155452e-09,3.3990797495184743e-10,3.375733631103969e-10,3.583251699670226e-10
United States,2015,USA,326126448.0,16937634496512.0,4.631,16.696,1156.642,377.211,195.108,63.63,1.558,1.472,504.906,-13.606,-681.778,13274.23,4329.078,4146.858,1352.4,-11.533,-651.388,15320.767,4996.507,33.115,16.89,4150.66,12727.149,4083.99,17.463,-0.956,-248.488,78949.211,1.52,-1.233,-270.437,8371.968,2730.32,66403.641,21655.984,66.854,84.492,2.952,213.19,7435.795,4088.844,1333.48,22800.344,5.048,355.768,22699.883,7403.032,32.651,29.011,2062.03,-3.635,-26.833,623.932,748.145,243.99,1913.16,5.974,2.434,1.509,24.325,3974.733,4150.752,1353.67,12187.704,33.146,15.508,66.67,1.606,0.001,-10.779,2124.391,2444.389,797.18,6514.011,19.52,8.288,2.044,198.151,9891.111,136.266,44.44,30329.068,8.116,494.725,20207.99,6590.36,1.088,38.591,261.676,82.75,19.12,-0.397,-1.044,253.736,58.628,802.375,2.026,0.468,1.021,12522.72,25747.426,2.895,35.104,1850.341,1706.363,556.49,5673.693,13.626,7.219,34.947,25.472,99.813,119.678,39.03,306.057,0.956,0.389,4.989,20.813,487.709,584.804,190.72,1495.459,4.67,1.903,USA,326126498.0,16937634496512.0,39.907,0.122,5376.473,-152.208,-2.753,5409.788,-174.905,-3.132,16.588,0.319,0.21,16.486,0.317,0.209,1479.145,4.535,5787.921,17.747,0.342,2554.31,391010.594,517772.031,168562.391,1980.09,69013.047,126931.609,147632.469,1268.282,79318.57,1.52,64.372,0.197,1476.136,4.526,18.257,19.16,33.314,0.102,692.981,2.125,251.828,0.772,2285.676,7.009,0.096,31.237,25747.426,2.75,15.186,13.215,10.084,7.158,25.726,22.469,23.503,11.949,32.924,16.086,27.701,16.068,16.763,21.815,0.602,19.318,10.288,18.217,0.036,0.223,0.269,0.01,6248.505,5953.94,411.448,7.653,7.894921174868934e-05,1.6485851450193976e-05,1.5201311614855202e-09,3.1742761960692843e-10,25995.914,25728.629,25047.367,5528.681,5480.157,5344.086,1.5763393224111902e-09,1.5958240214062071e-09,1.5821833546934632e-09,3.352479647904521e-10,3.3990797495184743e-10,3.375733631103969e-10
United States,2016,USA,329179362.0,17220065296384.0,8.488,32.017,1243.179,409.229,190.656,62.76,1.535,1.599,483.354,-8.508,-368.336,12032.167,3960.741,3764.361,1239.15,-18.271,-912.933,12405.318,4083.575,30.315,15.475,4154.06,12619.442,4087.56,17.576,-0.079,-20.375,78155.117,1.494,-1.103,-238.778,8071.466,2656.96,65062.422,21417.207,65.001,83.681,0.742,55.194,7490.989,4187.109,1378.31,22756.559,-1.749,-129.471,22096.043,7273.561,33.72,29.269,1975.74,7.024,38.791,662.723,793.276,261.13,2013.257,6.388,2.589,6.18,201.969,4176.702,4345.959,1430.6,12688.226,34.999,16.319,66.5,1.601,1.068,6.51,2130.902,2447.572,805.69,6473.375,19.711,8.326,0.752,74.364,9965.476,119.995,39.5,30273.695,-4.199,-276.73,19179.908,6313.63,0.966,38.937,258.508,81.92,19.16,-1.211,-3.168,248.861,58.205,785.311,2.004,0.469,1.01,12417.425,25727.051,10.745,195.459,2045.8,1898.387,624.91,6214.85,15.288,7.993,40.567,39.433,139.247,166.687,54.87,423.012,1.342,0.544,19.02,88.385,576.094,689.563,226.99,1750.091,5.553,2.251,USA,329179421.0,17220065296384.0,39.439,0.12,5252.932,-123.541,-2.298,5328.277,-81.51,-1.507,16.187,0.309,0.207,15.958,0.305,0.204,1347.943,4.095,5660.035,17.194,0.329,2593.75,396263.531,523100.281,169910.344,2035.228,70494.922,127006.945,149932.422,1296.859,78625.453,1.494,55.139,0.168,1481.873,4.502,17.625,18.672,75.346,0.229,673.674,2.047,253.069,0.769,2299.961,6.987,0.087,28.577,25727.051,2.646,14.832,13.38,9.402,6.977,25.478,22.314,23.226,12.01,32.551,16.007,27.515,15.828,14.742,21.314,1.71,19.226,9.51,18.088,0.036,0.225,0.271,0.01,6146.357,5801.668,407.103,7.75,7.81551153258506e-05,1.595765611362438e-05,1.4940158795682593e-09,3.050471592057813e-10,25747.426,25995.914,25728.629,5376.473,5528.681,5480.157,1.5201311614855202e-09,1.5763393224111902e-09,1.5958240214062071e-09,3.1742761960692843e-10,3.352479647904521e-10,3.3990797495184743e-10
United States,2017,USA,332204602.0,17606123716608.0,0.202,0.825,1234.341,410.054,188.829,62.73,1.548,1.597,469.019,-2.731,-108.149,11597.048,3852.593,3629.811,1205.84,6.534,266.804,13095.48,4350.379,29.757,15.002,4108.62,12367.74,4052.31,17.44,0.37,95.105,77729.68,1.467,-0.485,-103.79,7646.402,2540.17,64157.496,21313.416,62.684,82.997,-1.238,-92.757,7398.232,3902.535,1296.44,22270.107,2.715,197.512,22489.373,7471.073,31.993,28.809,1900.61,12.527,79.293,742.016,884.515,293.84,2233.612,7.251,2.889,4.415,189.73,4366.432,4551.833,1512.14,13143.803,37.316,17.003,56.31,1.371,-0.092,-12.613,2118.289,2423.055,804.95,6376.458,19.864,8.249,0.975,97.115,10062.591,114.056,37.89,30290.342,5.783,365.129,20104.354,6678.759,0.935,39.185,258.751,81.77,19.04,0.094,0.243,246.143,57.314,778.891,2.018,0.47,1.008,12198.235,25822.156,8.09,202.343,2248.143,2128.779,707.19,6767.345,17.452,8.755,40.847,55.897,195.144,232.628,77.28,587.421,1.907,0.76,12.031,66.084,642.178,765.492,254.3,1933.081,6.275,2.501,USA,332204656.0,17606123716608.0,40.324,0.121,5212.162,-40.77,-0.776,5338.259,9.982,0.187,16.069,0.303,0.207,15.69,0.296,0.202,1308.716,3.939,5632.437,16.955,0.32,2634.073,401475.656,528438.562,171219.047,2094.715,71955.578,127133.047,152247.609,1324.662,78303.609,1.467,59.486,0.179,1460.656,4.397,17.375,18.533,126.097,0.38,687.428,2.069,249.214,0.75,2315.177,6.969,0.084,27.804,25823.844,2.671,14.482,13.272,9.017,6.809,25.229,22.162,22.95,12.085,32.167,15.938,27.331,15.591,15.36,20.492,2.98,19.056,9.182,17.958,0.035,0.228,0.273,0.01,6156.777,5771.914,420.275,8.063,7.772967576168592e-05,1.5689611526696918e-05,1.4666576479660738e-09,2.960425635929915e-10,25727.051,25747.426,25995.914,5252.932,5376.473,5528.681,1.4940158795682593e-09,1.5201311614855202e-09,1.5763393224111902e-09,3.050471592057813e-10,3.1742761960692843e-10,3.352479647904521e-10
United States,2018,USA,335056439.0,18124692783104.0,-1.325,-5.433,1207.619,404.621,184.536,61.83,1.472,1.52,462.589,-4.234,-163.134,11011.454,3689.459,3430.735,1149.49,-1.676,-72.928,12766.36,4277.451,27.359,13.856,4246.01,12672.521,4201.55,17.392,3.667,946.832,79893.969,1.477,4.22,899.438,7942.841,2661.3,66295.859,22212.854,63.341,83.423,11.103,821.4,8219.633,4384.724,1469.13,24532.084,12.559,938.289,25098.346,8409.362,34.966,30.87,1943.59,-2.457,-21.831,720.186,855.438,286.62,2149.446,6.822,2.705,1.187,47.356,4413.788,4596.987,1540.25,13173.267,36.659,16.577,44.46,1.047,0.265,-4.949,2113.34,2408.788,807.08,6307.415,19.209,7.937,2.397,241.172,10303.763,127.382,42.68,30752.32,16.67,1113.341,23256.082,7792.1,1.016,38.697,255.916,80.52,18.69,-1.096,-2.835,240.318,55.782,763.8,1.916,0.445,0.961,12539.827,26768.988,1.882,52.305,2300.448,2188.198,733.17,6865.853,17.45,8.64,20.819,39.453,234.597,278.64,93.36,700.172,2.222,0.881,7.222,42.95,685.128,813.803,272.67,2044.815,6.49,2.573,USA,335056495.0,18124692783104.0,38.971,0.116,5377.797,165.635,3.178,5450.898,112.638,2.11,16.269,0.301,0.204,16.05,0.297,0.201,1256.631,3.751,5804.062,17.323,0.32,2673.044,406853.469,533889.438,172475.672,2166.781,73574.852,127206.148,154613.781,1349.349,80595.484,1.477,72.066,0.215,1619.275,4.833,17.769,18.819,73.101,0.218,707.426,2.111,251.702,0.751,2366.168,7.062,0.074,24.686,26768.986,2.507,14.641,13.434,8.522,6.643,24.99,22.016,22.67,12.214,31.828,15.87,27.158,15.334,17.702,21.676,1.901,19.317,8.143,17.834,0.035,0.23,0.276,0.011,6305.474,5953.741,426.265,7.926,7.989396675943279e-05,1.6050418601794253e-05,1.476934716650993e-09,2.9671107060160656e-10,25822.156,25727.051,25747.426,5212.162,5252.932,5376.473,1.4666576479660738e-09,1.4940158795682593e-09,1.5201311614855202e-09,2.960425635929915e-10,3.050471592057813e-10,3.1742761960692843e-10
United States,2019,USA,337790020.0,18540551733248.0,2.78,11.25,1231.15,415.87,170.254,57.51,1.383,1.574,439.409,-14.609,-538.999,9326.682,3150.46,2856.686,964.96,-7.21,-308.397,11750.063,3969.054,23.205,11.922,4197.42,12426.122,4158.38,17.374,-0.712,-190.494,78683.477,1.434,-1.192,-264.712,7662.186,2588.21,64975.699,21948.143,62.241,83.053,3.533,290.366,8509.999,4694.662,1585.81,25193.162,10.366,871.748,27475.977,9281.11,38.135,32.202,1827.23,-1.398,-13.582,706.603,836.644,282.61,2091.841,6.796,2.674,2.09,64.726,4478.514,4648.361,1570.17,13258.279,37.759,16.947,39.04,0.93,0.288,-4.405,2108.935,2396.193,809.41,6243.332,19.465,7.98,-0.156,-16.079,10287.684,110.838,37.44,30455.854,12.107,943.363,25860.631,8735.463,0.9,38.929,240.064,75.38,17.87,-6.194,-15.852,223.156,52.903,710.691,1.813,0.43,0.908,12310.547,26578.494,3.425,69.131,2369.579,2252.168,760.76,7014.948,18.295,8.967,14.49,32.665,267.262,316.439,106.89,791.207,2.57,1.011,8.514,54.652,739.78,875.929,295.88,2190.059,7.115,2.799,USA,337790068.0,18540551733248.0,40.896,0.121,5262.145,-115.652,-2.151,5320.308,-130.59,-2.396,15.75,0.287,0.2,15.578,0.284,0.198,1071.666,3.173,5698.775,16.871,0.307,2713.94,412115.625,539209.75,173547.344,2255.218,75250.32,127264.312,156974.781,1374.025,79500.234,1.434,88.437,0.262,1675.471,4.96,17.317,18.403,58.163,0.172,720.439,2.133,248.042,0.734,2360.999,6.99,0.073,24.677,26578.494,2.52,14.182,13.011,7.293,6.483,24.749,21.867,22.379,12.408,31.512,15.803,26.985,15.091,20.318,21.948,1.536,19.022,8.085,17.713,0.035,0.232,0.278,0.011,6216.229,5849.561,436.63,8.298,7.868347916258722e-05,1.557815193074293e-05,1.4335330675374611e-09,2.838181449888363e-10,26768.988,25822.156,25727.051,5377.797,5212.162,5252.932,1.476934716650993e-09,1.4666576479660738e-09,1.4940158795682593e-09,2.9671107060160656e-10,2.960425635929915e-10,3.050471592057813e-10
United States,2020,USA,339436106.0,18027359764480.0,-9.029,-37.549,1114.558,378.321,161.15,54.7,1.353,1.546,411.698,-18.863,-594.279,7530.67,2556.181,2278.455,773.39,-24.92,-989.092,8779.155,2979.962,19.128,10.444,4090.49,12050.84,4043.18,18.433,-7.33,-1948.1,72562.68,1.366,-9.128,-2003.399,7164.529,2431.9,58758.465,19944.744,60.148,81.489,-1.842,-156.757,8353.242,4784.907,1624.17,24609.174,-0.355,-32.98,27245.568,9248.13,40.171,34.129,1664.57,-0.941,-8.38,698.223,824.75,279.95,2057.01,6.924,2.853,0.16,52.108,4530.623,4746.932,1611.28,13347.498,39.852,18.511,47.31,1.157,-2.413,-55.969,2052.967,2327.036,789.88,6048.168,19.536,8.388,-12.173,-1252.363,9035.32,101.168,34.34,26618.619,-5.002,-436.963,24447.9,8298.5,0.849,36.916,232.24,72.79,18.09,-3.259,-7.824,214.444,53.294,684.193,1.8,0.447,0.949,11911.461,24630.395,2.009,108.077,2477.656,2419.896,821.4,7299.33,20.316,10.123,22.29,58.766,326.028,385.109,130.72,960.499,3.233,1.332,14.214,103.063,842.843,995.592,337.94,2483.069,8.358,3.444,USA,339436157.0,18027359764480.0,40.688,0.12,4714.628,-547.517,-10.405,4772.611,-547.697,-10.294,14.06,0.265,0.194,13.89,0.262,0.191,877.92,2.586,5186.863,15.281,0.288,2754.627,416830.25,543982.375,174425.266,2322.967,76906.578,127322.289,159022.312,1398.497,73294.336,1.366,67.749,0.2,1656.255,4.879,15.505,16.65,57.984,0.171,687.597,2.026,244.013,0.719,2047.544,6.032,0.072,24.472,24622.646,2.484,13.422,12.375,6.154,6.333,24.515,21.72,22.086,12.505,31.217,15.743,26.831,14.878,16.893,21.895,1.686,18.681,8.294,17.591,0.035,0.235,0.28,0.011,5651.509,5262.847,472.234,10.016,7.256268430088556e-05,1.388958690102064e-05,1.3662785522553455e-09,2.615262612825541e-10,26578.494,26768.988,25822.156,5262.145,5377.797,5212.162,1.4335330675374611e-09,1.476934716650993e-09,1.4666576479660738e-09,2.838181449888363e-10,2.9671107060160656e-10,2.960425635929915e-10
United States,2021,USA,340161392.0,19099377729536.0,9.917,37.518,1222.477,415.839,159.483,54.25,1.306,1.612,423.741,14.894,380.713,8633.826,2936.894,2639.923,898.0,8.344,248.646,9491.401,3228.608,21.62,11.383,4192.93,12326.297,4153.62,17.883,5.385,1326.434,76307.391,1.359,6.144,1225.385,7385.876,2512.39,62235.543,21170.129,60.487,82.05,0.132,11.007,8364.249,4642.473,1579.19,24589.061,2.124,196.429,27764.934,9444.559,38.02,32.418,1760.06,-11.959,-85.015,613.209,724.568,246.47,1802.7,5.934,2.377,3.296,100.808,4631.431,4824.857,1641.23,13615.393,39.513,17.95,39.31,0.938,-1.296,-31.591,2021.376,2292.0,779.65,5942.402,18.77,7.834,9.227,833.665,9868.985,103.48,35.2,29012.656,0.614,50.984,24545.656,8349.484,0.847,38.25,231.007,72.49,18.24,-0.531,-1.233,213.105,53.622,679.111,1.745,0.439,0.895,12210.733,25956.828,6.454,132.399,2610.055,2532.857,861.58,7672.991,20.743,10.116,25.781,83.043,409.071,483.359,164.42,1202.579,3.958,1.585,11.913,98.085,940.928,1111.825,378.2,2766.124,9.105,3.647,USA,340161441.0,19099377729536.0,41.312,0.121,5032.213,317.585,6.736,5125.842,353.231,7.401,15.069,0.268,0.197,14.794,0.263,0.194,1004.759,2.954,5569.804,16.374,0.292,2795.94,421862.469,549108.188,175430.031,2386.261,78565.703,127415.93,161261.203,1423.333,77023.773,1.359,63.294,0.186,1659.128,4.877,16.435,17.666,93.629,0.275,689.588,2.027,249.201,0.733,2238.883,6.582,0.073,24.837,25956.828,2.435,13.604,12.643,6.639,6.186,24.283,21.576,21.795,12.571,30.897,15.685,26.69,14.672,15.611,20.941,2.635,19.416,8.239,17.472,0.035,0.237,0.283,0.011,6009.153,5590.518,537.591,10.683,7.630738999327685e-05,1.4793602076726811e-05,1.3590405073700062e-09,2.634752331337997e-10,24630.395,26578.494,26768.988,4714.628,5262.145,5377.797,1.3662785522553455e-09,1.4335330675374611e-09,1.476934716650993e-09,2.615262612825541e-10,2.838181449888363e-10,2.9671107060160656e-10
United States,2022,USA,341533996.0,19493170446336.0,5.231,21.754,1281.259,437.593,151.815,51.85,1.21,1.661,410.367,-6.262,-183.919,8060.619,2752.975,2434.633,831.51,3.854,124.427,9817.576,3353.036,19.397,10.448,4328.1,12672.531,4286.89,18.123,2.141,555.682,77627.734,1.36,1.5,317.511,7487.424,2557.21,62915.082,21487.639,59.652,81.552,5.258,439.828,8804.077,4939.655,1687.06,25778.041,4.896,462.447,29007.379,9907.006,39.354,33.414,1759.2,0.928,4.171,617.38,728.361,248.76,1807.667,5.803,2.343,5.26,229.261,4860.691,5064.445,1729.68,14231.94,40.348,18.448,41.21,0.952,-1.04,-25.935,1995.441,2259.043,771.54,5842.583,17.998,7.573,0.624,61.602,9930.587,113.137,38.64,29076.424,6.717,560.866,26089.205,8910.351,0.901,37.69,223.473,70.01,18.16,-3.262,-7.535,204.987,53.172,654.32,1.633,0.424,0.848,12551.869,26512.51,9.277,255.196,2865.251,2805.402,958.14,8389.357,22.35,10.875,24.724,99.886,508.957,600.438,205.07,1490.209,4.784,1.932,14.834,136.92,1077.848,1271.616,434.3,3155.903,10.131,4.091,USA,341534041.0,19493170446336.0,41.418,0.121,5078.871,46.658,0.927,5181.144,55.302,1.079,15.17,0.266,0.195,14.871,0.261,0.192,942.357,2.759,5642.856,16.522,0.289,2837.357,426941.344,554289.312,176372.391,2449.554,80314.203,127518.195,163519.672,1448.17,78347.914,1.36,63.294,0.185,1748.499,5.12,16.544,17.764,102.273,0.299,695.298,2.036,249.715,0.731,2258.467,6.613,0.073,24.837,26504.305,2.587,13.619,12.688,6.205,6.063,24.059,21.435,21.507,12.636,30.634,15.63,26.54,14.478,15.705,22.153,2.888,18.963,8.24,17.356,0.035,0.239,0.285,0.011,6067.148,5650.342,563.985,11.105,7.762773343359915e-05,1.4870760715767085e-05,1.3600922473328795e-09,2.60546175081265e-10,25956.828,24630.395,26578.494,5032.213,4714.628,5262.145,1.3590405073700062e-09,1.3662785522553455e-09,1.4335330675374611e-09,2.634752331337997e-10,2.615262612825541e-10,2.838181449888363e-10
United States,2023,USA,343477286.0,19493170446336.0,13.148,57.535,1441.518,495.129,137.418,47.2,1.11,1.902,392.848,-17.355,-477.767,6624.044,2275.209,1965.516,675.11,-2.416,-81.025,9526.134,3272.011,15.87,8.739,4272.81,12439.862,4253.91,18.208,-1.116,-295.965,76326.867,1.36,-1.676,-360.087,7320.135,2514.3,61510.77,21127.553,59.106,81.147,0.912,80.318,8884.396,5258.165,1806.06,25866.035,4.271,423.095,30075.062,10330.101,42.456,34.123,1671.14,-3.919,-28.534,588.845,695.854,239.01,1714.365,5.619,2.262,3.044,48.001,4908.692,5064.702,1739.61,14291.17,40.894,18.853,18.9,0.442,0.432,-6.036,1989.405,2255.957,774.87,5791.955,18.215,7.641,0.376,37.361,9967.948,96.455,33.13,29020.691,8.274,737.268,28088.082,9647.618,0.779,38.285,209.104,65.65,18.45,-6.43,-14.368,191.133,53.715,608.786,1.543,0.434,0.803,12384.837,26216.545,4.552,54.037,2919.287,2808.745,964.74,8499.216,22.679,11.212,16.513,79.703,588.66,695.65,238.94,1713.824,5.617,2.261,-3.029,-40.299,1037.55,1226.107,421.14,3020.722,9.9,3.985,USA,343477332.0,19493170446336.0,39.714,0.116,4911.391,-167.48,-3.298,5027.1,-154.044,-2.973,14.636,0.266,0.192,14.299,0.261,0.188,776.767,2.261,5642.856,16.522,0.289,2877.072,431852.719,559316.438,177149.156,2512.848,82070.125,127633.906,165770.531,1473.007,77027.836,1.36,63.294,0.184,1755.923,5.112,15.92,17.162,115.708,0.337,683.538,1.99,247.675,0.721,2250.856,6.553,0.072,24.837,26189.199,2.531,12.996,12.138,5.044,5.949,23.828,21.289,21.203,12.694,30.388,15.575,26.383,14.296,15.402,22.227,3.192,18.436,8.248,17.239,0.035,0.241,0.288,0.011,5894.857,5468.23,563.985,11.105,7.63268666330382e-05,1.4299025124604105e-05,1.3449092374261646e-09,2.519544480217255e-10,26512.51,25956.828,24630.395,5078.871,5032.213,4714.628,1.3600922473328795e-09,1.3590405073700062e-09,1.3662785522553455e-09,2.60546175081265e-10,2.634752331337997e-10,2.615262612825541e-10
United States,2024,USA,345426519.0,19493170446336.0,5.759,28.514,1515.929,523.642,135.311,46.74,1.065,1.987,383.549,-3.498,-79.582,6356.278,2195.627,1889.722,652.76,-9.907,-324.169,8533.917,2947.841,14.879,8.333,4401.07,12740.973,4387.26,18.646,1.19,312.066,76799.578,1.36,0.185,39.018,7376.243,2547.95,61276.621,21166.57,58.076,80.33,1.549,137.597,9021.992,5398.746,1864.87,26118.412,-0.001,-0.057,29905.186,10330.044,42.506,34.24,1682.73,-1.124,-6.62,582.226,684.14,236.32,1685.527,5.387,2.21,5.669,274.185,5182.877,5324.75,1839.31,15004.284,41.924,19.67,13.81,0.314,0.917,18.245,2007.649,2263.81,781.98,5812.088,17.824,7.619,-0.191,-18.997,9948.951,87.776,30.32,28801.932,3.418,329.766,28884.244,9977.384,0.691,37.758,205.302,64.39,17.65,-1.818,-3.802,186.407,51.096,594.344,1.468,0.402,0.779,12700.993,26528.611,8.305,255.941,3175.228,3060.94,1057.33,9192.195,24.1,12.05,26.882,158.241,746.901,877.669,303.17,2162.256,6.91,2.835,7.673,79.608,1117.157,1312.725,453.45,3234.139,10.336,4.24,USA,343477332.0,19493170446336.0,39.714,0.116,4911.391,-167.48,-3.298,5027.1,-154.044,-2.973,14.636,0.266,0.192,14.299,0.261,0.188,776.767,2.261,5642.856,16.522,0.289,2877.072,431852.719,559316.438,177149.156,2512.848,82070.125,127633.906,165770.531,1473.007,77027.836,1.36,63.294,0.184,1755.923,5.112,15.92,17.162,115.708,0.337,683.538,1.99,247.675,0.721,2250.856,6.553,0.072,24.837,26189.199,2.531,12.996,12.138,5.044,5.949,23.828,21.289,21.203,12.694,30.388,15.575,26.383,14.296,15.402,22.227,3.192,18.436,8.248,17.239,0.035,0.241,0.288,0.011,5894.857,5468.23,563.985,11.105,7.679957832073664e-05,1.4299025124604105e-05,1.360918228927014e-09,2.519544480217255e-10,26216.545,26512.51,25956.828,4911.391,5078.871,5032.213,1.3449092374261646e-09,1.3600922473328795e-09,1.3590405073700062e-09,2.519544480217255e-10,2.60546175081265e-10,2.634752331337997e-10
